<?xml version="1.0" encoding="utf-8"?>
<COLLADA xmlns="http://www.collada.org/2005/11/COLLADASchema" version="1.4.1" xmlns:xsi="http://www.w3.org/2001/XMLSchema-instance">
  <asset>
    <contributor>
      <author>Blender User</author>
      <authoring_tool>Blender 4.4.3 commit date:2025-04-29, commit time:14:09, hash:802179c51ccc</authoring_tool>
    </contributor>
    <created>2025-05-08T13:07:05</created>
    <modified>2025-05-08T13:07:05</modified>
    <unit name="meter" meter="1"/>
    <up_axis>Z_UP</up_axis>
  </asset>
  <library_cameras>
    <camera id="Camera-camera" name="Camera">
      <optics>
        <technique_common>
          <perspective>
            <xfov sid="xfov">39.59775</xfov>
            <aspect_ratio>1.777778</aspect_ratio>
            <znear sid="znear">0.1</znear>
            <zfar sid="zfar">100</zfar>
          </perspective>
        </technique_common>
      </optics>
      <extra>
        <technique profile="blender">
          <shiftx sid="shiftx" type="float">0</shiftx>
          <shifty sid="shifty" type="float">0</shifty>
          <dof_distance sid="dof_distance" type="float">10</dof_distance>
        </technique>
      </extra>
    </camera>
  </library_cameras>
  <library_lights>
    <light id="Light-light" name="Light">
      <technique_common>
        <point>
          <color sid="color">1000 1000 1000</color>
          <constant_attenuation>1</constant_attenuation>
          <linear_attenuation>0</linear_attenuation>
          <quadratic_attenuation>0</quadratic_attenuation>
        </point>
      </technique_common>
      <extra>
        <technique profile="blender">
          <type sid="type" type="int">0</type>
          <flag sid="flag" type="int">0</flag>
          <mode sid="mode" type="int">2097153</mode>
          <red sid="red" type="float">1</red>
          <green sid="green" type="float">1</green>
          <blue sid="blue" type="float">1</blue>
          <energy sid="blender_energy" type="float">1000</energy>
          <spotsize sid="spotsize" type="float">75</spotsize>
          <spotblend sid="spotblend" type="float">0.15</spotblend>
          <clipsta sid="clipsta" type="float">0.04999995</clipsta>
          <clipend sid="clipend" type="float">40</clipend>
          <radius sid="radius" type="float">0.1</radius>
          <area_shape sid="area_shape" type="int">1</area_shape>
          <area_size sid="area_size" type="float">0.1</area_size>
          <area_sizey sid="area_sizey" type="float">0.1</area_sizey>
          <area_sizez sid="area_sizez" type="float">1</area_sizez>
        </technique>
      </extra>
    </light>
  </library_lights>
  <library_effects>
    <effect id="silver_metal-effect">
      <profile_COMMON>
        <technique sid="common">
          <lambert>
            <emission>
              <color sid="emission">0 0 0 1</color>
            </emission>
            <diffuse>
              <color sid="diffuse">0.8 0.8 0.8 1</color>
            </diffuse>
            <reflectivity>
              <float sid="specular">0.6833333</float>
            </reflectivity>
            <index_of_refraction>
              <float sid="ior">1.5</float>
            </index_of_refraction>
          </lambert>
        </technique>
      </profile_COMMON>
    </effect>
    <effect id="green_glass-effect">
      <profile_COMMON>
        <technique sid="common">
          <lambert>
            <emission>
              <color sid="emission">0 0 0 1</color>
            </emission>
            <diffuse>
              <color sid="diffuse">0.02823426 0.0500427 0.03072712 1</color>
            </diffuse>
            <index_of_refraction>
              <float sid="ior">1.5</float>
            </index_of_refraction>
          </lambert>
        </technique>
      </profile_COMMON>
    </effect>
    <effect id="blank_metal-effect">
      <profile_COMMON>
        <technique sid="common">
          <lambert>
            <emission>
              <color sid="emission">0 0 0 1</color>
            </emission>
            <diffuse>
              <color sid="diffuse">0.8 0.8 0.8 1</color>
            </diffuse>
            <reflectivity>
              <float sid="specular">1</float>
            </reflectivity>
            <index_of_refraction>
              <float sid="ior">1.5</float>
            </index_of_refraction>
          </lambert>
        </technique>
      </profile_COMMON>
    </effect>
  </library_effects>
  <library_images/>
  <library_materials>
    <material id="silver_metal-material" name="silver_metal">
      <instance_effect url="#silver_metal-effect"/>
    </material>
    <material id="green_glass-material" name="green_glass">
      <instance_effect url="#green_glass-effect"/>
    </material>
    <material id="blank_metal-material" name="blank_metal">
      <instance_effect url="#blank_metal-effect"/>
    </material>
  </library_materials>
  <library_geometries>
    <geometry id="shape0-mesh" name="shape0">
      <mesh>
        <source id="shape0-mesh-positions">
          <float_array id="shape0-mesh-positions-array" count="5898">0.01673001 -0.02771812 -0.0151484 0.01646363 -0.02804207 -0.0151484 0.01704835 -0.02914476 -0.0151484 0.01744484 -0.02907443 -0.0151484 0.01699209 -0.02672922 -0.0151484 0.01721596 -0.02692806 -0.0151484 0.01901954 -0.02868264 -0.0151484 0.0169059 -0.02856713 -0.0151484 0.01832211 -0.02916824 -0.0151484 0.01953405 -0.02781742 -0.0151484 0.0184338 -0.02674704 -0.0151484 0.01876395 -0.02936923 -0.0151484 0.01927632 -0.02788615 -0.0151484 0.0189684 -0.0271129 -0.0151484 0.01869887 -0.02649533 -0.0151484 0.01786577 -0.02667582 -0.0151484 0.0191468 -0.02682077 -0.01814836 0.0192191 -0.02914458 -0.01814836 0.01685088 -0.02903878 -0.01814836 0.0167787 -0.02671498 -0.01814836 0.01673001 0.02028119 -0.0151484 0.01646363 0.01995718 -0.0151484 0.01704835 0.01885449 -0.0151484 0.01744484 0.01892495 -0.0151484 0.01699209 0.02127009 -0.0151484 0.0172159 0.02107119 -0.0151484 0.01905077 0.01937115 -0.0151484 0.0169059 0.01943212 -0.0151484 0.01953405 0.02018189 -0.0151484 0.0184338 0.02125221 -0.0151484 0.01838618 0.01884084 -0.0151484 0.01927632 0.02011317 -0.0151484 0.0189684 0.02088642 -0.0151484 0.01876395 0.01863002 -0.0151484 0.01869887 0.02150398 -0.0151484 0.01786577 0.0213235 -0.0151484 0.0191468 0.02117848 -0.01814836 0.0192191 0.01885467 -0.01814836 0.01685088 0.01896053 -0.01814836 0.0167787 0.02128434 -0.01814836 -0.01926946 -0.02771812 -0.0151484 -0.01953572 -0.02804207 -0.0151484 -0.01895099 -0.02914476 -0.0151484 -0.0185545 -0.02907443 -0.0151484 -0.01900738 -0.02672922 -0.0151484 -0.01878345 -0.02692806 -0.0151484 -0.01909357 -0.02856713 -0.0151484 -0.01716434 -0.02889686 -0.0151484 -0.01671087 -0.02798235 -0.0151484 -0.01646542 -0.02781742 -0.0151484 -0.01756554 -0.02674704 -0.0151484 -0.01723539 -0.02936923 -0.0151484 -0.01786756 -0.0291838 -0.0151484 -0.01703107 -0.0271129 -0.0151484 -0.0173006 -0.02649533 -0.0151484 -0.01813364 -0.02667582 -0.0151484 -0.01685255 -0.02682077 -0.01814836 -0.01678031 -0.02914458 -0.01814836 -0.01914846 -0.02903878 -0.01814836 -0.01922065 -0.02671498 -0.01814836 -0.01926946 0.02028119 -0.0151484 -0.01953572 0.01995718 -0.0151484 -0.01895099 0.01885449 -0.0151484 -0.0185545 0.01892495 -0.0151484 -0.01900738 0.02127009 -0.0151484 -0.01878345 0.02107119 -0.0151484 -0.01694864 0.01937115 -0.0151484 -0.01909357 0.01943212 -0.0151484 -0.01646542 0.02018189 -0.0151484 -0.01756554 0.02125221 -0.0151484 -0.01761335 0.01884084 -0.0151484 -0.01672315 0.02011317 -0.0151484 -0.01703107 0.02088642 -0.0151484 -0.01723539 0.01863002 -0.0151484 -0.0173006 0.02150398 -0.0151484 -0.01813364 0.0213235 -0.0151484 -0.01685255 0.02117848 -0.01814836 -0.01678031 0.01885467 -0.01814836 -0.01914846 0.01896053 -0.01814836 -0.01922065 0.02128434 -0.01814836 0.02748566 -0.03386443 -0.01727372 0.02761691 -0.03391343 -0.01792967 0.02676069 -0.03323113 -0.01792609 0.0266326 -0.03309392 -0.01727557 0.02835983 -0.03316992 -0.0172761 0.02943813 -0.03352946 -0.01797986 0.02749872 -0.03312975 -0.01684838 0.02749902 -0.03242403 -0.01793164 0.02751147 -0.03239583 -0.017273 0.02641683 -0.03489774 -0.01792836 0.02718871 -0.03112 -0.01792275 0.02896893 -0.031654 -0.01793402 0.0255081 -0.03346544 -0.01793408 0.02836114 -0.03500407 -0.01793241 0.02581197 -0.03196418 -0.01793146 0.02903234 -0.03169137 -0.0169565 0.02948147 -0.03349894 -0.01696497 0.02842622 -0.03501862 -0.01696234 0.02632218 -0.0348165 -0.01696544 0.02551627 -0.03350692 -0.01697301 0.02575403 -0.03203636 -0.01696264 0.02711677 -0.03113418 -0.01696056 0.02689576 -0.03200501 -0.01693534 0.02738249 -0.0322057 -0.01662188 0.02667772 -0.03268271 -0.01659727 0.02647781 -0.03345888 -0.01685416 0.02723509 -0.03414428 -0.01663416 0.02789294 -0.03417992 -0.01688861 0.02857726 -0.03319448 -0.01689451 0.02818948 -0.03236699 -0.01677989 0.02753502 -0.03388351 -0.01641541 0.02729362 -0.03205895 -0.01644057 0.02845871 -0.03262847 -0.01648539 0.02829724 -0.03379231 -0.01656329 0.02679896 -0.03395473 -0.01625031 0.02648973 -0.03287798 -0.01635116 0.02764558 -0.03202372 -0.01521176 0.02852892 -0.03299653 -0.01529794 0.02800482 -0.03261554 -0.01505452 0.02794748 -0.03370416 -0.01516479 0.02786886 -0.0341916 -0.01538366 0.02639794 -0.03330373 -0.01548314 0.0269702 -0.03358846 -0.01525872 0.02772527 -0.0319913 -0.01561993 0.02700877 -0.03257507 -0.01536166 0.0282098 -0.0328961 -0.0154953 0.02847111 -0.0336458 -0.01573699 0.02762776 -0.03381252 -0.01559776 0.02675706 -0.03399515 -0.01584768 0.02672332 -0.03315114 -0.01572072 0.026865 -0.03221273 -0.01596611 0.02758771 -0.03243666 -0.01581948 0.02851057 -0.0326761 -0.01609069 0.0282244 -0.03334695 -0.01593661 0.02813434 -0.03396153 -0.01617163 0.02728021 -0.03378129 -0.01603573 0.02679187 -0.03295832 -0.01613384 0.02809911 -0.03259992 -0.01626342 0.02647721 -0.03284746 -0.01511657 0.02687764 -0.03399986 -0.01504158 0.02817904 -0.03396654 -0.01494956 0.02836161 -0.03238636 -0.01485139 0.0270403 -0.03377372 -0.01363843 0.0279361 -0.03423094 -0.01377213 0.02640914 -0.03323811 -0.01388001 0.02762448 -0.03197062 -0.0139876 0.0284993 -0.03370285 -0.01412093 0.02687799 -0.03402131 -0.0142318 0.02685654 -0.03283447 -0.01411783 0.02657485 -0.03255969 -0.01432961 0.0283032 -0.03227365 -0.01444637 0.02820116 -0.03337597 -0.0143221 0.02821213 -0.03392863 -0.01454615 0.02730685 -0.03376615 -0.01441085 0.02664452 -0.03388381 -0.0146507 0.02677619 -0.03232795 -0.01475787 0.02680516 -0.03278726 -0.01492571 0.02770221 -0.03389406 -0.01478582 0.02801829 -0.03262948 -0.0146467 0.02690637 -0.0326811 -0.01453727 0.02766549 -0.03244781 -0.01420676 0.02730315 -0.03388535 -0.01400321 0.02821338 -0.03291732 -0.01386827 0.0271275 -0.03251343 -0.01374441 0.02763116 -0.03423821 -0.01337373 0.02809387 -0.03210288 -0.01361382 0.02638131 -0.03299701 -0.01348596 0.02759408 -0.0324105 -0.01217937 0.02828598 -0.03224158 -0.01240783 0.02801358 -0.03412282 -0.0125336 0.02634263 -0.03322213 -0.01266294 0.02737516 -0.03246051 -0.01255857 0.02750176 -0.03204858 -0.01277315 0.02817839 -0.03288084 -0.01265162 0.02851331 -0.03281497 -0.01285701 0.02754449 -0.03389281 -0.01277101 0.027983 -0.03415322 -0.01295149 0.02665036 -0.03375113 -0.01303553 0.02662801 -0.0324698 -0.0131182 0.02679944 -0.03300166 -0.01288092 0.02768492 -0.03222829 -0.01328015 0.02755355 -0.03242748 -0.01298666 0.02856504 -0.032902 -0.01326555 0.02819854 -0.03337514 -0.01310586 0.02724677 -0.03377401 -0.01320612 0.02679836 -0.0330041 -0.01329261 0.0282076 -0.03322607 -0.01349747 0.02676481 -0.03321123 -0.01246625 0.02806234 -0.03371125 -0.01232784 0.02824825 -0.03400552 -0.01211804 0.02629882 -0.03315556 -0.01226001 0.02816832 -0.03228724 -0.01200819 0.02822917 -0.0322327 -0.01119881 0.02761381 -0.03245025 -0.01095181 0.02822422 -0.03317725 -0.01103997 0.02759414 -0.03382086 -0.01114583 0.02783858 -0.03424549 -0.01132893 0.02641409 -0.03327381 -0.01144725 0.02738714 -0.0324558 -0.01134717 0.02758318 -0.0319665 -0.01156669 0.02854073 -0.03351521 -0.01167678 0.0282002 -0.03290677 -0.01143682 0.02772045 -0.03380227 -0.01153951 0.02689313 -0.0341193 -0.01179313 0.02674227 -0.03321117 -0.0116567 0.02670013 -0.03234809 -0.01191467 0.02753216 -0.03242975 -0.01176404 0.02821058 -0.03314524 -0.0118708 0.02733582 -0.03384906 -0.0119819 0.02683395 -0.03294241 -0.0120812 0.02675789 -0.03319615 -0.011249 0.02637177 -0.03300267 -0.01102674 0.027336 -0.03415757 -0.01096093 0.02767884 0.02596998 -0.01727622 0.02781146 0.02599674 -0.01792973 0.0283485 0.02505451 -0.01727217 0.02818906 0.02498751 -0.01792621 0.02681744 0.025563 -0.01792627 0.02667737 0.02552664 -0.01727575 0.02749872 0.02526938 -0.01684838 0.02718621 0.02454209 -0.01792973 0.02730143 0.02456265 -0.017273 0.02551096 0.02470183 -0.0179342 0.02713632 0.02728807 -0.01793766 0.02578097 0.02635115 -0.01792627 0.02828896 0.02337151 -0.01792585 0.02663213 0.02343827 -0.01793617 0.02924275 0.02654451 -0.01791727 0.02937138 0.02452147 -0.01793736 0.02555561 0.02439206 -0.01695519 0.02591258 0.02654737 -0.0169605 0.02781271 0.02735775 -0.01696777 0.02946519 0.0258761 -0.01696097 0.02901971 0.02384376 -0.01695829 0.02730983 0.02324539 -0.01697409 0.02750265 0.02414584 -0.01688075 0.02855944 0.02512735 -0.01685822 0.02758479 0.0264135 -0.01689279 0.02638077 0.02534914 -0.01688677 0.02654051 0.02475804 -0.01660156 0.02810001 0.02619236 -0.01663911 0.0268259 0.0260716 -0.01654809 0.02803182 0.02458912 -0.01656216 0.02805984 0.02578192 -0.01645952 0.0274387 0.02419447 -0.01644432 0.02841258 0.02586996 -0.0162608 0.0283581 0.02468657 -0.01635372 0.02675557 0.0251711 -0.01508426 0.02651596 0.0246753 -0.01525998 0.02710795 0.02628535 -0.01536554 0.02865594 0.02546358 -0.01547968 0.02817589 0.02490979 -0.01532042 0.0273 0.02418595 -0.01559984 0.02642959 0.02529418 -0.01569521 0.02700698 0.02474021 -0.01543849 0.02711653 0.02592974 -0.01555293 0.02738463 0.02637141 -0.01578581 0.02864938 0.02490252 -0.01591569 0.02817261 0.02549207 -0.01566636 0.02749949 0.02451342 -0.01580733 0.02669918 0.02447402 -0.01604348 0.02681392 0.02552318 -0.01591813 0.02677029 0.02609241 -0.01615023 0.02772212 0.02592766 -0.01601934 0.02820312 0.0250436 -0.01612067 0.02726167 0.0246064 -0.01622188 0.02681577 0.02558416 -0.01633262 0.02759552 0.02599126 -0.01519596 0.02828168 0.02445834 -0.01513558 0.02808934 0.02624928 -0.01502394 0.02657622 0.02579754 -0.01491659 0.02678483 0.02443093 -0.01482546 0.028485 0.02584326 -0.01383453 0.02830111 0.02535212 -0.01366615 0.02726316 0.02458608 -0.0137906 0.02805519 0.02435535 -0.01393383 0.0263518 0.02484822 -0.014054 0.02763032 0.02636945 -0.01418286 0.02803969 0.02571588 -0.01402616 0.02805107 0.02483397 -0.01411437 0.02767926 0.024149 -0.01436334 0.02709341 0.02467793 -0.01421535 0.02636349 0.02547776 -0.01449388 0.02778911 0.02631705 -0.01460021 0.02840971 0.02541774 -0.01435863 0.02855753 0.02481848 -0.01470565 0.02803277 0.02478325 -0.014526 0.02788591 0.02600669 -0.01480793 0.0278117 0.0246188 -0.01495325 0.02683991 0.02487343 -0.01464807 0.02706629 0.0259025 -0.01434218 0.02689409 0.02573543 -0.01393014 0.02860558 0.02500128 -0.01347124 0.02647233 0.02583754 -0.01368778 0.02713561 0.02426058 -0.01358765 0.02826005 0.02434194 -0.01229304 0.02646076 0.02491629 -0.01242619 0.0269187 0.02572906 -0.01229751 0.02731388 0.02637767 -0.01254504 0.02849829 0.02560657 -0.01263135 0.02802824 0.02428323 -0.01271325 0.02824294 0.02547973 -0.01245111 0.02734905 0.02454066 -0.01256591 0.02682065 0.02543509 -0.01267302 0.02630025 0.02508944 -0.01286548 0.02750229 0.0263459 -0.01296091 0.02761322 0.02597999 -0.01277124 0.02863699 0.02493232 -0.01307243 0.02713084 0.02434867 -0.01323992 0.02730792 0.02454823 -0.0129792 0.02639818 0.02535915 -0.01326632 0.02689111 0.02567678 -0.01311033 0.02760988 0.02636659 -0.01337212 0.02802771 0.02576529 -0.01321101 0.02791106 0.02468723 -0.01333212 0.02695131 0.02579396 -0.013516 0.02820074 0.02520561 -0.01286029 0.02772814 0.02643632 -0.01214629 0.02639043 0.02504861 -0.01203382 0.02828884 0.02450799 -0.01101988 0.02664357 0.02456039 -0.01120018 0.02671748 0.02534455 -0.01102656 0.02683532 0.02613091 -0.01129937 0.02775406 0.02592366 -0.01115787 0.02864569 0.02564859 -0.01141452 0.02819782 0.02507168 -0.01125574 0.02696067 0.0241993 -0.01156944 0.02714794 0.02461016 -0.01137274 0.02664977 0.0258997 -0.0116834 0.02721738 0.02601349 -0.01151251 0.02801561 0.0262776 -0.01176738 0.02819442 0.02505457 -0.01167154 0.02827376 0.02431899 -0.01190263 0.02686244 0.02480429 -0.01182615 0.02759861 0.02601218 -0.01196342 0.02817958 0.0250836 -0.01206666 0.02727234 0.02455621 -0.01217067 0.02812504 0.02619314 -0.01098716 -0.02751362 0.02453517 -0.01727372 -0.02762031 0.02448683 -0.01792973 -0.02836632 0.0253055 -0.01727545 -0.0282396 0.02536737 -0.01792621 -0.02676689 0.0251584 -0.01792627 -0.0266394 0.02522891 -0.0172761 -0.02750051 0.02526938 -0.01684838 -0.02738273 0.0260533 -0.01792973 -0.02748781 0.02600377 -0.01727306 -0.02825564 0.02331686 -0.01793265 -0.02781045 0.02727913 -0.01792275 -0.0260303 0.0267452 -0.01793402 -0.02549612 0.02484369 -0.01792699 -0.0294817 0.02479827 -0.01793026 -0.02644604 0.02353954 -0.01793694 -0.02918726 0.02643495 -0.01793146 -0.02596688 0.02670776 -0.0169565 -0.02552974 0.02476483 -0.0169695 -0.02639108 0.02357876 -0.01695567 -0.02797758 0.0232613 -0.01696616 -0.02964729 0.02503508 -0.01696652 -0.02825301 0.02722197 -0.01696145 -0.02753478 0.02634561 -0.01687055 -0.02845078 0.02588349 -0.01686358 -0.02845609 0.0247426 -0.01685595 -0.02774626 0.02425205 -0.01662445 -0.0270577 0.02425175 -0.01688897 -0.02642172 0.02519536 -0.01689296 -0.02680975 0.0260322 -0.01677989 -0.02785748 0.02598333 -0.01659047 -0.02807724 0.02474904 -0.01647257 -0.02770555 0.02634024 -0.01644057 -0.02654045 0.02577066 -0.01648545 -0.02805382 0.0243687 -0.01625049 -0.02855604 0.02539885 -0.01633381 -0.02652299 0.02584034 -0.01527017 -0.02685201 0.02573662 -0.01506584 -0.02733963 0.02410036 -0.0153926 -0.02860438 0.02544265 -0.0155059 -0.028234 0.02544909 -0.0153225 -0.02736729 0.02633458 -0.01561546 -0.02707207 0.0258786 -0.01544445 -0.02634745 0.02500671 -0.01571351 -0.02692002 0.02487528 -0.0155428 -0.02824223 0.02440398 -0.01584768 -0.02797222 0.02467787 -0.01564496 -0.02758049 0.02605849 -0.01581984 -0.0281341 0.02618646 -0.01596611 -0.02666079 0.02591359 -0.01607489 -0.02664065 0.02459931 -0.01616483 -0.02686131 0.02492994 -0.01594805 -0.02770429 0.02460992 -0.01603209 -0.02820736 0.02544081 -0.01613384 -0.02709496 0.02590143 -0.01624435 -0.02686464 0.02473348 -0.01637053 -0.02741336 0.02454847 -0.01519751 -0.02847903 0.02594417 -0.01513361 -0.02786755 0.02426606 -0.01502645 -0.02633386 0.02509522 -0.01491338 -0.02736264 0.02631336 -0.01481431 -0.02745848 0.02458029 -0.01357311 -0.02833288 0.02532064 -0.01374304 -0.0274083 0.02644413 -0.01399135 -0.02687555 0.02575778 -0.01386141 -0.0265693 0.02457904 -0.01412099 -0.0286026 0.02486175 -0.01425486 -0.02805936 0.02575063 -0.01414299 -0.02773064 0.02631479 -0.01438188 -0.02659058 0.02581876 -0.01445561 -0.02670812 0.02531689 -0.01430219 -0.0267499 0.02446496 -0.01454514 -0.02773451 0.02443283 -0.01473027 -0.02804094 0.02475064 -0.01445519 -0.02859902 0.02552962 -0.01472097 -0.02825832 0.02545553 -0.01490873 -0.02678591 0.02556169 -0.01466804 -0.02790212 0.02584427 -0.01456522 -0.02769398 0.02451604 -0.01400822 -0.02866595 0.02507084 -0.01346987 -0.02776485 0.02417623 -0.0138005 -0.02638095 0.02518242 -0.01367717 -0.02743679 0.02635544 -0.01358962 -0.02740514 0.02598863 -0.01217937 -0.02671313 0.02615749 -0.01240783 -0.02710294 0.02417445 -0.0125491 -0.02750843 0.0245195 -0.01237744 -0.02863556 0.0252968 -0.01267164 -0.02812212 0.02576667 -0.0125091 -0.02749747 0.02635055 -0.01277315 -0.02682083 0.02551829 -0.01265162 -0.02648586 0.02558416 -0.01285701 -0.02745771 0.02450847 -0.01277011 -0.02701622 0.02424591 -0.01295149 -0.0283488 0.02464801 -0.01303565 -0.02837115 0.02592933 -0.0131182 -0.02819973 0.02539747 -0.01288092 -0.02731424 0.02617084 -0.01328015 -0.02744561 0.02597165 -0.01298666 -0.02643412 0.02549707 -0.01326555 -0.02680128 0.0250346 -0.01310771 -0.02713364 0.02426248 -0.01336121 -0.02775239 0.02462512 -0.01320612 -0.02820086 0.02539503 -0.01329261 -0.02679347 0.02517813 -0.0134986 -0.02681052 0.02526879 -0.01226484 -0.02870041 0.02524358 -0.01226001 -0.02674961 0.02438348 -0.01212227 -0.02683091 0.02611184 -0.01200824 -0.02676999 0.02616643 -0.01119881 -0.02738535 0.02594888 -0.01095181 -0.02677494 0.02522182 -0.01103997 -0.02740508 0.02457827 -0.01114583 -0.02716064 0.02415364 -0.01132893 -0.02858513 0.02512532 -0.01144725 -0.02761209 0.02594333 -0.01134717 -0.02741611 0.02643263 -0.01156669 -0.02644878 0.02512615 -0.01166898 -0.02679896 0.02549237 -0.01143682 -0.02727878 0.02459686 -0.01153951 -0.02794331 0.02412843 -0.01178056 -0.02825695 0.02518802 -0.0116567 -0.02829903 0.02605104 -0.01191473 -0.02746707 0.02596944 -0.01176404 -0.02678865 0.02525389 -0.0118708 -0.02766335 0.02455008 -0.0119819 -0.02816534 0.02545678 -0.0120812 -0.02824139 0.02520304 -0.011249 -0.02862745 0.02539646 -0.01102674 -0.02766323 0.02424162 -0.01096093 -0.02751356 -0.03386443 -0.01727372 -0.02738231 -0.03391343 -0.01792967 -0.02823853 -0.03323113 -0.01792609 -0.02836638 -0.03309392 -0.01727551 -0.0266394 -0.03316992 -0.0172761 -0.02556103 -0.03352946 -0.01797986 -0.02750051 -0.03312975 -0.01684838 -0.02750015 -0.03242403 -0.01793164 -0.02748769 -0.03239583 -0.017273 -0.02869153 -0.03478866 -0.01793849 -0.02781045 -0.03112 -0.01792275 -0.0260303 -0.031654 -0.01793402 -0.02949106 -0.03346544 -0.01793408 -0.02681761 -0.0351153 -0.01792699 -0.02918726 -0.03196418 -0.01793146 -0.0260334 -0.03164649 -0.01695346 -0.02549588 -0.03354763 -0.01697337 -0.02668917 -0.03504413 -0.0169574 -0.0286771 -0.0348165 -0.01696544 -0.02948296 -0.03350698 -0.01697301 -0.02924513 -0.03203636 -0.01696264 -0.02788239 -0.03113418 -0.01696056 -0.02738219 -0.03203672 -0.01688051 -0.02845346 -0.03250843 -0.01687186 -0.02840018 -0.03376549 -0.01682186 -0.02740615 -0.03420013 -0.01683354 -0.02671289 -0.03377425 -0.01657909 -0.02640992 -0.03296667 -0.01681721 -0.0268923 -0.03226161 -0.01656383 -0.02821624 -0.03264385 -0.01655817 -0.02746421 -0.03388351 -0.01641541 -0.0282002 -0.03395473 -0.01625031 -0.02840065 -0.03247177 -0.0163905 -0.02652299 -0.03255885 -0.01527017 -0.02685201 -0.03266251 -0.01506578 -0.0271303 -0.0341916 -0.01538366 -0.02734988 -0.03382754 -0.01518893 -0.02860122 -0.03330373 -0.01548314 -0.02823156 -0.03318965 -0.01530629 -0.02727389 -0.0319913 -0.01561993 -0.02734684 -0.0324009 -0.015419 -0.02652812 -0.0336458 -0.01573699 -0.02693194 -0.03369408 -0.01555812 -0.02824223 -0.03399515 -0.01584768 -0.0282011 -0.03332597 -0.0157001 -0.02813309 -0.03221333 -0.01596671 -0.02768307 -0.03244566 -0.01579469 -0.02666079 -0.0324856 -0.01607489 -0.02683079 -0.03287982 -0.01588803 -0.0266543 -0.03381443 -0.01615715 -0.02739751 -0.03387868 -0.01600021 -0.02820736 -0.03295832 -0.01613384 -0.02690005 -0.03259992 -0.01626342 -0.02847898 -0.0324549 -0.01513361 -0.02740997 -0.0342949 -0.01499819 -0.02646398 -0.03287404 -0.01488637 -0.02736258 -0.03208577 -0.01481425 -0.02745842 -0.03381884 -0.01357311 -0.02833288 -0.03307849 -0.01374304 -0.02740836 -0.031955 -0.01399135 -0.02687555 -0.03264141 -0.01386141 -0.0265693 -0.03382003 -0.01412099 -0.0286026 -0.03353738 -0.01425486 -0.0281772 -0.0327515 -0.01413089 -0.02773064 -0.0320844 -0.01438188 -0.02659058 -0.03258043 -0.01445561 -0.02670812 -0.03308218 -0.01430219 -0.0267499 -0.03393417 -0.01454514 -0.02807712 -0.03378772 -0.01451414 -0.02859902 -0.03286951 -0.01472097 -0.02739405 -0.03385782 -0.01478242 -0.02825832 -0.0329436 -0.01490873 -0.02682882 -0.03278535 -0.01466363 -0.02790212 -0.03255492 -0.01456522 -0.0275287 -0.0338695 -0.01399284 -0.02866595 -0.03332835 -0.01346987 -0.02776485 -0.0342229 -0.0138005 -0.02638095 -0.03321671 -0.01367717 -0.02743679 -0.03204375 -0.01358962 -0.02740514 -0.0324105 -0.01217937 -0.02671319 -0.03224158 -0.01240783 -0.02710294 -0.03422468 -0.0125491 -0.02750843 -0.03387963 -0.01237744 -0.02863556 -0.03310233 -0.01267164 -0.02812212 -0.03263247 -0.0125091 -0.02749747 -0.03204858 -0.01277315 -0.02682083 -0.03288084 -0.01265162 -0.02648586 -0.03281497 -0.01285701 -0.02745771 -0.03389072 -0.01277011 -0.02701622 -0.03415322 -0.01295149 -0.0283488 -0.03375113 -0.01303553 -0.02837115 -0.0324698 -0.0131182 -0.02819973 -0.03300166 -0.01288092 -0.02731424 -0.03222829 -0.01328015 -0.02744561 -0.03242748 -0.01298666 -0.02643412 -0.03290206 -0.01326555 -0.02680069 -0.03337514 -0.01310586 -0.02712947 -0.03413861 -0.01335942 -0.02775239 -0.03377401 -0.01320612 -0.0282008 -0.0330041 -0.01329261 -0.02679347 -0.033221 -0.01349854 -0.02681052 -0.03313034 -0.01226484 -0.02870041 -0.03315556 -0.01226001 -0.02674961 -0.03401571 -0.01212227 -0.02683091 -0.03228724 -0.01200819 -0.02799052 -0.03233742 -0.01099342 -0.02676999 -0.0322327 -0.01119881 -0.02677494 -0.03317731 -0.01103997 -0.02740508 -0.03382086 -0.01114583 -0.02716064 -0.03424555 -0.01132893 -0.02858513 -0.03327381 -0.01144725 -0.02741611 -0.0319665 -0.01156669 -0.02706474 -0.03245437 -0.0114091 -0.02645003 -0.03327363 -0.01166957 -0.02744901 -0.03389674 -0.01156091 -0.02794331 -0.0342707 -0.01178056 -0.02818232 -0.03297108 -0.01168054 -0.02829903 -0.03234809 -0.01191467 -0.02746707 -0.03242975 -0.01176404 -0.02678865 -0.03314524 -0.0118708 -0.02766335 -0.03384906 -0.0119819 -0.02816534 -0.03294241 -0.0120812 -0.02824139 -0.03319615 -0.011249 -0.02837473 -0.03389042 -0.01100015 0.02497315 -0.01036691 0.01436787 0.02216583 -0.01663625 0.01436567 0.02409476 -0.01264321 0.01316791 0.02546679 -0.007276356 0.01230603 0.02531164 6.15513e-5 0.0143693 0.02562117 -0.002674639 0.01222109 0.02515399 0.001094698 0.012506 0.02408593 0.004738271 0.01317256 0.02227979 0.008891761 0.01436609 0.02214437 0.008746683 0.01436263 0.01988774 0.01219707 0.0147174 0.02224338 0.009570598 0.01321393 0.02056723 0.01231592 0.01376044 0.01267898 0.0181598 0.01436567 0.01648092 0.01571029 0.01471018 0.01797235 0.0151568 0.01395934 0.01452559 0.01796478 0.01334702 0.02424985 -0.01251471 0.01458168 0.02561497 -0.006166458 0.01455873 0.02489453 -0.009661972 0.01436829 0.02549821 -0.002252519 0.01436805 0.02400541 0.004015386 0.01487135 0.02489537 0.001797556 0.01436829 0.02354174 0.0060395 0.01437062 0.01931411 -0.0206961 0.01474899 0.02167546 -0.01788902 0.01383662 0.01900887 -0.02196025 0.01393961 0.02161991 -0.01904577 0.01342922 0.01228553 -0.02578526 0.01487475 0.01285243 -0.02601552 0.01443105 0.01682084 -0.02339422 0.014521 0.01476818 -0.0258454 0.01328349 0.01346069 -0.02590888 0.01369422 0.01728427 -0.02383714 0.01377654 -0.01265281 -0.02609175 0.01435619 -0.009964227 -0.02747207 0.01436758 -0.004481256 -0.02912181 0.01436549 2.08004e-4 -0.02930063 0.01487076 0.001280844 -0.02946257 0.0143674 0.006352365 -0.02869266 0.01436734 0.01053363 -0.02720266 0.01436841 -0.01461887 -0.02480131 0.01468467 -0.01763838 -0.02247124 0.01475411 -0.02217459 -0.01661133 0.0143581 -0.01618802 -0.02458953 0.01369577 -0.01410615 -0.02604633 0.01321792 -0.01852953 -0.0224601 0.01396811 -0.01141136 -0.02716296 0.01288104 -0.009796857 -0.02753156 0.01345783 -0.008487641 -0.02883189 0.01162767 -0.007453501 -0.02840012 0.01290982 -0.002862811 -0.02953475 0.01172786 -5.5415e-4 -0.03016102 0.01090073 -0.004112482 -0.02924174 0.01240587 -1.31584e-4 -0.02957826 0.01219564 0.007101297 -0.02906644 0.01154363 0.002543807 -0.0294243 0.01227909 0.006378412 -0.02876704 0.01271224 0.009936094 -0.02752459 0.01347965 -0.02035981 -0.02026855 0.01386559 -0.0209887 -0.01875734 0.01443815 -0.02249705 -0.01772201 0.0130068 -0.02497482 0.002506852 0.01436787 -0.02216744 0.008775949 0.01436567 -0.02409631 0.004783332 0.01316803 -0.02546846 -5.83826e-4 0.01230603 -0.02531337 -0.007921814 0.0143693 -0.02562284 -0.005185604 0.01222109 -0.0251556 -0.008955776 0.01250612 -0.02408659 -0.01260179 0.01317334 -0.0222488 0.008601546 0.01432859 -0.02222424 0.007662177 0.01487445 -0.02419596 0.004269123 0.01436829 -0.02496659 -0.001056492 0.01486855 -0.02537113 -6.24825e-4 0.01436632 -0.02549988 -0.005607724 0.01436805 -0.02384126 -0.01247698 0.01487869 -0.02476304 -0.01028424 0.01436734 -0.02327024 -0.01447653 0.0143705 -0.01895529 0.01322501 0.01474124 -0.01679652 0.01534634 0.01474624 -0.008008837 0.02022892 0.01474642 0.006795406 0.02071774 0.01473599 -0.001301825 0.02165108 0.01436918 -0.005306005 0.0211752 0.01253718 -0.009913325 0.0196653 0.01347613 0.007903516 0.02047902 0.01296633 0.002489686 0.0216183 0.01226079 -0.02118051 0.01060509 0.0142638 -0.02213317 0.01039582 0.01318722 -0.02079629 0.01263201 0.01355379 -0.01819431 0.01513147 0.01387882 -0.01484245 0.01763361 0.01350969 0.009276151 0.01988548 0.01331573 0.007716417 0.02105492 0.01164573 0.00197649 0.02158504 0.01224082 5.52385e-4 0.02230978 0.0108689 0.00583291 0.02103596 0.01262164 -0.004718363 0.02155321 0.01157534 -0.001437008 0.02167195 0.01221406 -0.009992599 0.02040839 0.01194888 -0.009279191 0.01983314 0.01331669 -0.01312923 0.01792502 0.01451182 -0.005746304 0.02104824 0.01260948 0.02054089 0.008422315 0.01486831 0.01223939 0.01685804 0.01486831 -0.01765036 0.01222825 0.01486831 -0.021811 -0.01410615 0.01486831 -0.01475167 -0.02282363 0.01486831 0.01804161 -0.01959478 0.01486831 0.02366369 -3.82382e-4 0.01486831 -0.02200073 0.00539267 0.01486831 -0.02395623 -0.003101885 0.01486831 0.001449286 0.01995486 0.01486831 -0.003977954 -0.0277242 0.01486831 0.009622395 -0.02605175 0.01486831 0.02301645 -0.01096153 0.01486831 -0.009021639 0.01838254 0.01486831 -0.003887236 0.02001988 0.01567804 -0.01605045 0.01434755 0.01567786 -0.02054262 0.008422315 0.01567822 -0.02366548 -3.82757e-4 0.01567822 -0.02301806 -0.01096177 0.01567822 -0.01804322 -0.01959478 0.01567822 -0.009624183 -0.0260517 0.01567822 0.003976285 -0.0277242 0.01567822 0.01475012 -0.02282345 0.01567822 0.02180927 -0.01410621 0.01567822 0.02395457 -0.003101766 0.01567822 0.0215817 0.007088959 0.01567822 0.01764857 0.01222825 0.01567822 0.009019851 0.0183826 0.01567822 0.008991539 0.01896435 0.01567822 0.01721554 0.01374286 0.01567822 0.003189504 -0.02846026 0.01567816 0.01944816 -0.01898562 0.01567822 0.01285392 -0.02499574 0.01567816 -0.009708285 0.01866847 0.01567822 0.02422279 3.29967e-4 0.01567822 0.0240451 -0.009883165 0.01567822 -0.007345438 -0.02740484 0.01567822 -0.0220052 -0.01499754 0.01567822 0.002221167 0.02053231 0.01567822 -0.01574522 -0.02298551 0.01567822 -0.02468591 -0.005209445 0.01567822 -0.02241039 0.006623089 0.01567822 0.01448768 -0.02368867 0.01801896 0.02047979 -0.01731246 0.01806193 0.02425986 -0.008299887 0.01795238 0.02394402 9.13293e-4 0.01804506 0.02109575 0.00852257 0.01803284 0.01403981 0.01626652 0.01804155 0.00537765 0.0200271 0.01805925 4.89577e-4 0.02068161 0.01774579 0.00631988 -0.02772223 0.01776283 -0.007337272 0.01943308 0.0180093 -0.01597958 0.01479166 0.01797294 -0.02132564 0.007985532 0.0180158 -0.02370011 0.002655208 0.01774901 -0.02442824 -0.002608597 0.01803076 -0.02370011 -0.01051557 0.01774895 -0.0210126 -0.01637059 0.01802903 -0.01775604 -0.0209096 0.01774871 -0.0140534 -0.0239191 0.01804471 -0.007556915 -0.02723145 0.01797354 0.001774311 -0.02843457 0.01804971 -0.02324187 -0.009009778 0.01823282 -0.0204966 0.007849991 0.01810806 -0.01365607 -0.02327013 0.01810562 -0.008786261 0.01786661 0.01811587 -0.01477515 0.01443231 0.01811695 -0.005447268 -0.02682256 0.01811641 0.01576131 -0.021595 0.01810759 0.01477015 0.01444739 0.01811468 0.007202923 0.01852035 0.01811468 -0.001816391 0.01961088 0.01811879 -0.02326405 -3.66293e-4 0.01811105 0.001697242 -0.02742272 0.01811242 0.00836879 -0.02589792 0.0181154 0.01968187 0.008934378 0.0181151 -0.01968365 -0.0167945 0.0181151 0.02168399 -0.01321482 0.01810878 0.02339589 -0.006226897 0.0181151 0.02294296 0.001671791 0.01811426 -0.02296841 -0.008745849 0.01695537 -0.02030622 -0.01556026 0.0169484 -0.01618498 -0.02087157 0.01694828 -0.0106967 -0.0247429 0.0169484 -0.003275752 -0.02719444 0.0169481 0.004512727 -0.02689832 0.01693356 0.01162773 -0.02430343 0.01694738 0.01880437 -0.01810598 0.0169292 0.02251517 -0.01035684 0.01695489 0.02342534 -0.002165257 0.01691913 0.02093237 0.006669402 0.01694995 0.01701515 0.01209813 0.01694852 0.01227444 0.01602387 0.01694077 0.006120443 0.0186575 0.01695376 -5.70256e-4 0.01948666 0.01693356 -0.009966492 0.01744949 0.01695847 -0.01667779 0.01246559 0.01694542 -0.02080368 0.00690186 0.01691633 -0.02323001 -9.13999e-4 0.01692771 -0.01467281 -0.0293805 0.01122307 -0.0139296 -0.03054934 0.01052957 0.01394098 -0.03045481 0.01057195 0.01477116 -0.02934151 0.01125144 -0.01502311 -0.02930366 0.007274091 -0.02973306 -0.02888619 0.008758485 -0.0265032 -0.02880293 0.01012641 -0.02102875 -0.02907741 0.01126366 -0.002048969 -0.03043353 0.007638931 -0.002133846 -0.03180176 0.007463335 -0.01400619 -0.03039497 0.008205711 -0.01465892 -0.03329515 0.008989632 -0.01402187 -0.03212118 0.009526014 -0.01500517 -0.03304696 0.008835732 -0.01447224 -0.03277802 0.007079303 -0.002064526 -0.03264582 0.006507337 -0.002064645 -0.02960234 0.006773293 -0.002064049 -0.02964085 -5.90168e-4 -0.0020805 -0.03214907 -0.00117141 -0.002051234 -0.03269988 -1.14618e-4 -0.002077341 -0.03089129 -0.001493275 -0.02098768 -0.03021913 -0.001843929 -0.02130836 -0.02922213 -0.001014888 -0.02139854 -0.03309255 -8.202e-4 -0.02100026 -0.03224068 -0.001793444 -0.03238874 -0.02989876 -0.0132519 -0.02532452 -0.0334326 0.008821845 -0.0309661 -0.03376597 0.004093468 -0.02993911 -0.03395199 0.006286859 -0.02845543 -0.03372889 0.007795155 -0.02661901 -0.03361219 0.008665144 -0.0280829 -0.03329926 0.007723987 -0.03030884 -0.03335553 0.00555253 -0.03098052 -0.02863889 0.007621169 -0.03162986 -0.02881282 0.005968034 -0.03231936 -0.02887773 -0.01194316 -0.03233861 -0.03272819 -0.01305586 -0.03178668 -0.03380018 -0.01044023 -0.03170073 -0.03336155 -0.01105731 -0.02717435 -0.03544014 0.006233692 -0.02802807 -0.03568255 0.004672706 -0.02989274 -0.03480958 0.004654586 -0.02829426 -0.03451478 0.007174432 -0.02605873 -0.03480947 0.007707059 -0.03242754 -0.03241848 -0.01409816 -0.03183054 -0.03414624 -0.01409518 -0.02950918 -0.03618931 -0.01409804 0.02919983 -0.03614777 -0.01409196 0.03101593 -0.0338521 0.00342679 0.02993595 -0.03478384 0.004603207 0.03024601 -0.03387641 0.005877017 0.02807104 -0.03481066 0.006919503 0.02885133 -0.03380942 0.00747472 0.02835512 -0.03548693 0.005108118 0.02716892 -0.03375488 0.008456945 0.02657759 -0.03562873 0.005991518 0.02602499 -0.03467184 0.007887959 0.01399815 -0.03212749 0.009572446 0.01492184 -0.03340846 0.008914589 0.01495313 -0.0329886 0.008734822 0.02533638 -0.03354084 0.008796036 0.0308516 -0.03336673 0.003424406 0.02726316 -0.03328531 0.008177518 0.03012436 -0.03337955 0.005978465 0.03148567 -0.03339415 -0.01021546 0.03226286 -0.03267204 -0.01418721 0.0316466 -0.03446453 -0.01409184 0.03179627 -0.03374356 -0.01033884 0.01447004 -0.03277266 0.0070827 0.01493722 -0.02932423 0.00734812 0.01398974 -0.0304954 0.008206427 0.002058506 -0.03079164 0.007747173 0.002074778 -0.02962714 0.00688225 0.002075314 -0.0325613 0.006801724 0.02866005 -0.02889418 0.009322047 0.02031749 -0.02907168 0.01132535 0.02576756 -0.02896976 0.01028954 0.002077043 -0.03266537 -4.23469e-4 0.002075791 -0.02968949 -7.6232e-4 0.00203979 -0.03142297 -0.001514256 0.02100652 -0.03228688 -0.001779556 0.02142053 -0.03310698 -7.67461e-4 0.02130752 -0.02922534 -0.001031637 0.02098464 -0.03021389 -0.001841843 0.03238707 -0.02975177 -0.01319861 0.0323857 -0.03223133 -0.01328688 0.03210937 -0.03319311 -0.0121327 0.03230959 -0.02885311 -0.01169842 0.0315755 -0.02884042 0.006224632 0.0306999 -0.02871876 0.007967412 0.03163754 -0.02664583 0.005970299 0.03069818 -0.0266329 0.007993459 0.02740508 -0.02657669 0.01002973 0.02167427 -0.02667754 0.01199817 0.02043855 -0.02283418 0.01320075 0.01847279 -0.02470511 0.01319253 0.01836109 -0.02589738 0.01255393 0.01816934 -0.02533698 0.01297676 0.0189175 -0.02645587 0.01249426 0.01953971 -0.02628833 0.01212936 0.02224516 -0.0222088 0.01266044 0.02088922 -0.02255171 0.01094651 0.02444541 -0.02205318 0.01179862 0.002171397 -0.02380186 0.01091367 0.00203675 -0.02285379 0.01017284 0.01813459 -0.02543866 0.01120424 0.01909142 -0.02620911 0.01045912 0.002038896 -0.02520221 0.01078915 0.002168715 -0.02592372 0.009838044 0.002077043 -0.025864 -4.27599e-4 0.002045094 -0.02473932 -0.001468122 0.02091002 -0.02434283 -0.002066493 0.02126669 -0.02621495 -0.001085937 0.002076566 -0.02323877 -0.001120567 0.002079844 -0.02274209 -3.57675e-5 0.02127337 -0.02244728 -0.001092672 0.03238397 -0.02286612 -0.01312959 0.03230541 -0.0265643 -0.01189452 0.03238165 -0.02538371 -0.01332753 0.03229367 -0.02203154 -0.01154506 0.03155612 -0.02201795 0.006399214 0.0302993 -0.02202934 0.00832498 0.03158324 -0.01982766 0.006197631 0.03049349 -0.01983761 0.008164644 0.02323395 -0.01850825 0.01249861 0.02381843 -0.0195555 0.01213884 0.02370697 -0.01945847 0.009502291 0.02327758 -0.01849561 0.01016688 0.0101791 -0.01827526 0.009850919 0.02463531 -0.01563823 0.009800314 0.0120542 -0.01657676 0.00984621 0.02479481 -0.01543027 0.01157277 0.01275968 -0.01578307 0.009119749 0.01272815 -0.01581323 -8.05242e-4 0.009124338 -0.01877844 0.009075462 0.009194314 -0.01917678 0.009092569 0.01012086 -0.01835978 -0.001556277 0.009015262 -0.01884377 -4.30592e-4 0.009166121 -0.01917868 -6.27152e-4 0.0208972 -0.01721853 -0.002052128 0.02126085 -0.0193845 -0.001179695 0.01177543 -0.01682585 -0.001618444 0.02132195 -0.01560384 -9.86819e-4 0.03050732 -0.01524949 0.008151292 0.03238207 -0.01610934 -0.01315528 0.03230482 -0.01976191 -0.01189702 0.0323441 -0.01874375 -0.01318293 0.03241044 -0.01856189 -0.01341164 0.03241121 -0.0166915 -0.01344066 0.03229469 -0.01523607 -0.01157361 0.03161156 -0.01519697 0.006122112 0.02579009 -0.01292788 0.01103997 0.03152281 -0.01304954 0.006555259 0.03033649 -0.01303219 0.008301377 0.032305 -0.01296228 -0.01189798 0.03239071 -0.01195085 -0.01324391 0.02144604 -0.01273053 -6.80891e-4 0.02101337 -0.01191568 -0.001774907 0.03238952 -0.009537637 -0.01325345 0.02593106 -0.01273053 0.01058757 0.02509391 -0.01211524 0.01086801 0.02520936 -0.01208758 0.01138669 0.01571542 -0.01154941 -0.001654148 0.01534986 -0.01239854 -9.94066e-4 0.01671981 -0.008847296 -5.98034e-4 0.0214414 -0.00873351 -7.16667e-4 0.02100223 -0.009572625 -0.001779139 0.01629453 -0.01017057 -0.001806855 0.03230971 -0.008482336 -0.01189082 0.01535528 -0.01253265 0.009848952 0.01614046 -0.01060163 0.01037502 0.01535391 -0.01221084 0.01044118 0.01670438 -0.008916676 0.009844124 0.02602952 -0.009076237 0.01037603 0.03166615 -0.008409321 0.005689561 0.02714473 -0.008635878 0.009987235 0.02625691 -0.008713185 0.01074695 0.03016686 -0.008470237 0.00842607 0.03115212 -0.008189916 0.007389247 0.03161221 -0.006219506 0.006028652 0.03062266 -0.006258428 0.008107244 0.0267806 -0.006053328 0.01045525 0.02720123 -0.005992591 0.009873509 0.02620804 -0.005534172 0.0102213 0.02622544 -0.002299249 0.01023042 0.02637767 -0.002059102 0.01071625 0.01735413 -0.005733191 0.009597301 0.01751267 -0.005295336 0.0100007 0.01737362 -0.005719423 -9.64191e-4 0.01743561 -0.002559781 0.00996226 0.01736694 -0.002113461 0.009572267 0.01743698 -0.004015326 -0.001784682 0.01741158 -0.002682209 -0.001569867 0.01738023 -0.002057909 -5.4762e-4 0.0174058 -0.004937887 -0.001631498 0.02099305 -0.004993498 -0.001807153 0.02140331 -0.005909979 -8.21017e-4 0.03239476 -0.005063354 -0.01329064 0.02144157 -0.001934409 -7.16496e-4 0.02100569 -0.002783775 -0.001785337 0.03238469 -0.002546489 -0.01318979 0.03231793 -0.006189703 -0.01190948 0.03231084 -0.001649498 -0.01171213 0.03149813 -0.001625657 0.006619334 0.02777814 -0.001767039 0.009809195 0.03016453 -0.001634836 0.008436262 0.02996677 5.8703e-4 0.008581817 0.03150737 5.41182e-4 0.006658494 0.0259115 0.001177251 0.01031482 0.02715927 7.31656e-4 0.01016414 0.02615594 0.001161873 0.01072353 0.02166974 -0.01749533 0.01439213 0.02395969 -0.0127688 0.0132128 0.02509129 -0.01041865 0.01177 0.02495068 -0.009777426 0.01262325 0.02628654 -0.005273759 0.01078313 0.02552425 -0.005909681 0.01224154 0.02568995 -8.62409e-4 0.01148438 0.02415353 0.005353271 0.01233685 0.02222365 -0.01651811 0.01431566 0.02558189 -0.002421617 0.01222372 0.02512252 0.001243591 0.01253217 0.02394515 0.005164921 0.01326119 0.02524358 0.004010796 0.01135671 0.01670271 0.001088321 0.009963512 0.02521198 0.004284799 0.01107734 0.02491867 0.004410028 0.01082122 0.02590107 0.004869461 0.01069819 0.02584338 0.005055606 0.01101756 0.01607751 0.002816319 0.01031577 0.01535451 0.004329562 0.01048392 0.0154075 0.004619956 0.01028728 0.01530337 0.004624783 -6.14161e-4 0.01672112 9.92089e-4 -6.55908e-4 0.01563686 0.003877103 -0.001606047 0.01644241 0.002547442 -0.001791954 0.01620262 0.002453148 -0.001645386 0.01642429 0.002540588 -0.001786828 0.01641082 0.002535641 -0.001784086 0.01639306 0.002529263 -0.001779377 0.01641982 0.002538919 -0.001786053 0.01648736 0.001933336 -0.001697838 0.02089816 0.002838969 -0.002053976 0.02129906 9.44187e-4 -0.001041412 0.02130568 0.004798829 -0.001044273 0.03026616 0.005176424 0.008365571 0.03238821 0.004143953 -0.01322424 0.03228712 5.79658e-4 -0.0115202 0.03237545 0.001374959 -0.01311141 0.03230458 0.005130112 -0.01180815 0.03155595 0.005186796 0.006410658 -0.0307427 -0.02662748 0.00794506 -0.0316388 -0.02663451 0.005906701 -0.02695339 -0.02656728 0.01025563 -0.01955968 -0.02629321 0.01212906 -0.02145087 -0.02666538 0.01199704 -0.03238022 -0.02594918 -0.01304483 -0.03229141 -0.02662879 -0.01147377 -0.02097719 -0.02515512 -0.001856923 -0.02127277 -0.02620691 -0.001100063 -0.002071321 -0.02577471 -7.05723e-4 -0.03228777 -0.02202755 -0.01141691 -0.02144706 -0.02234399 -7.33971e-4 -0.03238183 -0.02273225 -0.01306462 -0.0210089 -0.02314674 -0.001770973 -0.002075076 -0.02417552 -0.001529753 -0.002038121 -0.02286517 -6.12757e-4 -0.002072513 -0.02584701 0.01008343 -0.002055585 -0.02469635 0.01095879 -0.01896256 -0.02619385 0.01050204 -0.01816231 -0.0253694 0.01122289 -0.002205908 -0.02336561 0.01073312 -0.002069771 -0.02279388 0.009994626 -0.02089965 -0.02254635 0.01094949 -0.0185495 -0.0263763 0.01257371 -0.01821202 -0.02576345 0.01261591 -0.01831865 -0.02492654 0.01313704 -0.02077335 -0.02258366 0.01316112 -0.02294445 -0.02218621 0.01247811 -0.03029012 -0.02204364 0.008325517 -0.03153949 -0.02201843 0.006480515 -0.02418315 -0.01964443 0.01192253 -0.03047406 -0.01980954 0.008176445 -0.03154951 -0.01985222 0.006379187 -0.02331936 -0.01912075 0.01245349 -0.02330476 -0.01826333 0.01244479 -0.0323792 -0.01908838 -0.01307868 -0.03228992 -0.01984179 -0.01141345 -0.02100354 -0.01866108 -0.001790881 -0.02142435 -0.01950484 -7.77964e-4 -0.02323365 -0.0188682 0.01007783 -0.02417588 -0.01957041 0.009176909 -0.009106993 -0.01914644 -6.65417e-4 -0.009124934 -0.01919114 0.00899887 -0.01030147 -0.01821416 -0.001595616 -0.009562313 -0.0184943 -0.001135528 -0.01204085 -0.01659661 -0.001573443 -0.02099001 -0.01657038 -0.001833081 -0.02134042 -0.01559692 -9.67139e-4 -0.03231364 -0.01534152 -0.01210182 -0.0100069 -0.01847773 0.009798347 -0.009473562 -0.01855367 0.009439766 -0.02464491 -0.01562875 0.009789764 -0.01275908 -0.01578348 0.009112179 -0.01184737 -0.01673632 0.009877264 -0.01277679 -0.01576417 -6.41999e-4 -0.03239774 -0.016469 -0.01329386 -0.0306335 -0.01527893 0.008018374 -0.02478981 -0.01542437 0.01157855 -0.03165221 -0.01508784 0.00612545 -0.03149473 -0.01300466 0.006585717 -0.0302754 -0.0131272 0.008392155 -0.03239297 -0.01178407 -0.01329237 -0.03231978 -0.01294481 -0.01207041 -0.02098053 -0.01162809 -0.001846253 -0.02135878 -0.01268291 -9.67814e-4 -0.02629637 -0.01300835 0.01075577 -0.02578759 -0.01269775 0.01064306 -0.02524453 -0.0123772 0.01129651 -0.02509349 -0.01210343 0.01086181 -0.02101933 -0.009455323 -0.00173676 -0.01530104 -0.01242911 -7.86043e-4 -0.01570826 -0.01161307 -0.001651883 -0.0161314 -0.0108273 0.01044178 -0.01530027 -0.01237964 0.01035189 -0.02148699 -0.00872147 -6.07523e-4 -0.03231322 -0.008543014 -0.01210224 -0.01622968 -0.01032131 -0.001754522 -0.01660829 -0.009206593 -0.001293182 -0.01673287 -0.008827924 -2.89795e-4 -0.01670676 -0.008947849 0.009961962 -0.02604031 -0.008873343 0.01026082 -0.02615219 -0.00904262 0.01075971 -0.03239774 -0.009669065 -0.01329386 -0.03157746 -0.008421242 0.006277441 -0.0271508 -0.008464872 0.01024341 -0.03034925 -0.008428275 0.008319795 -0.03031831 -0.006226778 0.008327543 -0.03152257 -0.006247878 0.006530404 -0.02735525 -0.006014049 0.009834587 -0.02621942 -0.005544126 0.01023852 -0.0264092 -0.005901813 0.01067149 -0.02632129 -0.00234282 0.010284 -0.02724295 -0.001874089 0.009880006 -0.0174126 -0.003593981 0.00987178 -0.01735401 -0.005730748 0.009610235 -0.0173754 -0.00245434 0.009931206 -0.01745301 -0.002074122 0.009556651 -0.01750594 -0.005259156 0.01000332 -0.01743525 -0.003459632 -0.001771926 -0.01736897 -0.002137064 -9.0032e-4 -0.01748031 -0.004442274 -0.001800537 -0.01735055 -0.005736768 -8.16869e-4 -0.02130156 -0.005855381 -0.001044631 -0.02097767 -0.004748642 -0.001859486 -0.03239321 -0.00498569 -0.01329267 -0.03232425 -0.006133735 -0.01213365 -0.02101498 -0.002722322 -0.001766026 -0.02145838 -0.001929283 -6.83087e-4 -0.03231334 -0.001742184 -0.01210123 -0.03239774 -0.002869129 -0.01329386 -0.03157645 -0.001623392 0.006278336 -0.02639627 -0.001829147 0.01069897 -0.03035056 -0.001624107 0.008319199 -0.03039467 5.65063e-4 0.008277356 -0.03154873 5.5221e-4 0.006367862 -0.02724951 7.32512e-4 0.01008552 -0.02602022 0.001235485 0.01038026 -0.02607202 0.001145899 0.01087778 -0.02338743 0.00637418 0.01358062 -0.02445542 0.004911065 0.01207578 -0.02582657 -0.001594781 0.01141375 -0.02558004 -0.001810312 0.01223164 -0.02559024 -0.00786364 0.01152169 -0.02430105 -0.01272571 0.01228159 -0.02502214 0.00498718 0.01150763 -0.0247727 0.00260514 0.012739 -0.02548015 -0.006887733 0.01229721 -0.0248422 -0.01018011 0.01270073 -0.02367186 -0.01367551 0.01342302 -0.01608318 0.002814829 0.0103259 -0.02509498 0.004323661 0.0108565 -0.02521961 0.004416346 0.01118493 -0.02597516 0.004876554 0.01056486 -0.01550024 0.004718661 0.009902477 -0.01670938 0.001081705 0.009953975 -0.01533299 0.004380822 0.01044952 -0.01670902 9.96364e-4 -5.8153e-4 -0.01619648 0.002445936 -0.001570582 -0.01632279 0.002499461 -0.001752853 -0.01657253 0.0016433 -0.001529932 -0.0164631 0.002331674 -0.001782298 -0.01624238 0.002467215 -0.001662015 -0.01626151 0.002475917 -0.001688957 -0.01625025 0.00247091 -0.001673877 -0.01624429 0.002468109 -0.001664996 -0.02130067 9.44326e-4 -0.001037359 -0.0209763 0.002046406 -0.001856625 -0.03239315 0.001814067 -0.01329267 -0.03232401 6.66391e-4 -0.01213294 -0.02101391 0.004062592 -0.001771569 -0.0156843 0.003762662 -0.001636803 -0.01532191 0.004584014 -8.01144e-4 -0.02145689 0.004870831 -6.79949e-4 -0.03231358 0.005057752 -0.01210212 -0.03239756 0.003930449 -0.01329368 -0.03042721 0.005157113 0.008230268 -0.03157812 0.005199909 0.006317675 -0.03034383 0.00739932 0.008279383 -0.03152501 0.007345259 0.006525695 -0.02479773 0.007567763 0.01157331 -0.02464056 0.007783234 0.009815871 -0.02324765 0.01081496 0.01013243 -0.02323186 0.01065564 0.01250046 -0.02381032 0.01168513 0.01214319 -0.02389961 0.01165622 0.009359121 -0.009289741 0.01130759 0.008877456 -0.01001316 0.01076811 0.009751498 -0.01210767 0.00888288 0.009904682 -0.0126872 0.008005619 0.009319782 -0.01271998 0.007960021 -7.98048e-4 -0.009673058 0.01055079 0.009346306 -0.01033651 0.01025003 -0.001559436 -0.009248375 0.01084858 -4.20627e-4 -0.00946325 0.01125639 -7.9546e-4 -0.01213568 0.008817911 -0.001621901 -0.02136939 0.007715702 -8.55876e-4 -0.0209937 0.008609235 -0.001806676 -0.02098041 0.01048439 -0.001861274 -0.03236132 0.008188486 -0.01309245 -0.03229779 0.007368922 -0.01153147 -0.02128386 0.01155436 -0.001102507 -0.03240984 0.00838238 -0.01335626 -0.03231358 0.01185762 -0.01210224 -0.0323311 0.01074171 -0.01320433 -0.03240758 0.01070165 -0.01336532 -0.03151106 0.01193273 0.006492257 -0.03047966 0.01206368 0.008217334 -0.02444684 0.01420462 0.01179337 -0.03029495 0.01419305 0.008319973 -0.03152829 0.01414263 0.006505668 -0.02219343 0.01436012 0.01267701 -0.02048856 0.01494461 0.0131902 -0.02089488 0.01469039 0.01094764 -0.01848143 0.01686114 0.01317286 -0.01816093 0.01777231 0.01288318 -0.01886296 0.0183407 0.01231426 -0.0188297 0.01857906 0.01251405 -0.02167612 0.01878321 0.01199632 -0.02090966 0.02120774 0.01127135 -0.002071142 0.01542812 0.01068407 -0.002067685 0.01488792 0.009753406 -0.0181362 0.01757818 0.01120424 -0.0190981 0.0183506 0.01045626 -0.002065241 0.01662802 0.01094114 -0.002084434 0.01791173 0.01030522 -0.002070963 0.01801925 0.00535202 -0.002078056 0.01544076 0.004535079 -0.002053797 0.01489907 0.005585968 -0.0020684 0.01691192 0.004220068 -0.01399058 0.01809012 0.004377782 -0.01398819 0.01486128 0.004365861 -0.0140683 0.01826 -6.19331e-4 -0.01404315 0.01638281 -0.001749575 -0.0141853 0.01523679 -0.001462042 -0.01405578 0.0146746 -5.54405e-4 -0.02128177 0.0145787 -0.001085758 -0.02089047 0.016595 -0.002092361 -0.0323686 0.01498228 -0.01309913 -0.03230017 0.0141834 -0.01163578 -0.01405912 0.01760309 -0.001485288 -0.02131468 0.01837801 -0.001015365 -0.03240621 0.01513361 -0.01329898 -0.02720218 0.01868987 0.01011896 -0.03057843 0.01870775 0.008060872 -0.03230792 0.01870495 -0.01189666 -0.03239119 0.01769489 -0.01324069 -0.03157812 0.01888245 0.006463885 -0.03152179 0.02095323 0.006549239 -0.03015869 0.02099126 0.0084306 -0.03231364 0.0209881 -0.01173681 -0.02770948 0.02104955 0.009721577 -0.03239017 0.02193379 -0.01321691 -0.02100598 0.02210342 -0.001776993 -0.02145326 0.02126473 -6.98406e-4 -0.01396507 0.02242618 0.01068294 -0.01496666 0.02141672 0.0112918 -0.01491677 0.02252393 -0.001646459 -0.0153281 0.02183616 -0.001331806 -0.01406192 0.02272528 -7.14142e-4 -0.01441752 0.02191591 -6.87203e-4 -0.01510649 0.02143752 -4.80849e-4 -0.01522827 0.0251019 -6.07168e-4 -0.021393 0.02522879 -8.49278e-4 -0.0210002 0.02434158 -0.001805782 -0.01457375 0.02479714 -5.50424e-4 -0.01515066 0.02435749 -0.001609086 -0.01457518 0.02395808 -0.001411378 -0.01406633 0.02397966 -6.01904e-4 -0.0141499 0.02504581 0.009205937 -0.01405149 0.02425181 0.009452879 -0.03232914 0.02478653 -0.0130741 -0.03159093 0.02557903 -0.01031953 -0.03182137 0.0259217 -0.01070857 -0.03053653 0.02551567 0.005066514 -0.02540755 0.02541846 0.008689343 -0.02856552 0.02548593 0.007561266 -0.03081899 0.02608186 0.00459069 -0.02865916 0.02599585 0.007683694 -0.02633017 0.02608168 0.008578181 -0.02899283 0.02847284 -0.01409804 -0.03101915 0.02721065 -0.01409411 -0.03242111 0.02458393 -0.01409816 -0.03194856 0.0259124 -0.01420408 -0.02734524 0.02778995 0.005481362 -0.02937275 0.02690815 0.005635917 -0.02840459 0.02679723 0.006868541 -0.02910077 0.02754646 0.003829658 -0.02631574 0.02744311 0.00687325 -0.01553016 0.02557462 0.008888125 -0.01500803 0.02511405 0.00863552 0.02927464 0.02743458 0.00422126 0.02682161 0.02781724 0.005520284 0.0295071 0.0268141 0.005622982 0.02809989 0.02724891 0.006367444 0.02609771 0.02697873 0.007695198 0.02534008 0.02558475 0.008816301 0.02802443 0.02544772 0.007801771 0.0305348 0.02548736 0.005022585 0.02781897 0.02590215 0.008241355 0.0300669 0.02590703 0.006234586 0.03089755 0.02602976 0.00420928 0.03232091 0.02497094 -0.01409327 0.03150594 0.02692127 -0.01409822 0.02887737 0.02848112 -0.01409822 0.03182214 0.02585601 -0.01054793 0.03183376 0.02552086 -0.01130348 0.03237032 0.02460938 -0.01320105 0.02099007 0.02429771 -0.001815915 0.02140158 0.02526205 -8.15827e-4 0.01499933 0.02513432 0.008732855 0.01492184 0.02551454 0.008927702 0.0140013 0.02426862 0.009569704 0.01398074 0.02238082 0.01070994 0.01474475 0.0214883 0.01124227 0.015172 0.02411967 -0.001682758 0.0144729 0.02379357 -0.001364529 0.01523101 0.02505934 -8.3366e-4 0.01455986 0.02473962 -7.18091e-4 0.01405829 0.02407908 -4.19586e-4 0.01519095 0.02141463 -3.91869e-4 0.01529186 0.02174293 -0.001241505 0.01444685 0.02193325 -8.02952e-4 0.01404482 0.02268952 -5.86316e-4 0.01477724 0.02267712 -0.00161463 0.02135103 0.02129173 -8.94048e-4 0.0209881 0.0223121 -0.001833975 0.03238654 0.02203363 -0.01325041 0.03231775 0.02100819 -0.01190328 0.03001898 0.02097868 0.008617341 0.0255751 0.02107775 0.01039624 0.02005571 0.02122503 0.01133549 0.03154921 0.02095896 0.006393373 0.03150957 0.01876616 0.006496429 0.03036475 0.01875972 0.008271813 0.02345299 0.01881331 0.01151049 0.02746284 0.01870954 0.01001399 0.02129387 0.01852011 0.01178461 0.02077287 0.01470035 0.0131632 0.01860123 0.01673918 0.01318609 0.01810181 0.01782488 0.01288902 0.01885843 0.01839739 0.01247686 0.02091044 0.01467663 0.01094388 0.02232462 0.01439148 0.0126093 0.02450519 0.01412767 0.01178711 0.03037649 0.01418006 0.008251965 0.002079844 0.01488471 0.009747445 0.002078831 0.01557779 0.01080334 0.01883471 0.01831823 0.01054906 0.01819932 0.01742184 0.01124107 0.002059102 0.01693665 0.01089012 0.002082169 0.01794332 0.01022469 0.002217233 0.01484996 0.005631566 0.002056956 0.01742982 0.004539549 0.002098917 0.01803904 0.00542587 0.002031981 0.01530814 0.004684329 0.002067089 0.01648724 0.004201591 0.01405078 0.01466804 0.004976451 0.01402169 0.01823258 0.004826486 0.0139985 0.01623243 0.003767192 0.01406025 0.01467478 -5.70857e-4 0.0141378 0.01744675 -0.001630902 0.01403534 0.01650375 -0.001693964 0.0140556 0.01825278 -6.23311e-4 0.02130341 0.01837068 -0.001052558 0.02090251 0.01670765 -0.002053022 0.03237932 0.01801544 -0.01310908 0.01406896 0.01535648 -0.001533508 0.0212562 0.01461237 -0.001159191 0.03230237 0.01879489 -0.01137375 0.03239083 0.01534307 -0.01328653 0.03232139 0.01421523 -0.01194304 0.03155189 0.01416099 0.006394088 0.02375233 0.01168423 0.01216417 0.03027337 0.01196348 0.008350431 0.0315513 0.01199012 0.006448388 0.0232557 0.01054495 0.01249837 0.02478873 0.007563889 0.01157814 0.03159314 0.007345557 0.006202042 0.03053259 0.007394671 0.008118808 0.02464073 0.00777626 0.009811699 0.0232883 0.0105825 0.01017284 0.02366763 0.0115872 0.00953567 0.01210218 0.008698105 0.00984019 0.0127685 0.007923483 0.009115934 0.009589493 0.01061087 0.009338259 0.009351491 0.01134473 0.008884608 0.01011526 0.01067638 0.009796082 0.01269513 0.007993161 -9.10965e-4 0.03230482 0.007437825 -0.01189786 0.03239071 0.008448839 -0.01324391 0.01203107 0.008908033 -0.001626431 0.02098006 0.008832395 -0.001854956 0.02127659 0.007775247 -0.001077592 0.01036816 0.01018244 -0.001560032 0.009473383 0.01130104 -7.60899e-4 0.009451329 0.01074385 -8.64728e-4 0.02143394 0.01164573 -7.7599e-4 0.02100569 0.01080471 -0.001793861 0.03237491 0.01125091 -0.01305758 0.0322479 0.01194941 -0.01145899 0.02944052 0.02805447 -0.01419323 -0.02907979 -0.03598284 -0.0142365 -0.02927541 0.028095 -0.0142498 0.03212684 0.02426648 -0.01439833 0.03153002 0.02645307 -0.01439869 -0.03213024 0.02419364 -0.01439833 -0.03185701 -0.03380417 -0.01439875 0.02971225 -0.03585457 -0.01439863 -0.01168555 0.0277478 0.003115952 -0.01094567 0.02784007 0.004847526 0.01153177 0.02842766 -0.01232677 -0.01156127 0.028427 -0.01229852 0.01146161 0.02783972 0.004594326 0.01040786 0.02798843 -0.01231157 0.01149314 0.02794319 -0.01117593 0.01145881 0.02742522 0.003336191 0.01040387 0.0273723 0.00448513 -0.01153349 0.02793389 -0.01098477 -0.01057749 0.02799159 -0.01225996 0.0098266 0.02261132 -0.01205497 0.01109951 0.02261614 -0.0111376 -0.01115196 0.02260857 -0.01093673 -0.0100463 0.02261734 -0.01201266 0.01003026 0.02264446 0.004243135 0.01115733 0.02262938 0.003173172 -0.01059108 0.02737504 0.004420757 -0.01118189 0.02262252 0.003096938 -0.01009982 0.02264446 0.004224479 0.008996486 0.02260875 -0.003370881 -0.02580237 0.02036482 -0.01439827 -0.02202773 0.02334886 -0.0143975 -0.02764815 0.01661658 -0.01439768 -0.02027332 0.02375876 -0.01439726 -0.02764815 -0.02447682 -0.01439768 -0.0255059 -0.02863651 -0.01439779 -0.02670186 -0.03274881 -0.01435309 -0.0211997 -0.03146535 -0.01439768 -0.02714169 -0.03398573 -0.0143342 -0.02831351 -0.03349065 -0.01435899 -0.02780544 -0.03225678 -0.01433187 -0.02780526 0.02614098 -0.01432919 -0.0267111 0.0256493 -0.01433271 -0.02714192 0.02441406 -0.01433277 -0.0283091 0.02491182 -0.01434773 0.02829867 0.0256505 -0.01435613 0.02785784 0.02441287 -0.01433551 0.02719426 0.0261377 -0.01432299 0.02669608 0.02491635 -0.01433259 0.02654832 0.01932668 -0.01439762 0.02308136 0.0227651 -0.01439875 0.01953405 0.02383136 -0.01439791 0.02773708 0.01584851 -0.01439756 0.02751469 -0.02523028 -0.01439768 0.0282973 -0.03274875 -0.01435309 0.02786129 -0.03399264 -0.01435071 0.02037584 -0.03160822 -0.01439762 0.02719366 -0.03225576 -0.01433354 0.02450418 -0.02960616 -0.01439774 0.02669131 -0.03348636 -0.01434469 -0.02835184 -0.03351646 -0.01038026 -0.026905 -0.0337699 -0.0103923 -0.02719247 -0.0322082 -0.01035499 -0.02750051 -0.03312975 -0.009917676 -0.02835184 0.02488273 -0.01038026 -0.02690494 0.02462929 -0.0103923 -0.02719247 0.02619099 -0.01035499 -0.02750051 0.02526938 -0.009917676 0.02664732 0.02488273 -0.01038026 0.02809429 0.02462929 -0.0103923 0.02780669 0.02619099 -0.01035499 0.02749872 0.02526938 -0.009917676 0.02664732 -0.0335164 -0.01038026 0.02809429 -0.0337699 -0.0103923 0.02780669 -0.0322082 -0.01035499 0.02749872 -0.03312975 -0.009917676 0.001191735 -0.02955573 0.01221626 0.005042672 -0.0290814 0.01251089 0.007110357 -0.02851223 0.01436936 0.008684694 -0.02801072 0.0131784 0.01278078 -0.02612948 0.01436841 -0.01279586 -0.02619135 0.01436227 -0.007601976 -0.02840465 0.01292872 -0.001981437 -0.02960097 0.01436942 -0.002748072 -0.02946192 0.01227468 0.01295351 0.01746886 0.0148518 -0.001964688 0.02102309 0.01482653 -0.009511709 0.01917695 0.0147975 -0.01461952 0.01623648 0.01480817 -0.0189957 0.01229459 0.01479363 -0.02233427 0.007146596 0.01481056 -0.02427226 0.0020805 0.01480865 -0.02493691 -0.003575026 0.01481276 -0.0244202 -0.009297788 0.01481044 -0.02135652 -0.01691031 0.01480299 -0.01640635 -0.02282232 0.01482194 -0.01127147 -0.0261619 0.01480937 -0.00576812 -0.02824687 0.01479738 0.002307713 -0.0288338 0.01481729 0.009498059 -0.02704179 0.01479786 0.0145632 -0.02413541 0.01480925 0.01902925 -0.02011865 0.0147916 0.02296483 -0.01383525 0.01481252 0.02491748 -0.005884349 0.01480853 0.02455645 3.05308e-4 0.01481682 0.02310156 0.005593359 0.01479613 0.01886832 0.01246404 0.01480746 0.006521165 0.02021807 0.01481109 -0.02526253 -0.003939032 0.01538097 -0.02495807 4.34012e-6 0.01538908 -0.02403491 0.003849506 0.01538097 -0.02251964 0.007512629 0.01537537 -0.02046263 0.01089173 0.01539224 -0.01788341 0.0139122 0.01538282 -0.01486533 0.01649481 0.0153824 -0.01148456 0.01857078 0.01538455 -0.007851302 0.02008122 0.01538252 -0.003966808 0.02102005 0.01538765 -1.79859e-5 0.02133435 0.01538842 0.003914654 0.02102613 0.01538175 0.007787406 0.02010494 0.01539272 0.01145583 0.0185852 0.01538586 0.01482021 0.01652634 0.01538282 0.0178489 0.01394754 0.01538312 0.02042573 0.01093554 0.01538383 0.02249932 0.007555305 0.01538395 0.02402031 0.003893733 0.01538425 0.02494364 5.84619e-5 0.01538389 0.02494066 8.93765e-5 0.02050322 0.02402627 0.003881216 0.02050691 0.02250355 0.007549822 0.02050662 0.02043682 0.01092261 0.02051001 0.01786148 0.01393687 0.02051007 0.01480484 0.01653933 0.02050435 0.01146864 0.01858079 0.02051049 0.007790029 0.02010911 0.02050942 0.003895342 0.0210303 0.02050393 -2.75027e-6 0.02133774 0.02050793 -0.003953099 0.02102482 0.02050751 -0.007887244 0.02007186 0.02050197 -0.01147997 0.01857489 0.02050668 -0.0148679 0.01649463 0.02050614 -0.01789104 0.01390588 0.02050513 -0.02048021 0.01087701 0.02051067 -0.02251917 0.007509291 0.02050805 -0.02404743 0.003843963 0.02050065 -0.02496111 9.78154e-6 0.02050828 0.02526122 -0.003935158 0.02051216 -0.02381169 2.98914e-4 0.02136296 -0.02076143 0.008215487 0.02134948 -0.01627594 0.01382529 0.02134519 -0.008043706 0.01890355 0.02134126 0.003452837 0.02001094 0.02134943 0.01275449 0.01648128 0.02135443 0.0191679 0.01093089 0.02136379 0.02344226 0.001498699 0.02135258 0.02399593 -0.005836427 0.02135074 -0.02525466 -0.00392276 0.02051645 0.02526068 -0.003916323 0.01538062 -0.02494591 -0.007915914 0.01538389 -0.02494508 -0.007944226 0.02050334 -0.02403211 -0.01173365 0.02050715 -0.02402317 -0.01175099 0.01538437 -0.02251374 -0.01540774 0.02050423 -0.0225048 -0.01541411 0.01538985 -0.02043867 -0.01878255 0.02051001 -0.02042758 -0.0187956 0.01538378 -0.01785081 -0.02180773 0.01538312 -0.01786333 -0.021797 0.02051007 -0.01480668 -0.0243991 0.02050429 -0.01482206 -0.02438634 0.01538264 -0.0114668 -0.02645331 0.02050644 -0.01145726 -0.02644538 0.01538556 -0.00778234 -0.02796846 0.01539021 -0.007781744 -0.02796459 0.02051341 -0.003939986 -0.02888584 0.0153923 -0.003947556 -0.02888882 0.0205087 5.58948e-6 -0.02920591 0.02050375 1.51886e-5 -0.02919441 0.01538795 0.003970146 -0.02888274 0.01538962 0.003956139 -0.02888041 0.02051097 0.007810235 -0.02795666 0.0205096 0.007823526 -0.02795082 0.01538378 0.01148587 -0.02643096 0.01538276 0.01147216 -0.0264393 0.02050948 0.0148608 -0.02437281 0.0205062 0.0148555 -0.0243625 0.01538842 0.01787447 -0.02178168 0.0153855 0.01786297 -0.02178359 0.02051413 0.02044636 -0.01876616 0.01538515 0.0204401 -0.01877748 0.02050966 0.02251213 -0.0153957 0.02050942 0.02251839 -0.01538103 0.0153836 0.02403187 -0.01171791 0.01538366 0.02402848 -0.01173275 0.02050948 0.02232486 -0.01293414 0.02134722 0.01844662 -0.01939642 0.02134728 0.0126177 -0.02442806 0.02134948 0.003918409 -0.02779978 0.02134799 -0.005269408 -0.02740329 0.02135157 -0.0121175 -0.02476769 0.02136456 -0.01916879 -0.01879262 0.02136385 -0.02344566 -0.009352922 0.0213527 0.02495306 -0.007879018 0.0205096 0.02495402 -0.007863759 0.01538413 -0.0225107 -0.002147853 0.02121853 0.00197649 -0.02653092 0.02124917 0.01738172 0.01065516 0.02120691 -0.01026237 0.01626873 0.02118289 0.01079088 -0.0238201 0.0211752 -0.001581132 0.01853346 0.02114981 0.02237594 -7.36304e-5 0.02118349 -0.01639938 0.01167845 0.02120667 -0.02090317 0.0047279 0.02119928 0.007702827 0.01748681 0.02120506 -0.02180308 -0.0100063 0.02122569 0.01819711 -0.0173127 0.02118659 -0.007639884 -0.02534615 0.0212168 0.02191752 -0.009622693 0.02124238 -0.01762342 -0.01815551 0.02122503 -0.01287597 -0.02233171 0.02104973 -0.01640629 0.01830065 -0.01008784 -0.0203787 0.02070748 -0.0101031 -0.01566678 0.02005988 -0.01007944 -0.01788491 0.01771217 -0.01012629 -0.01960492 0.01826643 -0.01014608 -0.01637417 0.02184313 -0.01011663 -0.01850599 0.02240192 -0.01010727 -0.01541388 0.02090477 -0.01449728 -0.01654142 0.01788753 -0.01449793 -0.01898223 0.01770043 -0.01449829 -0.02039051 0.01912564 -0.01449835 -0.02024465 0.02139705 -0.01449817 -0.0180006 0.02269268 -0.01449817 0.01100397 0.02116304 -0.01449739 0.009659409 0.02193123 -0.01449817 -0.009312331 0.02028632 -0.0144959 0.0156089 0.01912564 -0.01449835 0.009310662 0.02028638 -0.01449406 -0.009661138 0.02193123 -0.01449787 -0.01317566 0.02224451 -0.01449841 -0.01100564 0.02116304 -0.0144962 0.004331171 0.00177592 -0.01449841 -0.003294587 -0.03126168 -0.01449841 0.01701724 0.01770043 -0.01449829 0.01945805 0.01788753 -0.01449793 0.02496933 0.0206896 -0.01447057 0.01575469 0.02139705 -0.01449817 -0.02718245 -0.02413862 -0.01446038 -0.02456158 -0.02887296 -0.01444697 -0.02024465 -0.0266022 -0.01449823 -0.02039051 -0.02887362 -0.01449829 -0.02000719 -0.03113937 -0.01446729 -0.01541388 -0.02709448 -0.01449728 -0.0180006 -0.02530664 -0.01449811 -0.01898223 -0.03029888 -0.01449829 -0.01654142 -0.03011173 -0.01449793 0.01945805 -0.03011173 -0.01449805 0.01991868 -0.03116452 -0.01445549 0.02356702 -0.02955651 -0.0144611 0.0156089 -0.02887362 -0.01449829 0.02058434 -0.02780264 -0.01449823 0.01943928 -0.02578938 -0.01449823 0.01701724 -0.03029888 -0.01449829 0.01751071 -0.02542889 -0.01449835 0.01575469 -0.0266022 -0.01449817 0.02698725 -0.02527695 -0.01445657 0.0272367 0.01584482 -0.01444679 0.02058434 0.02019667 -0.01449823 0.01943928 0.02220988 -0.01449829 0.01985049 0.02332413 -0.01444143 0.01751071 0.02257043 -0.01449835 -0.02086991 0.02315658 -0.014467 -0.02553033 0.01985228 -0.01446324 -0.02724575 0.01586246 -0.01446354 -0.009242653 0.02076292 -0.01302284 -0.01031661 0.02028846 -0.01296603 -0.01069158 0.02156221 -0.01301509 -0.009544909 0.02174472 -0.01299989 0.01054912 0.02049291 -0.01299583 0.00959146 0.02035731 -0.01300197 0.009377002 0.02166098 -0.01297587 0.0107119 0.0215336 -0.01303184 0.01734507 0.01771157 -0.01010257 0.01564306 0.01961082 -0.01009511 0.01610171 0.02144074 -0.01010513 0.01749432 0.0223993 -0.01010203 0.01823109 -0.03026539 -0.0100916 0.01639461 -0.02973282 -0.01014608 0.0156207 -0.02729183 -0.01010304 0.01749444 -0.02560043 -0.01010119 0.01962232 -0.02615857 -0.01010936 0.02033394 -0.02798384 -0.01007604 0.01970696 -0.02961301 -0.01015412 -0.01776891 -0.03026401 -0.01008915 -0.01960492 -0.02973282 -0.01014608 -0.02035403 -0.02800649 -0.01011049 -0.01962888 -0.02615487 -0.01012098 -0.0175333 -0.02557951 -0.01013147 -0.01621001 -0.02641803 -0.01008272 -0.01566541 -0.0279839 -0.01007634 -0.0162943 -0.0296114 -0.01014876 0.01962709 0.0218445 -0.01012098 0.02035361 0.02005237 -0.01012074 0.01959466 0.01829344 -0.01009964 0.03224927 0.02510118 -0.01447308 0.03092509 0.02734559 -0.01450014 0.02873665 0.02833163 -0.01443576 0.02628552 0.02540075 -0.01439809 0.0273534 0.02396172 -0.01439666 0.03219228 0.0243169 -0.01439833 0.02734434 0.02650105 -0.01439797 0.02877444 0.02544426 -0.01439774 -0.03219032 0.02536594 -0.01447588 -0.0299195 0.02810472 -0.01447296 -0.02765488 0.02650105 -0.01439803 -0.03219938 0.02409827 -0.01439833 -0.02877914 0.02491658 -0.0143972 -0.02622479 0.02544426 -0.01439714 -0.02719235 0.0240978 -0.01439809 -0.02871364 -0.03299838 -0.01439815 -0.03223794 -0.03290706 -0.01444751 -0.02765494 -0.03189808 -0.01439809 -0.0289247 -0.03617274 -0.01444298 -0.03124952 -0.0348913 -0.01449352 -0.02622479 -0.03295487 -0.01439756 -0.02764588 -0.03443741 -0.0143972 0.02628552 -0.03299838 -0.01439815 0.02734434 -0.03189808 -0.01439809 0.0273534 -0.03443741 -0.01439708 0.02885997 -0.03618258 -0.01444327 0.02877444 -0.03295487 -0.01439768 0.03226274 -0.03272235 -0.01445257 0.03106164 -0.03514236 -0.01451277 -0.03189802 -0.03364247 -0.01800727 -0.02935653 -0.03593814 -0.01800912 -0.02953606 0.0280112 -0.01801002 -0.03189939 0.0257073 -0.01804554 -0.004617333 0.02793842 -0.01814836 0.02900892 -0.03596758 -0.01803189 -0.004617333 -0.03575283 -0.01814836 0.03181594 0.02585679 -0.01808488 0.03021889 0.0279479 -0.01777029 0.0276665 0.02796578 -0.01818484 0.03186774 -0.003930151 -0.01814836 0.03146803 -0.03397852 -0.01815307 0.03191769 -0.03404015 -0.01776707 0.02832692 0.02632975 -0.01688051 0.02884799 0.02516013 -0.01687145 0.02770656 0.02383875 -0.01686495 0.02611196 0.02512526 -0.01687359 0.02687579 0.02651113 -0.01685845 -0.0272926 0.02383875 -0.01686495 -0.02888727 0.02512526 -0.01687359 -0.02812337 0.02651113 -0.01685845 -0.02667224 0.02632981 -0.01688051 -0.02615118 0.02516013 -0.01687145 0.02655345 -0.03417706 -0.016873 0.02641141 -0.0321961 -0.01686769 0.02822965 -0.03198421 -0.01687198 0.02885133 -0.03327137 -0.01687055 0.02810537 -0.03431153 -0.01687085 -0.0266723 -0.03206938 -0.01688051 -0.02615118 -0.033239 -0.01687145 -0.0272926 -0.03456038 -0.01686495 -0.02888727 -0.03327393 -0.01687359 -0.02812337 -0.031888 -0.01685845 0.02749747 0.02291548 -0.01694804 0.02947521 0.02402079 -0.0169481 0.02749693 0.02755814 -0.01694822 0.02951437 0.02660143 -0.01694756 0.02550524 0.02663373 -0.01694774 0.02553403 0.02400273 -0.0169481 0.02670186 0.02301007 -0.01805818 0.02514845 0.02458202 -0.01809275 0.025788 0.0270999 -0.01803845 0.02890896 0.02727961 -0.01803433 0.029917 0.02470016 -0.018054 0.02848863 0.02305591 -0.01803135 -0.0275017 0.02291548 -0.01694804 -0.02533632 0.02613312 -0.01694816 -0.02552402 0.02402079 -0.0169481 -0.02757483 0.02773183 -0.0169472 -0.02968198 0.0260275 -0.01694822 -0.02946513 0.02400273 -0.0169481 -0.02611047 0.02729868 -0.01803326 -0.02509123 0.02470088 -0.01803565 -0.02647531 0.02303963 -0.01808184 -0.02829736 0.02301007 -0.01805818 -0.02982395 0.02458006 -0.01804852 -0.0295425 0.02653872 -0.01807522 -0.02845442 0.0274567 -0.0180481 0.02749747 -0.03548365 -0.01694804 0.02947521 -0.03437829 -0.0169481 0.02749693 -0.03084099 -0.01694822 0.02951437 -0.0317977 -0.01694756 0.02550524 -0.0317654 -0.01694762 0.02553403 -0.03439635 -0.0169481 0.02888977 -0.03109931 -0.01803594 0.029913 -0.033131 -0.01808214 0.02951163 -0.03447258 -0.01804935 0.02808743 -0.0354371 -0.01803463 0.02649861 -0.0352779 -0.01805299 0.02517604 -0.03381913 -0.01804703 0.02545922 -0.03188097 -0.01805335 0.02654451 -0.03094768 -0.01803869 -0.02522742 -0.03281515 -0.01694822 -0.02908992 -0.03503972 -0.01694715 -0.02589708 -0.03490632 -0.0169478 -0.02624541 -0.03114253 -0.01694804 -0.02836686 -0.03098732 -0.01694816 -0.02968198 -0.03237164 -0.01694822 -0.02817487 -0.03552782 -0.01815468 -0.02983039 -0.0338186 -0.01805901 -0.02953994 -0.03188097 -0.01805335 -0.02779263 -0.03065055 -0.01803928 -0.02534782 -0.03198605 -0.01803803 -0.02526515 -0.03397309 -0.0180329 -0.02671295 -0.03541153 -0.01804637 -0.01749765 0.02140331 -0.01804864 -0.01664531 0.01979756 -0.01807963 -0.02830284 0.01519829 -0.01814836 0.01693642 0.0209043 -0.01803267 0.01933294 0.01980876 -0.01803332 0.018018 0.01861035 -0.01807302 0.01849699 0.02139467 -0.0180273 0.01670217 0.01963376 -0.01808959 0.02494162 -0.002541482 -0.01802182 -0.02830284 -0.02305865 -0.01814836 0.001174092 -0.02448225 -0.01814836 -0.01578855 -0.005630135 -0.01802295 -0.01478785 -0.002861022 -0.01800853 -0.014373 -0.004157364 -0.018009 -0.0160427 -0.002286314 -0.01799744 -0.01719254 -0.005043148 -0.01798892 -0.01755386 -0.003259599 -0.01798021 0.01982378 -0.01610499 -0.01814836 -0.01866716 -0.02911537 -0.0180974 0.01693463 -0.02709352 -0.01803696 0.01982378 -0.03001224 -0.01814836 0.01918292 -0.02729135 -0.01800924 0.01832652 -0.02658981 -0.01802814 0.019167 -0.02856796 -0.01803094 0.0167225 -0.02833747 -0.018031 0.01782584 -0.0293172 -0.01802903 0.02121508 -0.03570675 -0.01814836 0.02566516 -0.004076302 -0.01795923 0.02487289 -0.005380094 -0.0180726 0.02098667 -0.005273163 -0.01798301 0.02152287 -0.002394199 -0.01800727 0.02040505 -0.003437936 -0.01798975 -0.01895469 -0.02699524 -0.01803362 -0.01933664 -0.0280987 -0.01804155 -0.01790642 -0.02659213 -0.01803243 -0.01680672 -0.02728867 -0.0180332 -0.01703202 -0.02897071 -0.01804488 -0.01927793 0.01966041 -0.01803392 -0.01906388 0.02090495 -0.01803481 -0.01798135 0.01863229 -0.01802468 0.02093833 -0.002683699 -0.01634836 0.02074491 -0.005043268 -0.01634836 0.02526336 -0.00282377 -0.01634836 0.02505671 -0.005179107 -0.01634836 -0.01504468 -0.00517106 -0.01784402 -0.01555711 -0.002402842 -0.01634836 -0.01722377 -0.002932012 -0.01634836 -0.01746511 -0.004442632 -0.01634836 -0.01573479 -0.005620241 -0.01634836 -0.01442861 -0.003760099 -0.01634836 0.01734006 -0.02672493 -0.01314049 0.01674389 -0.02833968 -0.01314574 0.01819777 -0.02929198 -0.01314181 0.01934719 -0.02747082 -0.01312732 0.01799887 -0.02792984 -0.01239722 -0.01865941 -0.02672493 -0.01314049 -0.01925545 -0.02833968 -0.01314574 -0.01828569 -0.02918535 -0.01314806 -0.01681935 -0.02865034 -0.01313859 -0.01707297 -0.02701592 -0.01314592 -0.01800066 -0.02792984 -0.01239722 0.01819783 0.01870733 -0.01314181 0.01934719 0.02052849 -0.01312732 0.01734006 0.02127438 -0.01314049 0.01674389 0.01965963 -0.01314574 0.01799887 0.02006947 -0.01239722 -0.01865941 0.02127438 -0.01314049 -0.01925545 0.01965963 -0.01314574 -0.0178017 0.01870733 -0.01314181 -0.01665234 0.02052849 -0.01312732 -0.01800066 0.02006947 -0.01239722 0.01763689 0.01020038 -0.0168122 0.008376538 0.01014572 -0.01681298 0.01886212 0.009297907 -0.01681751 0.01863604 0.009900391 -0.01634907 0.01783782 0.003491044 -0.01681059 0.01893621 0.004659116 -0.01683068 0.01862835 0.003786504 -0.01634711 0.007346034 0.009073674 -0.01681786 0.007297635 0.004885137 -0.01683068 0.008072078 0.003598511 -0.01680046 0.00760138 0.003784537 -0.01634907 0.007623255 0.009878516 -0.01634901 0.02462428 -0.02395808 -0.009440302 0.0246151 -0.02380096 -0.009454131 0.02452957 -0.02394372 -0.009371876 0.02462428 0.01359128 -0.009440302 0.0246151 0.01374834 -0.009454131 0.02452957 0.01360577 -0.009371876 -0.02462983 -0.02393293 -0.009431004 -0.02461457 -0.02378517 -0.009451091 -0.0245949 -0.02411741 -0.009426891 -0.02462983 0.0136165 -0.009431004 -0.02461457 0.01376426 -0.009451091 -0.0245949 0.01343196 -0.009426891 0.01311331 -0.001853406 0.02105033 0.01225352 0.00114578 0.02105033 0.01054608 0.004162847 0.02105033 0.008073806 0.00659281 0.02105033 0.006015837 0.007878899 0.02105033 0.003766 0.008787751 0.02105033 6.93693e-4 0.009329259 0.02105033 -0.002417862 0.009111762 0.02105033 -0.00507611 0.008324444 0.02105033 -0.007218956 0.007185161 0.02105033 -0.00913155 0.005690813 0.02105033 -0.01093214 0.003582537 0.02105033 -0.01225519 0.00114578 0.02105033 -0.01311492 -0.001852989 0.02105033 -0.0132057 -0.005317628 0.02105033 -0.01250422 -0.008357465 0.02105033 -0.01095694 -0.01146006 0.02105033 -0.00835663 -0.01424884 0.02105033 -0.006017923 -0.01573902 0.02105033 -0.003768265 -0.01664793 0.02105033 -3.49134e-4 -0.01721978 0.02105033 0.002754271 -0.0168941 0.02105033 0.005399525 -0.01605993 0.02105033 0.007789254 -0.01465249 0.02105033 0.009620904 -0.01306015 0.02105033 0.01130867 -0.01086038 0.02105033 0.01250249 -0.008357465 0.02105033 0.01320397 -0.005317986 0.02105033</float_array>
          <technique_common>
            <accessor source="#shape0-mesh-positions-array" count="1966" stride="3">
              <param name="X" type="float"/>
              <param name="Y" type="float"/>
              <param name="Z" type="float"/>
            </accessor>
          </technique_common>
        </source>
        <source id="shape0-mesh-normals">
          <float_array id="shape0-mesh-normals-array" count="15057">4.98655e-6 0 1 0 0 1 -3.92884e-6 0 1 -1.14123e-5 0 1 -1.22412e-6 0 1 2.00926e-6 0 1 0.8434727 0.5328312 0.06815236 0.8910925 -0.4421956 0.1020642 0.9925448 0.0311948 -0.1178215 0.9925512 0.03086084 -0.1178542 0.04442405 0.9938756 -0.101182 -0.129689 -0.9912016 -0.02646148 -0.8827015 -0.4680914 0.04157632 -0.9255645 0.3725087 0.06758606 -0.1357195 0.9906434 0.01435303 -0.9925491 -0.03082931 -0.1178805 -0.04445868 -0.9956972 -0.08130604 -0.04412454 -0.9957142 -0.08128029 4.98786e-6 0 1 3.21261e-6 0 1 -1.52901e-5 0 1 -5.45649e-6 0 1 -4.007e-6 0 1 4.33554e-6 0 1 -2.44824e-6 0 1 1.44867e-5 0 1 2.80874e-6 0 1 -1.035e-5 0 1 0.8434729 0.5328323 0.06814169 0.8910994 -0.4421814 0.1020661 0.9925512 0.0308609 -0.1178547 0.04442864 0.9938733 -0.1012032 -0.1296889 -0.9912011 -0.02647829 -0.8827019 -0.4680916 0.04156708 -0.9255645 0.3725081 0.06758725 -0.9254388 0.3728191 0.06759452 -0.1357524 0.9906387 0.01436001 -0.9925491 -0.03082996 -0.1178808 -0.04448372 -0.9956958 -0.08130997 -0.04414963 -0.9957128 -0.0812835 4.98743e-6 0 1 -3.92896e-6 0 1 -6.09591e-6 0 1 6.83209e-6 0 1 3.58052e-6 0 1 1.4588e-6 0 1 0.8434727 0.5328311 0.06815469 0.8910945 -0.4421924 0.1020623 0.9925402 0.03142929 -0.1177977 0.9925367 0.03133589 -0.1178523 0.9925453 0.03142386 -0.1177561 -0.1296892 -0.9912015 -0.02646291 -0.8827 -0.4680944 0.04157525 -0.9255669 0.3725029 0.06758326 -0.1357194 0.9906435 0.0143516 -0.9925491 -0.03082931 -0.117881 -0.0441243 -0.9957103 -0.08132803 -0.04412364 -0.9957121 -0.08130639 -0.04398131 -0.9957211 -0.08127248 4.98766e-6 0 1 3.21274e-6 0 1 -1.52911e-5 0 1 -5.45709e-6 0 1 -4.00642e-6 0 1 -2.44834e-6 0 1 1.44858e-5 0 1 2.80848e-6 0 1 0.8434727 0.5328322 0.06814473 0.8911013 -0.4421781 0.1020643 0.9925516 0.03085672 -0.1178532 -0.1296891 -0.9912011 -0.02647835 -0.8827003 -0.4680946 0.04156655 -0.9255671 0.3725023 0.06758445 -0.9253873 0.3729465 0.06759661 -0.1357522 0.9906389 0.01435858 -0.992549 -0.03082996 -0.1178811 -0.04448395 -0.9956957 -0.08131039 -0.6219669 -0.7802364 -0.06624627 -0.670116 -0.7418513 0.02452284 0.1743823 -0.7425952 0.64664 0.6122648 -0.7699017 0.1799532 -0.4096162 -0.4516021 0.792635 0.375189 -0.4693708 0.7993276 0.6732792 0.7380618 -0.04427206 0.4766342 0.8225841 0.3101217 0.4137261 0.450917 0.7908886 0.413613 0.4508376 0.790993 0.4136291 0.4508543 0.790975 -0.3749905 0.4692221 0.7995079 -0.7100754 0.6476122 -0.27639 -0.621789 0.7828848 -0.02167588 0.01271843 -0.02125203 0.9996933 0.004581749 -0.005719959 0.9999732 -0.006323993 -2.10993e-5 0.99998 0.002022206 -0.001133382 0.9999973 0.02454328 0.0142365 0.9995974 -0.006238877 -4.82153e-4 0.9999805 -0.001838982 -0.007247805 0.9999721 0.001608073 0.005394816 0.9999842 0.00261861 -0.00186789 0.9999948 -0.2790231 -0.9596436 -0.03507816 -0.9692994 -0.2410358 0.04858607 -0.8212617 0.570272 0.01787221 -0.8053764 0.589416 0.06291025 -0.8053202 0.5894935 0.06290495 -0.8053789 0.5894299 0.06274843 -0.9683923 -0.2436129 0.05356496 -0.9683178 -0.243862 0.05377709 -0.287381 -0.9576482 -0.01794689 0.09546321 0.9926515 -0.0743618 0.8508794 0.5238746 0.03949421 0.8510543 0.5235889 0.03951454 0.8511149 0.5234813 0.03963452 0.9870834 -0.1594765 -0.01528364 0.5517328 -0.8335184 0.02894848 0.5226045 -0.8519673 -0.03219223 0.9791602 -0.1983015 0.04383921 0.8444917 0.5353209 0.01629102 0.8445458 0.5352455 0.01596355 0.8444346 0.5354114 0.01627576 0.05465877 0.9984418 0.0112462 -0.06455701 0.03885936 -0.9971572 -0.06713831 0.04493337 -0.9967314 -0.005877435 -0.02738893 -0.9996076 0.01051634 0.09420669 -0.9954971 0.03331655 -0.2914713 -0.9559992 -0.08296626 -0.01597571 -0.9964244 -0.2268397 0.02852886 -0.9735143 0.1190654 0.06755071 -0.9905859 0.01640498 0.07981896 -0.9966744 0.1232986 -0.01293647 -0.9922853 0.02558475 -0.06306141 -0.9976817 0.02485209 -0.03517383 -0.9990723 0.3120129 -0.5025885 -0.8062585 0.318872 0.5904153 0.7414382 0.9595352 -0.2717006 0.07396769 -0.2350139 -0.9423053 -0.2383887 0.4373107 0.179157 -0.8812845 0.4375777 0.178978 -0.8811883 0.4470362 0.2141102 -0.8685134 0.4471315 0.2142001 -0.8684422 0.4468799 0.2140333 -0.8686128 -0.4213143 -0.8340569 -0.3561509 -0.4213501 -0.8340373 -0.3561543 -0.4215203 -0.8339934 -0.3560555 -0.8226779 -0.4360975 0.3647192 -0.8725802 0.1532727 -0.4638009 -0.8727889 0.1532203 -0.4634253 -0.8725546 0.1531841 -0.4638783 -0.7771971 0.5415918 0.3203797 -0.2047795 0.7457564 -0.6339659 0.18507 0.2749716 0.9434722 0.6596435 0.2556245 0.706772 0.6594589 0.2558947 0.7068465 0.5400993 -0.8096871 -0.229564 -0.03600388 -0.7854559 0.6178696 -0.03565114 -0.7856664 0.6176224 -0.03571945 -0.7855738 0.6177361 -0.01518672 0.9408794 0.3384011 0.5662079 -0.4827999 0.6680666 -0.6434218 -0.5358148 -0.5467275 -0.6366247 0.3989124 -0.6599833 0.5111538 0.8169161 -0.2671517 -0.8460878 -0.406678 0.3445991 -0.8462699 -0.4068458 0.3439531 -0.8461824 -0.4063484 0.3447557 0.906677 -0.02715373 0.420951 0.9066793 -0.02685254 0.4209653 0.9067856 -0.02658671 0.4207531 0.1116387 -0.266758 -0.9572759 0.1116262 -0.2669212 -0.9572318 0.1117482 -0.2667152 -0.957275 -0.2765746 -0.9560579 -0.0972625 0.5980627 0.09724676 -0.7955276 0.4176357 -0.4932197 -0.7630956 -0.006092965 -0.3193669 -0.9476116 -0.006001532 -0.3194655 -0.947579 -0.005944132 -0.3193112 -0.9476314 -0.3882845 -0.7523576 -0.5321592 -0.5136958 0.128358 -0.8483165 -0.5136343 0.1283755 -0.8483511 -0.5136979 0.1283571 -0.8483154 -0.2099519 0.2055147 -0.9558681 0.3713537 0.1100804 -0.921943 0.3714147 0.1099481 -0.9219341 0.3712505 0.1100752 -0.9219851 0.0440874 0.7262141 -0.6860535 -0.0705949 0.3653076 -0.9282063 -0.07065546 0.3649989 -0.9283231 -0.3020029 -0.0891925 -0.9491254 0.2426719 0.1537932 -0.9578403 -0.1664982 -0.2212808 -0.9608919 -0.1664738 -0.2210966 -0.9609385 -0.1664701 -0.2210866 -0.9609414 0.6592215 -0.6227857 0.4213848 0.3161753 -0.1073463 -0.9426081 0.3159251 -0.1077535 -0.9426456 -0.0608741 -0.2906751 -0.9548835 -0.3500915 0.1126339 -0.9299191 0.1345086 0.3877363 -0.9119036 0.1344323 0.3876267 -0.9119613 0.1344696 0.3878203 -0.9118736 -0.2032978 0.2364182 -0.9501456 -0.2030305 0.2361041 -0.9502809 -0.2029452 0.2361589 -0.9502853 -0.2102814 0.7588106 -0.6164318 -0.2099868 0.7589529 -0.6163571 -0.8729056 0.2806226 -0.3991075 -0.8727759 0.2809236 -0.3991797 -0.8728503 0.2809379 -0.3990066 -0.1972792 0.9800074 -0.02581709 -0.1974164 0.979965 -0.02637273 -0.1974627 0.9799687 -0.02588552 0.1474483 -0.3313611 0.9319115 0.1472225 -0.3309751 0.9320842 0.1585766 -0.231387 0.9598509 -0.3704087 0.05294966 0.9273585 -0.3783112 0.05253279 0.9241867 -0.2533663 -0.9495207 0.1849759 0.9894886 -0.0683878 -0.1274186 0.2350174 0.2516857 0.9388403 0.234898 0.2515925 0.9388952 0.234759 0.251753 0.938887 -0.2069767 0.8807903 0.4258745 -0.2070092 0.8805759 0.4263021 -0.2654108 0.3742161 0.8885491 -0.8181471 -0.398141 0.4148724 -0.28648 -0.3167056 0.9042272 0.4792189 -0.4779543 0.7361447 0.6373053 -0.5932856 0.4917869 0.3600826 0.6217702 0.695516 -0.4607041 0.1958164 0.8656834 -0.4693666 0.1980897 0.8604972 -0.4695125 0.1980195 0.8604338 -0.4694504 0.1982541 0.8604136 -0.5557501 -0.5595938 0.6148145 -0.5556209 -0.5595782 0.6149452 -0.5557889 -0.5593714 0.6149815 0.02755373 -0.2925082 0.955866 0.02764958 -0.2924997 0.9558658 0.02779698 -0.2925517 0.9558456 0.5541148 -0.7426477 0.3760736 0.5541148 -0.7426476 0.3760735 0.3839276 0.07885926 0.9199897 0.6070728 0.2597417 0.7509973 -0.02893906 0.4717265 0.8812699 -0.0731852 0.5948444 0.8005024 -0.07336956 0.5947263 0.8005732 -0.07365268 0.5934082 0.8015248 -0.6619871 0.02995717 0.7489163 -0.461642 -0.06529486 0.88466 0.01827651 -0.6789749 0.7339339 0.2914598 0.5715084 0.7670915 0.2913329 0.5713094 0.7672879 0.2913785 0.5712938 0.7672822 0.455073 0.7508661 0.4786532 0.4549225 0.7508605 0.478805 0.4554109 0.7509332 0.4782264 -0.7823197 -0.4297963 0.4508337 -0.1701218 0.9531287 -0.2502087 -0.1701219 0.9531287 -0.2502087 -0.1701218 0.9531287 -0.2502087 0.4480292 0.09345316 -0.8891211 0.1327708 -0.9357827 -0.3266232 -0.9750869 0.06639176 -0.2116544 -0.9750062 0.06679594 -0.2118991 -0.97496 0.06650084 -0.2122047 0.0614562 0.8184115 -0.5713369 0.7704079 -0.108441 -0.6282613 0.4843755 0.1118628 -0.8676792 0.4497863 -0.7019529 -0.5522268 0.4497864 -0.7019529 -0.5522268 0.2818528 0.1079465 -0.9533659 0.2818445 0.1082801 -0.9533306 0.00436604 0.9190052 -0.3942214 -0.3102794 0.09461539 -0.9459254 -0.6155399 0.2365661 -0.7517628 -0.05075162 -0.6000834 -0.7983258 -0.07121586 0.3736507 -0.9248316 -0.3328251 -0.07493823 -0.9400063 -0.3328902 -0.07470339 -0.9400019 -0.3327621 -0.0747624 -0.9400426 0.14769 -0.5037928 -0.8511055 0.1479448 -0.5039113 -0.8509911 0.1475968 -0.5038661 -0.8510783 -0.1336885 0.2590821 -0.9565584 -0.1987761 -0.2433148 -0.9493609 0.7155381 -0.6933597 -0.08519166 0.2807387 -0.09965264 -0.9545969 0.3383336 0.01474577 -0.9409107 0.3383672 0.01454681 -0.9409018 0.3383919 0.0146712 -0.940891 -0.07120811 -0.546864 -0.8341879 -0.07122534 -0.5466397 -0.8343334 -0.07120525 -0.5464224 -0.8344774 0.6508275 0.08351564 -0.7546182 0.6502107 0.08309227 -0.7551965 0.6507025 0.083539 -0.7547235 -0.002118885 -0.2984361 0.9544274 -0.277342 0.1283301 0.9521622 -0.2776625 0.1282815 0.9520754 0.2684791 0.2086718 0.9404122 0.1076992 -0.5519244 0.8269101 0.10773 -0.5513704 0.8272756 0.107703 -0.5516086 0.8271204 -0.6341003 0.07413774 0.7696886 -0.6339071 0.07438474 0.7698238 -0.6335703 0.07446336 0.7700935 -0.4268584 -0.03101414 0.9037866 0.94536 -0.05836457 0.3207621 0.9451981 -0.05858242 0.3211992 0.9454417 -0.05835825 0.3205222 0.02130568 0.9951443 0.09609311 0.02136379 0.995142 0.09610462 0.02101361 0.9950741 0.09688127 0.1642022 -0.7145236 0.6800689 -0.1916161 0.7587181 0.6225994 -0.7786388 -0.4293224 0.4576067 -0.77873 -0.4293678 0.4574092 -0.7783079 -0.4293965 0.4580999 -0.5182439 -0.3933778 0.7593927 0.279048 -0.3810281 0.8814476 0.7149779 -0.6665558 0.2109743 0.7149485 -0.666628 0.2108453 0.7151426 -0.6661211 0.2117873 0.2912407 0.2251994 0.9297657 0.5362631 0.7955125 -0.2821023 0.5363597 0.7954562 -0.2820777 0.5361496 0.7958731 -0.2812997 -0.7283347 0.1058328 -0.6769993 -0.72885 0.1060703 -0.6764073 -0.7281423 0.1056281 -0.6772382 0.2916563 0.06005138 0.9546364 0.670816 0.641999 -0.3712725 0.6709506 0.6420349 -0.3709672 0.670675 0.6420991 -0.3713542 0.405061 -0.8290284 -0.3855354 0.4057325 -0.8291062 -0.3846611 0.4053231 -0.8289524 -0.3854232 0.567421 0.1715725 0.8053547 0.125687 0.2240162 0.9664469 -0.2390865 0.3412844 0.9090449 0.3167224 0.6236951 -0.7146267 0.3170585 0.6237897 -0.7143952 0.3169832 0.6235557 -0.7146329 -0.2949321 -0.3685744 -0.8815713 -0.4026346 -0.4451506 -0.799829 -0.4027698 -0.4450091 -0.7998397 -0.4028104 -0.4451912 -0.7997179 -0.5421172 0.2702308 -0.7956659 -0.5417253 0.2698951 -0.7960467 -0.5420994 0.2701939 -0.7956907 0.2785423 0.8180022 -0.5032758 0.7822372 -0.02874356 -0.6223172 0.7823581 -0.02856177 -0.6221739 0.7810302 -0.02940499 -0.6238006 0.6897051 0.6708314 -0.272566 0.6895989 0.6706997 -0.273158 0.689898 0.670681 -0.2724479 0.4183551 0.1428476 -0.8969802 0.5811608 -0.6715099 0.4597027 0.3013947 -0.6737466 -0.674705 -0.03243178 0.3155649 -0.9483497 -0.3022385 -0.08463072 -0.9494681 -0.3030674 -0.08481711 -0.9491872 -0.3023152 -0.08467966 -0.9494393 -0.4652999 -0.6214727 -0.6302919 0.1129709 -0.8447896 -0.5230377 0.1473694 -0.3631002 -0.920022 0.3009448 0.1352652 -0.9439998 0.3009161 0.1352859 -0.944006 0.3007557 0.1350057 -0.9440972 -0.2334753 0.256861 -0.9378229 0.3923079 -0.4196453 -0.8185307 0.4549261 -0.5173819 -0.724816 -0.9872963 0.1469848 -0.06034612 -0.3131497 -0.00348401 -0.9496974 -0.3129288 -0.003366172 -0.9497706 -0.3129387 -0.003471016 -0.949767 -0.5992985 -0.1423251 -0.7877721 -0.008203208 0.2656944 -0.9640225 -0.008444607 0.2654691 -0.9640824 -0.7123041 6.1515e-4 0.7018709 -0.8052949 0.5746375 -0.1459178 0.2834779 0.4018639 -0.8707156 0.2838162 0.4020283 -0.8705295 0.2838215 0.4020282 -0.8705278 -0.07203483 -0.3447148 0.9359395 -0.0718432 -0.3451316 0.9358007 -0.07182753 -0.3449672 0.9358625 0.2683389 0.3362653 0.9027291 0.2681924 0.3361799 0.9028045 0.2683209 0.3360996 0.9027963 -0.237825 -0.2796055 0.9301937 -0.2377477 -0.27983 0.9301458 -0.237765 -0.2794387 0.930259 -0.2290189 0.2455757 0.9419358 -0.2750984 -0.3399674 0.8993015 -0.275556 -0.3398682 0.8991989 -0.2755544 -0.339986 0.8991548 0.2013205 -0.2452906 0.9483156 0.201104 -0.2455462 0.9482954 0.7908975 0.05355107 0.6096012 0.791011 0.05364823 0.6094453 0.7907355 0.0536167 0.6098054 0.274544 0.2637352 0.9246997 0.1992536 0.782418 0.590017 0.1991484 0.7821623 0.5903915 0.1993526 0.7823965 0.5900122 -0.2022146 0.2442348 0.948398 0.560039 -0.6382973 0.5281412 0.4657073 -0.385145 0.7967309 0.4783228 0.8725428 -0.09938013 0.478051 0.8727045 -0.09926778 -0.3923494 0.1384555 0.9093362 -0.9876494 0.1380541 0.07409316 0.2776657 -0.7086201 -0.6486596 0.3771953 -0.195241 0.9053202 0.2876594 0.8619476 0.4174907 0.2356151 0.6583247 0.7149085 0.23527 0.6582514 0.7150897 0.235499 0.6585855 0.7147065 -0.7965142 -0.07538855 0.5999015 -0.2413715 -0.1954231 0.9505522 -0.2416501 -0.1955794 0.9504493 -0.2416047 -0.1956409 0.9504483 0.06478685 -0.9000031 0.431042 0.06478685 -0.9000031 0.431042 0.06478679 -0.9000031 0.431042 -0.3105968 -0.4984731 0.8093543 -0.866752 0.3175524 0.3845797 -0.8671585 0.3175492 0.3836649 -0.8670977 0.3175012 0.3838421 -0.7407076 0.4788994 0.4711771 -0.7406167 0.4786553 0.4715676 -0.7404826 0.4790587 0.4713684 0.3908513 -0.903042 0.1781865 -0.7713313 0.1103954 0.6267864 -0.7712738 0.1102744 0.6268784 -0.7719053 0.1108804 0.6259934 -0.1603389 0.3117551 -0.9365363 -0.1606945 0.3118764 -0.9364349 -0.1605246 0.3118601 -0.9364696 0.370258 0.4435153 -0.8162127 0.5117639 -0.5201542 -0.683767 -0.8358234 -0.527596 0.1517955 -0.2404007 0.236818 -0.9413421 -0.9988296 -0.04664307 0.01280629 -0.9988259 -0.04670768 0.01286309 -0.9988504 -0.0463863 0.0120967 0.2190784 0.6273461 0.7472895 0.4590166 -0.7447873 -0.4843508 0.4584478 -0.7451638 -0.4843105 0.458697 -0.744997 -0.4843311 0.3710417 -0.7099071 0.5986317 0.2951905 0.05889207 -0.9536217 -0.09642159 0.271041 -0.9577263 -0.09597218 0.2712078 -0.9577242 -0.3209299 -0.1651907 -0.9325858 0.004440546 -0.8687011 -0.4953169 0.1452184 -0.276925 -0.9498549 0.1452291 -0.2771558 -0.949786 0.145052 -0.2772206 -0.9497941 0.2241387 0.1811423 -0.9575747 -0.339415 0.9383184 -0.06600052 -0.268716 -0.3027291 -0.9144107 0.4941599 -0.5130216 -0.7018652 0.505926 0.5703635 -0.6470892 -0.3201119 -0.1555263 -0.9345266 -0.3196011 -0.1557527 -0.9346637 0.9603568 0.1218419 0.250738 0.960208 0.1222605 0.2511035 0.9601948 0.1223888 0.2510917 0.2518661 0.2413834 0.9371754 0.2517556 0.2412794 0.9372318 0.2518903 0.2411967 0.9372169 0.2645588 -0.2043377 0.9424727 0.2647659 -0.2045777 0.9423625 0.2645083 -0.2043941 0.9424747 0.9415013 0.1240797 0.3133364 -0.3389635 0.8445241 0.4145877 -0.2967023 0.2221753 0.9287659 -0.7818419 -0.5090109 0.3600432 -0.7818093 -0.5092357 0.3597962 -0.2363607 -0.3587425 0.9030157 0.4894077 -0.3865842 0.781686 0.4890475 -0.386892 0.7817591 0.544108 -0.4199124 0.7263746 0.5441077 -0.4199138 0.7263741 0.5440526 -0.4196689 0.7265568 0.3465305 0.5977597 0.7229107 0.3465688 0.597914 0.7227647 0.3464261 0.5975835 0.7231066 0.1737351 0.4600301 0.8707402 -0.5774866 0.2192547 0.7864075 -0.5775621 0.2194032 0.7863106 -0.5775592 0.2194845 0.78629 -0.8680838 0.1975261 -0.4554271 -0.8683175 0.1974366 -0.4550205 -0.8681316 0.1974418 -0.4553726 -0.07861614 -0.3288373 0.9411087 0.3023046 -0.8328676 -0.4636202 0.4003283 -0.2224507 0.8889617 0.1659793 0.3735045 0.9126585 0.166036 0.3737609 0.9125431 0.1664495 0.3735195 0.9125666 -0.7156122 0.6653032 0.2127696 -0.7154652 0.6653938 0.2129805 -0.7156856 0.6652559 0.2126705 0.6065805 0.5396654 0.5837991 -0.1147663 0.02398407 -0.993103 0.06234377 -0.004815638 -0.9980431 0.792855 0.5807468 0.1846997 0.9058285 0.3379905 -0.2554157 -0.3996639 0.9156234 -0.0436185 -0.4045296 0.9138152 -0.03602349 -0.243225 0.5504034 0.7986851 0.487699 0.3602842 0.7952013 -0.8285235 -0.5359459 0.1622069 -0.9184986 -0.3310394 -0.2162713 -0.5150778 -0.3312586 0.7905458 0.2574173 -0.5494924 0.7948551 0.4057199 -0.9130082 -0.0425145 0.4060196 -0.912872 -0.04257959 0.4251164 -0.9050719 -0.01100289 -0.003077208 -0.004290223 0.9999861 -0.009222745 0.001357257 0.9999566 6.3685e-4 0.006513595 0.9999787 -0.003097474 -0.004507184 0.9999851 -0.006299436 -0.002672851 0.9999766 0.00442028 0.005814194 0.9999734 -0.008784115 2.01042e-4 0.9999615 -0.003497838 -3.0468e-5 0.999994 -0.003251373 -0.004275381 0.9999856 0.009742081 7.87752e-4 0.9999523 0.00565803 -0.009570538 0.9999382 0.5332072 0.8191528 -0.2113736 0.9815076 -0.1628118 -0.1006744 0.3828905 -0.901266 -0.2027674 0.3831427 -0.9011005 -0.2030264 0.3830577 -0.9011275 -0.2030674 -0.3207768 -0.9019814 0.2890192 -0.3211957 -0.9019024 0.2888 -0.3207833 -0.9019743 0.2890335 0.5669065 -0.8189454 0.0891385 0.9824337 -0.1603381 -0.0954765 0.7368443 0.6535032 0.1731883 -0.6257339 -0.7002484 -0.3436705 -0.6256844 -0.7003638 -0.3435255 -0.625599 -0.7004094 -0.3435878 -0.9573658 0.2096115 -0.1987809 -0.3209073 0.9239627 -0.208114 -0.3209382 0.9239048 -0.2083231 -0.3209225 0.9239208 -0.2082765 0.03858542 0.9846501 0.1702217 -0.7109784 0.6713364 0.2093256 -0.9809443 -0.0641902 0.1833791 0.03334188 -0.08710432 -0.9956411 0.03664779 -0.04710042 -0.9982177 -0.0290361 0.109213 -0.9935942 0.04974263 0.09243392 -0.9944756 0.04259651 0.03471606 -0.998489 -0.05590236 -0.06913614 -0.9960398 -0.0549702 -0.0658369 -0.9963152 0.1055931 -0.01991134 -0.9942101 -0.0382176 0.06404006 -0.9972153 -0.1359285 0.02846384 -0.9903097 -0.5354293 -0.385555 0.7514405 -0.6773961 0.7267358 0.1139722 0.5126839 0.4815298 0.7108336 0.02082747 -0.7323949 -0.6805616 0.5387531 -0.6061043 0.5851349 -0.7564976 -0.1980761 -0.6232796 -0.7565776 -0.1979285 -0.6232293 -0.7565864 -0.1980364 -0.6231843 0.08146917 0.5160583 -0.8526703 0.08128857 0.5159857 -0.8527315 0.08144617 0.5159804 -0.8527197 -0.5516645 0.0843566 -0.8297892 0.7250892 -0.1314323 -0.6759965 0.7246496 -0.1310473 -0.6765425 0.7247424 -0.1313131 -0.6763914 -0.08131784 -0.8505148 0.5196268 -0.0814538 -0.8510656 0.5187028 -0.08132636 -0.8511844 0.518528 0.006079971 0.2777458 0.9606354 -0.4681603 0.8094708 0.3543772 -0.524415 -0.06076079 0.8492922 -0.4814577 -0.0465579 0.8752319 0.9036387 -0.3485804 -0.2488554 -0.4722083 -0.8688069 -0.1489762 -0.6613381 0.6701603 0.3369232 0.05198657 0.3043379 -0.9511445 0.708511 0.5149748 -0.4825072 -0.7475153 -0.6539245 0.1166344 -0.2098526 0.7845672 0.583452 -0.2099141 0.7845095 0.5835074 -0.2097088 0.7850694 0.5828279 0.9411385 -0.06325435 -0.3320501 -0.334751 -0.07446581 -0.9393598 -0.7644795 0.08536612 -0.6389709 -0.1745322 0.4839927 -0.8574903 0.4738861 0.5674237 -0.6733962 0.4741755 0.567375 -0.6732335 0.4743059 0.5673157 -0.6731916 0.4823499 0.1217206 -0.8674808 0.9107342 -0.1834318 -0.3700217 0.9105029 -0.1834844 -0.3705647 0.9106822 -0.1833235 -0.3702033 -0.02768903 -0.3984316 -0.9167801 -0.02861905 -0.4035928 -0.9144911 -0.0286501 -0.403863 -0.9143708 -0.02882057 -0.4040462 -0.9142845 -0.1067013 0.4365784 -0.8933164 0.06280225 -0.3726887 -0.9258289 0.278508 0.0838114 -0.95677 0.2784966 0.08377259 -0.9567767 0.2781945 0.08389657 -0.9568539 -0.1769658 0.2584987 -0.9496639 -0.237272 -0.3363764 -0.9113467 0.305706 -0.1190514 -0.9446537 -0.2755589 -0.03737246 -0.9605575 0.2339522 0.2219986 -0.9465638 0.2341456 0.2221969 -0.9464694 0.2339987 0.2220261 -0.9465459 0.139824 0.8938987 -0.4259042 0.1551178 -0.287589 -0.9451091 -0.1434048 -0.9733912 -0.1787307 -0.1437208 -0.9733856 -0.178507 -0.1435475 -0.9734196 -0.1784617 0.662103 -0.6221469 -0.4177955 0.3341819 0.0596981 0.9406161 -0.2638855 -0.7826323 0.563783 -0.3525794 0.108608 0.929458 0.1466621 -0.3224638 0.9351511 0.2475515 0.2197691 0.9436206 -0.216919 0.9753761 0.03984516 -0.278023 0.3948831 0.8756545 -0.2774878 0.3948156 0.8758545 -0.2777598 0.3946191 0.8758569 -0.4804238 -0.3533976 0.8026849 -0.7404044 -0.6502037 0.1704011 -0.7403927 -0.6505794 0.169013 -0.7404678 -0.6504428 0.1692089 0.2382388 -0.3041757 0.9223445 0.6387075 -0.5184323 0.5685778 0.3260559 0.3190395 0.8898884 0.3430969 0.3458544 0.8733095 0.3429346 0.345746 0.8734161 0.342076 0.3454577 0.8738667 -0.6466417 0.6484753 0.4016644 -0.1808276 -0.463548 0.8674241 -0.1805498 -0.4634259 0.8675473 -0.1798065 -0.4624462 0.8682241 0.07054829 0.8601033 0.5052182 0.07020592 0.8602144 0.5050765 0.07034128 0.8602533 0.5049915 -0.1438589 0.3458296 0.9272037 -0.1441684 0.3459275 0.927119 -0.9587894 -0.1188297 0.2580746 -0.9587384 -0.1186263 0.2583573 -0.9588013 -0.1189537 0.2579733 -0.2146547 -0.2243771 0.9505674 -0.2140289 -0.2242141 0.950747 -0.2144942 -0.2242425 0.9506354 0.2845165 -0.8455159 0.4518333 0.2901458 -0.1687027 0.9419951 0.289994 -0.1688389 0.9420175 0.2900443 -0.1687743 0.9420136 0.9160109 0.1647096 0.3657798 0.9159342 0.1646193 0.3660126 0.9159843 0.1646041 0.3658941 0.05658829 0.3315906 0.9417247 0.8050365 -0.2614456 0.5325058 0.8051747 -0.2611461 0.5324439 0.8052021 -0.2616444 0.5321578 0.953819 -0.02214938 0.2995642 -0.9385827 0.2841902 -0.1957004 0.6186098 -0.4663189 0.6323517 0.6182063 -0.4667161 0.6324532 0.6184408 -0.4669094 0.6320812 -0.6354605 0.06843024 -0.7690951 -0.6355769 0.0687204 -0.7689731 0.6838692 0.6980081 0.2123858 0.6839488 0.6978443 0.2126677 0.5084164 -0.8598376 0.04682004 0.5084661 -0.8598135 0.04672545 0.508342 -0.8599462 0.04561692 -0.7967716 -0.437339 0.417001 -0.7965441 -0.4375466 0.4172179 -0.7966458 -0.437829 0.4167271 -0.1776189 0.9233939 -0.3402872 -0.1777388 0.9234427 -0.3400923 -0.1772614 0.9231406 -0.3411595 0.1716002 -0.7314999 -0.659895 -0.3246747 0.1156449 -0.9387292 0.1190431 -0.2455708 -0.9620415 0.856235 0.09688234 -0.5074205 0.1201777 0.3569924 -0.9263443 0.1200277 0.356645 -0.9264975 0.1200506 0.356717 -0.9264669 -0.1361322 -0.3423664 -0.9296523 -0.1363545 -0.3424857 -0.9295758 -0.1359724 -0.3422417 -0.9297216 0.2638593 -0.09274607 -0.960092 0.2639077 -0.0927543 -0.9600779 0.2642171 -0.0928272 -0.9599857 0.04743945 0.3178299 -0.9469603 0.04760324 0.3180385 -0.946882 0.04715573 0.3177584 -0.9469984 -0.08490735 -0.2823884 -0.9555352 0.2694341 -0.03029018 -0.9625424 0.278619 0.9603672 -0.008143067 0.2785218 0.960398 -0.007823288 0.2783172 0.9604547 -0.008161723 -0.09162229 0.2788755 -0.9559466 -0.09148049 0.2793185 -0.9558308 -0.0917918 0.2789617 -0.9559051 -0.1888063 -0.2546063 -0.9484345 -0.3195341 0.4145953 -0.8520615 -0.7092517 -0.0322948 -0.7042152 -0.7091585 -0.03183871 -0.7043298 -0.8637736 0.4976393 -0.07905983 -0.7573853 -0.556115 -0.3422044 -0.7575678 -0.5553641 -0.3430187 -0.7575016 -0.5558553 -0.3423686 -0.3697024 -0.09728121 0.9240437 -0.1539599 0.3472628 0.9250433 -0.1538316 0.3471863 0.9250932 -0.1541074 0.3475361 0.9249161 -0.07475024 -0.2399773 0.9678964 -0.07599163 0.2872392 0.9548398 0.2250369 -0.07062476 0.9717873 0.3280115 -0.4527142 0.8291311 0.3280735 -0.4529372 0.8289848 0.3282935 -0.4525328 0.8291185 -0.2942553 -0.08491027 0.9519475 -0.2938646 -0.08515751 0.9520462 -0.2938235 -0.08507025 0.9520666 -0.1985839 0.9636176 -0.1789011 -0.8448036 -0.4548088 0.281879 -0.8448233 -0.4548131 0.2818135 -0.8438954 -0.4552934 0.2838107 0.6738666 0.6301056 -0.385838 0.6738955 0.6303893 -0.3853236 0.6737425 0.6302937 -0.3857473 -0.8651061 0.4978768 0.06091171 0.6226465 -0.5688405 -0.5373378 0.2344605 0.1053168 0.966404 0.0278486 -0.8611554 0.5075786 0.03451317 -0.8981381 0.438357 0.5278768 0.2673249 0.8061535 -0.2973526 0.2533009 0.9205543 -0.7895508 -0.5884779 0.1740786 0.02022868 -0.2655822 0.9638761 -0.3551209 0.5909309 0.7243549 0.5450254 0.279444 0.7904799 0.5447942 0.2799701 0.7904531 0.5451253 0.27986 0.7902638 -0.8142402 0.1988074 0.5454252 0.259785 0.9455648 0.196008 0.8638783 -0.4983295 0.073363 -0.1203464 0.2337661 -0.9648162 -0.1201582 0.2333941 -0.9649297 -0.1200518 0.2333731 -0.964948 0.308728 -0.3621513 -0.8795076 -0.6676825 -0.4918178 -0.5588519 -0.2765056 0.8445528 -0.458558 -0.2762358 0.8445332 -0.4587566 0.582576 -0.7379262 -0.3406909 0.5825539 -0.7380287 -0.3405066 0.5821895 -0.7378695 -0.3414734 -0.8079141 -0.5836573 -0.08135724 -0.8077384 -0.5838832 -0.08148002 -0.8078631 -0.5837432 -0.08124786 -0.4335865 0.8861217 -0.16368 0.3231657 -0.1386746 -0.9361268 0.9204257 0.3817654 -0.08409357 -0.4095134 0.882981 -0.2294417 -0.4098306 0.8827475 -0.2297733 -0.4098804 0.8827179 -0.2297983 -0.2529882 0.1350272 -0.9580004 -0.06114882 -0.2977763 -0.9526752 -0.0609188 -0.2975477 -0.9527615 -0.06083071 -0.2976818 -0.9527251 0.3012115 -3.51729e-4 -0.9535574 0.3017269 -2.35504e-4 -0.9533944 0.3013259 -3.57087e-4 -0.9535211 0.5826464 0.4040645 -0.7051631 -0.57915 -0.3550161 -0.733859 0.3063889 0.0672183 -0.9495302 -0.6415777 0.2722189 -0.7171297 -0.6415066 0.2725415 -0.7170708 -0.3538399 -0.451775 -0.8189607 -0.1602456 -0.26529 -0.950759 0.2944801 -0.01456344 -0.9555467 0.242221 0.8620458 0.4452035 0.5625483 -0.8258433 -0.03901684 0.5628198 -0.8256621 -0.03893876 -0.1810854 0.4043571 -0.8964951 -0.1826977 0.4051869 -0.895793 -0.1805489 0.4041898 -0.8966788 -0.01269423 -0.9771475 -0.2121829 0.3901053 0.884984 0.2542074 0.3900597 0.8848594 0.2547105 0.390035 0.8849102 0.2545716 -0.2765624 -0.3139309 0.9082734 -0.2763411 -0.3138352 0.9083738 -0.2764774 -0.3138844 0.9083154 -0.2712992 0.2018464 0.9410924 -0.2712944 0.2019889 0.9410632 -0.2718861 0.2029385 0.940688 -0.3142778 -0.07239717 0.9465666 0.6416931 -0.7611879 0.09393072 0.6419848 -0.7608769 0.09445619 0.6417996 -0.7610817 0.09406465 0.2585974 0.2127035 0.9422764 0.2586409 0.2126132 0.9422848 0.2586989 0.2121458 0.9423742 -0.3717511 0.9101081 0.1830422 -0.3715105 0.9100406 0.1838641 -0.3720565 0.9100396 0.182762 -0.7686976 -0.5993749 -0.2232798 -0.7688946 -0.5990247 -0.223541 0.1077384 -0.3094819 0.9447823 0.7226304 -0.6833787 0.1039183 0.7226305 -0.6833786 0.1039183 0.7226303 -0.6833786 0.1039183 0.2097895 0.1889486 0.9593158 0.4248898 0.8541651 -0.2997843 -0.7731682 0.2396492 0.587179 -0.7728605 0.2395232 0.5876354 -0.7733206 0.2395346 0.5870251 -0.3794307 -0.6576187 0.6508227 -0.3795057 -0.6576196 0.6507779 -0.3786674 -0.6571981 0.6516913 0.3080956 -0.2844688 0.9078296 0.8474421 -0.4754959 0.2361049 0.2576166 0.2635324 0.9296151 0.3055525 0.8686093 -0.3900715 0.305606 0.8685473 -0.3901675 0.3054042 0.8688897 -0.3895627 -0.2585802 0.1291084 0.9573231 -0.6531693 -0.1143425 -0.748529 -0.6537553 -0.1150453 -0.7479096 -0.6533159 -0.114665 -0.7483518 0.05980622 -0.2736932 0.9599559 0.6446368 -0.6543504 -0.3953088 0.6445529 -0.6546741 -0.3949095 0.6445636 -0.6542336 -0.3956213 0.2469 0.177462 0.952653 0.3301295 0.7513044 -0.571451 0.3300468 0.751658 -0.5710337 0.3302584 0.7513668 -0.5712945 0.06832897 -0.3364335 -0.939225 0.06828629 -0.3365448 -0.9391884 0.0682187 -0.3364235 -0.9392366 -0.2878435 -0.03998547 -0.9568424 -0.5648554 0.5957298 0.571003 0.2904869 -0.01140171 -0.9568111 0.2903454 -0.01149368 -0.956853 0.2900314 -0.01160234 -0.9569469 0.323898 0.8924942 0.3139178 -0.05681091 0.2855185 -0.956688 -0.0568881 0.2856057 -0.9566574 -0.05686533 0.2854411 -0.9567078 -0.8245524 -0.2451117 0.509935 0.6408231 -0.4603998 -0.6143109 0.2439523 -0.3096437 -0.9190256 0.05267316 0.3041381 -0.9511707 0.0525707 0.3043352 -0.9511133 0.05275529 0.3046511 -0.951002 -0.9859012 -0.1366137 0.0966199 -0.2677153 -0.1141706 -0.9567098 0.2498444 -0.9475189 -0.1994634 0.8143361 -0.09731101 -0.5721776 -0.1086269 0.4692541 -0.8763566 0.1130599 0.2046864 -0.9722762 -0.4918212 -0.2135134 -0.8441114 -0.4918566 -0.2136024 -0.8440682 -0.4919901 -0.2136704 -0.8439732 -0.2417568 -0.953678 0.1790311 -0.2421342 -0.9534266 0.179858 -0.2419473 -0.9535155 0.179638 0.9886924 -0.1146054 0.09671109 0.4965173 -0.8346715 0.2383154 -0.1414965 -0.3005378 0.9432157 -0.1408328 -0.3005973 0.943296 -0.1411707 -0.3006144 0.9432402 -0.2142153 0.1800838 0.9600425 -0.2142477 0.1799939 0.9600521 -0.2143285 0.1798708 0.9600571 -0.9911054 -0.1294428 -0.03089976 -0.9910851 -0.1297494 -0.03026056 -0.9910835 -0.1296387 -0.03078138 -0.2644186 -0.2680526 0.9264074 -0.264586 -0.2678146 0.9264284 -0.2644763 -0.2678365 0.9264534 0.2538106 -0.8008899 0.5423613 0.2541845 -0.8012585 0.5416412 0.2542546 -0.801208 0.541683 0.2898489 -0.06817942 0.954641 -0.1741504 0.3605902 0.9163222 -0.4874333 0.6312204 -0.6032991 1.41056e-4 0.9606972 0.2775985 -0.2501159 0.3390274 0.9069193 -0.2559257 -0.2408125 0.9362218 -0.2560066 -0.2404925 0.9362821 -0.9845708 -0.09848505 0.1446416 0.4860123 -0.003143727 0.8739464 0.485939 -0.003167808 0.8739871 0.4858663 -0.003357231 0.8740268 -0.2521809 -0.964379 0.07986396 -0.2521837 -0.9643986 0.07961678 -0.2518806 -0.9644674 0.07974314 0.9814478 0.1836098 0.05520659 0.9813048 0.1841077 0.05608344 0.9813859 0.183889 0.05537641 0.3156199 0.07918053 0.9455763 0.3156206 0.07860726 0.9456239 0.315301 0.07895588 0.9457015 0.01535713 0.02093863 -0.9996628 -0.6617081 -0.7321469 0.1615655 -0.8002206 -0.5620145 -0.2092535 0.6179155 -0.7850872 -0.0426467 0.6211293 -0.7828423 -0.03683102 -0.4095827 -0.4520742 0.792383 -0.4097152 -0.451782 0.7924813 -0.409502 -0.4520387 0.792445 0.3749657 -0.4697042 0.7992363 0.6658383 0.7284066 0.161503 0.8044316 0.5526987 -0.2177472 0.4141252 0.4503291 0.7910147 -0.3748722 0.4689937 0.7996975 -0.6244843 0.7799548 -0.04111099 -0.621449 0.7820641 -0.04665881 -0.001116812 -0.004781544 0.999988 8.84789e-4 0.004473567 0.9999896 0.005144715 -0.00385034 0.9999794 -6.72231e-4 -0.002130389 0.9999975 0.002870917 -0.004054188 0.9999877 9.99667e-5 0.005005002 0.9999875 -0.001121342 -0.006812632 0.9999762 9.76093e-4 -0.006396174 0.9999791 -0.003951132 0.001407742 0.9999912 0.00158894 0.004145085 0.9999902 -0.002326011 -0.006455779 0.9999765 -0.2161267 -0.9636408 -0.157117 -0.2164004 -0.9636107 -0.1569252 -0.2161298 -0.9636394 -0.1571215 -0.9743553 -0.2188671 -0.05223882 -0.8092338 0.5871605 0.01957517 -0.8093584 0.5869746 0.01999783 -0.8091138 0.5873243 0.01962399 -0.1953639 0.9803268 -0.0281524 -0.1954553 0.9803076 -0.02818477 -0.1954714 0.9803072 -0.02808868 -0.1214049 0.9883595 0.09168595 -0.1217324 0.988314 0.09174335 -0.121738 0.9883191 0.09168004 -0.8085367 0.5880452 0.02171427 -0.8086473 0.5878913 0.02175801 -0.8085909 0.5879749 0.0215969 -0.9613468 -0.2703675 0.05209535 -0.9613688 -0.2702301 0.05239969 -0.9613764 -0.2701969 0.05243074 -0.2869178 -0.9577869 -0.01796472 -0.2870554 -0.9577452 -0.01798284 -0.2869351 -0.957779 -0.0181083 0.7178358 0.675709 -0.1677173 0.7897627 -0.5016558 -0.3530106 0.7899231 -0.5016942 -0.3525967 0.7897483 -0.5018005 -0.352837 0.5127151 -0.8381186 0.1862271 0.9627216 -0.1730781 0.2078729 0.7704077 0.6370999 -0.0239948 0.7705429 0.6369223 -0.02436494 0.7703605 0.6371601 -0.02391648 -0.007750034 0.07170659 -0.9973958 -0.02575087 -0.1239189 -0.9919583 0.007558405 -0.2617382 -0.9651094 -0.06434345 0.03510266 -0.9973104 -0.2256504 0.02694803 -0.9738357 -0.09218329 -0.0141077 -0.9956421 -0.06605839 0.04025024 -0.9970036 0.01700156 0.1152657 -0.9931893 0.1515453 -0.09433311 -0.9839386 0.09069693 -0.007078647 -0.9958534 0.03145581 -0.07750725 -0.9964955 0.1190382 0.1118611 -0.9865683 0.2585487 0.6923576 0.673642 0.2585145 0.6925655 0.6734415 0.2586688 0.692259 0.6736972 0.3755564 -0.7526882 -0.5407569 -0.1265866 -0.533963 -0.835978 -0.1262539 -0.5339971 -0.8360067 0.711364 -0.008440911 -0.7027732 0.7113287 -0.008450329 -0.7028087 0.7112872 -0.007975161 -0.7028564 0.5820271 0.565711 -0.5841366 0.5819976 0.5655577 -0.5843144 0.5820279 0.5657016 -0.584145 0.08321523 0.3414428 -0.9362115 0.08308076 0.3417353 -0.9361168 0.08298337 0.3416766 -0.9361468 0.4349554 -0.1620032 -0.8857588 -0.4211581 -0.83415 -0.3561177 -0.4212787 -0.8341078 -0.3560739 -0.4214168 -0.8340271 -0.3560996 -0.8230999 -0.4315148 0.3691903 -0.8270818 0.2017337 -0.5246325 -0.8271763 0.2019051 -0.5244175 -0.8270294 0.2016765 -0.524737 -0.8118147 0.5467898 -0.2048848 -0.8116362 0.5469849 -0.2050716 -0.8118334 0.5466774 -0.205111 -0.2352076 0.7541806 -0.613098 -0.2347423 0.7542843 -0.6131487 0.3197902 0.03346657 0.9468972 0.179462 -0.4447768 0.8774777 0.7025152 0.3906776 0.5948473 -0.1326366 0.4937751 0.8594149 -0.03756582 0.8171291 0.5752295 -0.03773784 0.8171462 0.575194 -0.03769087 0.8171554 0.5751838 0.6393774 -0.5126814 0.5730223 -0.570477 0.3209634 -0.7560017 0.4158894 0.3199602 -0.8512706 0.3650826 -0.5943851 -0.7165341 0.02555668 -0.3364228 -0.9413643 -0.2956428 0.0486558 -0.9540588 -0.1931132 0.9756982 0.1035398 0.6548764 -0.0897662 -0.7503858 0.654904 -0.08960545 -0.7503811 0.6548887 -0.08936285 -0.7504233 -0.1899384 -0.9728477 -0.1322527 -0.6686974 0.03999412 -0.7424584 -0.6686186 0.04008936 -0.7425242 -0.6687669 0.04011255 -0.7423894 -0.1029553 0.4963244 -0.8620107 -0.1031532 0.4964641 -0.8619066 -0.1028751 0.4962663 -0.8620536 0.4760486 0.1625316 -0.8642693 0.4761962 0.1622313 -0.8642444 0.4734833 -0.5092629 -0.718655 0.05102282 -0.3477842 -0.9361853 -0.3972082 -0.7736495 -0.4936519 -0.3944149 0.02149051 -0.9186812 0.4416606 0.1593188 -0.8829233 0.2117182 -0.1817006 -0.9602918 -0.7828339 -0.5856841 -0.2101078 0.5569975 0.4069849 -0.7239593 0.5568283 0.4068081 -0.7241889 -0.433077 0.2988474 -0.8503732 -0.2767325 -0.06690651 -0.958615 -0.2766624 -0.06662285 -0.9586549 -0.276695 -0.06653249 -0.9586519 -0.0787388 0.728325 -0.680693 -0.07865744 0.7288111 -0.6801819 -0.07860171 0.7286197 -0.6803933 -0.1685351 0.6889283 -0.7049638 -0.1684548 0.6885797 -0.7053233 -0.1686057 0.6889888 -0.7048877 -0.08261787 -0.828679 -0.5535932 0.2674132 0.04605239 0.9624809 0.1912094 -0.2336362 0.9533379 0.1913279 -0.2338215 0.9532687 0.1912119 -0.2336365 0.9533373 -0.6941821 -0.05978864 0.717312 -0.3542978 -0.1692007 0.9196979 -0.1362528 -0.9003301 0.4133291 0.9894739 -0.06846809 -0.1274899 0.2261917 0.2520903 0.9408974 -0.3092569 0.9395676 0.1468772 -0.3495156 0.7873619 0.5078389 -0.3523767 -0.3243091 0.8778692 0.7062271 0.6383636 -0.3061621 0.705784 0.638541 -0.3068134 0.705901 0.6384738 -0.306684 -0.1418699 0.2618635 0.9546206 -0.8725741 0.4263386 -0.2384325 -0.3084857 -0.1389284 0.941029 0.1964154 -0.2631708 0.9445434 0.900613 0.3450864 0.264219 0.1745229 0.2895987 0.9411028 -0.4786489 0.8640777 0.1557725 -0.2621604 0.01748645 0.9648659 -0.262315 0.01753371 0.9648231 -0.2622268 0.01757776 0.9648462 -0.7643373 -0.6387495 -0.08824855 -0.7643926 -0.6387103 -0.08805209 -0.7645522 -0.6384919 -0.08825057 -0.05595004 -0.9975046 -0.0430606 0.558714 -0.7274221 0.3983666 0.559094 -0.7274182 0.39784 0.5589478 -0.7275623 0.3977822 -0.3744552 -0.3463017 0.8601503 -0.3748209 -0.3466135 0.8598654 -0.3740349 -0.3460529 0.8604333 -0.5892388 -0.3170715 0.7431443 -0.5889637 -0.3169603 0.7434097 -0.5889692 -0.3169835 0.7433955 0.03982764 0.648138 0.7604808 0.03952479 0.6480229 0.7605946 0.03998428 0.6479081 0.7606685 0.2508919 -0.03236609 -0.967474 0.2510371 -0.03232866 -0.9674375 0.2508217 -0.03232723 -0.9674934 0.8555977 -0.5156857 -0.04495459 0.8556544 -0.5157124 -0.04354661 0.8556973 -0.5156461 -0.04349029 -0.9460727 0.1309584 -0.2963047 -0.9461735 0.1309536 -0.2959846 0.77556 0.6107578 0.1596298 0.7754611 0.6109863 0.1592355 0.7755841 0.6107107 0.159693 0.4485229 -0.7629964 -0.4654716 -0.7551489 -0.6205224 -0.2114288 -0.4400133 0.8523746 -0.2825704 0.7886746 0.3114233 -0.530102 0.7886745 0.3114233 -0.530102 0.7886745 0.3114233 -0.530102 0.9237275 0.3247222 -0.2031828 0.9235765 0.3247789 -0.203777 0.9238135 0.3246105 -0.2029695 -0.01684892 -0.4243076 -0.9053615 -0.01690173 -0.424427 -0.9053045 -0.01673978 -0.4244913 -0.9052773 -0.2434268 0.2560807 -0.9355031 0.2719004 -0.1313076 -0.953325 0.2722687 -0.1312944 -0.9532217 0.2719818 -0.1311184 -0.9533278 0.1081368 0.7080836 -0.6977995 -0.1709563 -0.251311 -0.9526892 -0.01944565 -0.2005323 -0.9794941 0.3682377 0.2280293 -0.9013344 -0.1084669 0.1865231 -0.9764447 -0.1086742 0.1863354 -0.9764574 -0.1084304 0.1868515 -0.976386 -0.2006796 -0.2806412 -0.9385992 -0.2003571 -0.2807231 -0.9386435 -0.006192147 0.2745193 -0.9615617 -0.1643872 -0.3084608 -0.9369252 0.1607832 -0.2795926 0.9465605 -0.1948866 0.1991401 0.9603971 0.3443476 0.05061185 0.9374771 -0.7630239 0.0472241 0.644643 -0.1863214 0.1038409 0.9769859 -0.1863217 0.1039274 0.9769767 -0.18682 0.1042121 0.9768512 0.3517084 -0.4565567 0.8172254 0.351832 -0.4560653 0.8174465 0.3518064 -0.4565134 0.8172073 0.5074782 0.3934301 0.7666021 0.5075599 0.3932663 0.7666321 0.507768 0.3937672 0.766237 -0.1820484 -0.5405109 0.8214052 0.8021262 -0.4467348 0.3962599 0.1463925 0.9796807 -0.1370953 0.1467101 0.9797762 -0.1360697 0.1462409 0.9796808 -0.1372558 -0.7367238 -0.2881388 -0.6117305 -0.7362931 -0.2880036 -0.6123124 -0.7363618 -0.2879595 -0.6122505 0.03547173 -0.2450669 0.9688571 0.7354297 -0.6494162 -0.1933955 0.7352882 -0.6493096 -0.1942895 0.7352775 -0.6493511 -0.1941911 0.6368858 0.2673776 0.7231083 0.654906 0.2915837 0.6971923 0.6547004 0.291585 0.6973848 0.6538182 0.2911757 0.6983828 -0.2766628 0.06908452 0.9584807 0.3497558 0.7407138 0.5735974 0.3500144 0.740487 0.5737326 0.3501707 0.7403507 0.573813 0.7094035 -0.6528925 0.2654772 0.7096013 -0.6523256 0.2663406 0.7095006 -0.6527593 0.2655454 -0.7431541 -0.6646229 -0.0774511 -0.7428001 -0.6651409 -0.07639127 -0.7430347 -0.6647855 -0.07719951 -0.4491675 0.5333744 0.7167707 -0.4504166 0.5338328 0.7156447 -0.4503433 0.5337626 0.7157434 0.1595905 -0.2716083 0.9490836 0.1596375 -0.2719066 0.9489904 0.1596713 -0.2716603 0.9490552 -0.006145119 -0.3609972 0.9325467 -0.006099462 -0.3611186 0.9325 -0.006123721 -0.3612006 0.932468 0.2790747 0.5140017 0.8111225 0.2796491 0.5143904 0.8106781 0.27884 0.5138307 0.8113115 0.5902471 0.7857198 -0.1850755 -0.1544916 -0.2646442 -0.9518907 -0.1547392 -0.2648488 -0.9517936 -0.4027874 -0.4450297 -0.7998194 -0.4027696 -0.4450106 -0.7998389 -0.4028288 -0.4451765 -0.7997169 -0.5417637 0.2704645 -0.7958273 -0.5415652 0.2702646 -0.7960303 -0.5419073 0.2703507 -0.7957683 0.2783884 0.817016 -0.5049602 0.7823613 -0.02878063 -0.6221597 0.782535 -0.02849942 -0.6219542 0.7811734 -0.02946352 -0.6236187 0.4694328 0.8687365 -0.1578922 0.4691882 0.8688982 -0.157729 0.3097354 0.07390642 -0.9479462 -0.4319229 0.668322 -0.6056306 -0.7432243 -0.661505 -0.1001443 0.5418546 -0.6099161 -0.5782698 0.6188225 -0.6352247 -0.4621129 -0.04395389 0.3286796 -0.9434182 -0.30154 -0.08297491 -0.9498363 -0.302348 -0.08322566 -0.9495574 -0.3016192 -0.08292603 -0.9498154 -0.4653238 -0.6214463 -0.6303002 0.1129695 -0.8447834 -0.5230478 0.1473669 -0.3630981 -0.9200233 0.3022371 0.1346984 -0.9436679 -0.2328678 0.2564054 -0.9380986 -0.2328339 0.2563831 -0.938113 -0.2328391 0.2565755 -0.9380592 0.6783322 -0.7344973 -0.01947444 -0.1560559 0.2874758 -0.9449891 -0.1559761 0.287365 -0.9450359 -0.1558021 0.2874116 -0.9450504 -0.9247005 0.1570887 0.3467742 -0.9247004 0.1570887 0.3467742 -0.9247005 0.1570887 0.3467741 -0.2843034 -0.1218245 -0.9509629 0.2735638 0.03325963 -0.9612787 0.2738865 0.03325271 -0.961187 0.2735963 0.03340232 -0.9612646 -0.3972536 -0.006432533 -0.9176864 -0.3507107 0.4896542 -0.7982736 -0.7749252 0.4716756 -0.4207292 0.03315144 -0.3609587 0.9319924 0.3271935 0.3808104 0.8648282 -0.2404885 -0.2852145 0.9278028 -0.240132 -0.2855349 0.9277966 -0.3355409 0.2604303 0.9053112 -0.2773944 -0.342971 0.8974538 0.2013183 -0.2452848 0.9483177 0.7909837 0.05361455 0.6094838 0.7910858 0.0536192 0.6093508 0.7908048 0.05357843 0.6097189 0.2744618 0.2637341 0.9247244 0.1995271 0.7824434 0.589891 0.1993185 0.7820531 0.5904788 0.19937 0.7824005 0.5900009 -0.2027997 0.2432227 0.9485331 0.4674698 -0.4768845 0.7443475 0.4381094 -0.3948972 0.8075374 0.4382593 -0.39493 0.80744 0.4380765 -0.3948456 0.8075803 0.5477236 0.7807245 0.3007794 -0.4131364 0.1551792 0.8973504 -0.9761899 0.1981911 -0.08816874 0.2235953 -0.6097998 -0.7603614 0.2232913 -0.6096739 -0.7605516 0.2237525 -0.6095477 -0.7605174 0.2209774 0.2093387 0.9525473 0.3420102 0.669104 -0.6597946 0.3417665 0.6694502 -0.6595696 -0.2945479 0.1321964 0.946449 -0.9940248 -0.05338209 0.09521162 -0.9940078 -0.05306166 0.09556776 -0.215857 -0.2890754 0.9326528 0.06472921 -0.9001622 0.4307183 -0.3105976 -0.4984773 0.8093513 -0.8618156 0.3149046 0.3976295 -0.8623028 0.3148077 0.3966486 -0.862226 0.3149448 0.3967065 -0.7096013 0.3548935 0.6087008 0.3908671 -0.9030297 0.178214 -0.7713833 0.1102922 0.6267404 -0.7712717 0.1102335 0.6268881 -0.7718968 0.1106469 0.6260452 -0.1606519 0.3114393 -0.9365877 0.3702574 0.4434879 -0.816228 0.5118737 -0.5202152 -0.6836384 -0.7775078 -0.5519784 -0.3013331 -0.7775078 -0.5519784 -0.3013331 -0.3161838 0.2736431 -0.9083762 -0.5464325 0.830559 -0.1076265 -0.9988172 -0.04762828 0.009790241 -0.9988279 -0.04735946 0.009990811 -0.9988399 -0.04718506 0.009608983 0.2292684 0.6377686 0.7353143 0.4589399 -0.7448028 -0.4843995 0.4586516 -0.744881 -0.4845525 0.3709554 -0.7097576 0.5988625 0.2952048 0.0589264 -0.9536152 -0.0968405 0.2722272 -0.9573475 -0.09685862 0.2723554 -0.9573092 -0.0969513 0.272098 -0.957373 -0.3209788 -0.1652657 -0.9325556 0.004424512 -0.8688316 -0.4950881 0.003995716 -0.8689393 -0.4949027 0.003954052 -0.8687877 -0.4951691 0.1455386 -0.2764871 -0.9499335 0.1454403 -0.2767081 -0.9498841 0.1455782 -0.2769722 -0.9497861 0.2222743 0.1778521 -0.9586254 -0.2687252 -0.3027541 -0.9143997 0.4939804 -0.5129709 -0.7020287 0.5060253 0.5707753 -0.6466483 0.505708 0.5708403 -0.6468392 0.5062194 0.5707233 -0.6465423 -0.3201154 -0.1555167 -0.9345271 -0.3198176 -0.1556491 -0.9346069 -0.3198732 -0.1559302 -0.9345411 0.8435583 0.1920548 0.5015223 0.843319 0.1916819 0.5020671 0.8432518 0.1919682 0.5020703 0.280559 0.2554624 0.9252165 0.2804632 0.2552232 0.9253117 0.2801795 0.2551015 0.9254311 0.2647281 -0.2045282 0.9423839 0.9757753 0.1883173 0.1113528 0.9758003 0.1880602 0.1115669 -0.5735374 0.6303799 0.5231407 -0.5735374 0.6303799 0.5231407 -0.3421962 0.4185482 0.8412605 -0.3420445 0.4188362 0.841179 -0.3419528 0.4187787 0.8412449 -0.5742152 -0.4772555 0.6652098 -0.2363495 -0.3587396 0.9030198 0.4890216 -0.3868924 0.7817751 0.4892207 -0.3866224 0.781784 0.5444964 -0.4199157 0.7260817 0.5445762 -0.4198998 0.726031 0.5443991 -0.4192751 0.7265247 0.3466073 0.5976802 0.7229398 0.3466492 0.5978243 0.7228004 0.3465043 0.5975344 0.7231097 0.1737444 0.4600132 0.8707472 -0.5774603 0.2192581 0.7864259 -0.5778748 0.2194396 0.7860706 -0.5774844 0.2195435 0.7863286 -0.8680116 0.1973988 -0.4556201 -0.8683819 0.1970295 -0.455074 -0.8680759 0.1972481 -0.4555628 -0.0786153 -0.3288384 0.9411085 0.3023039 -0.8328357 -0.4636779 0.4003475 -0.2225178 0.8889364 0.1664814 0.373521 0.9125602 -0.7154178 0.6654899 0.2128396 0.6064761 0.5396409 0.5839302 -0.1147638 0.02398413 -0.9931033 0.06234031 -0.004815578 -0.9980434 -0.6219645 -0.7802384 -0.06624346 -0.6701924 -0.7417772 0.02467453 0.1743777 -0.7425997 0.646636 0.6122433 -0.7699187 0.1799543 -0.4096267 -0.4515807 0.7926418 0.3751848 -0.4693886 0.7993189 0.673285 0.7380562 -0.04427725 0.4766333 0.8225848 0.3101211 0.4137261 0.4509103 0.7908924 0.41372 0.4507347 0.7909957 0.4136295 0.4508478 0.7909786 -0.3749889 0.4692231 0.7995081 -0.7100924 0.6476812 -0.2761846 -0.6218433 0.7828418 -0.02167367 0.01271849 -0.02125203 0.9996933 0.004581749 -0.005720019 0.9999732 -0.005130946 -0.006430625 0.9999662 -0.006262183 -7.1117e-4 0.9999802 0.02463901 0.01380372 0.9996011 -0.006239116 -4.82393e-4 0.9999805 -0.001838922 -0.007247745 0.9999721 0.001607954 0.005394756 0.9999842 -0.00178492 -0.007402777 0.999971 -0.2667011 -0.9631721 -0.03420579 -0.9622901 -0.2720239 -9.57859e-4 -0.9621596 -0.2724851 -9.46056e-4 -0.9622227 -0.2722612 -0.001185417 -0.780543 0.6221002 0.06118953 -0.7805936 0.6219841 0.06172251 -0.7804857 0.6221763 0.06114691 -0.7819778 0.6206024 0.05799573 -0.7819148 0.620678 0.0580365 -0.7819786 0.6206141 0.05785924 -0.9681128 -0.2436615 0.05819618 -0.2872821 -0.9578245 0.00642842 0.1136769 0.9896383 -0.0877133 0.8518887 0.5237179 0.00229144 0.851939 0.5236362 0.002282738 0.8516376 0.5241262 0.002289056 0.9870833 -0.1594772 -0.01528269 0.5517339 -0.8335177 0.02894854 0.5225852 -0.8519776 -0.03223282 0.9791709 -0.198262 0.04378044 0.8560436 0.5166763 0.01533204 0.8559959 0.5167635 0.01505452 0.855965 0.5168073 0.01530867 0.1714816 0.9848557 0.02556544 -0.02631175 -0.09524273 -0.9951063 -0.02439814 -0.1017368 -0.9945122 -0.1960997 -0.04520952 -0.9795413 -0.1061986 0.09887111 -0.9894172 -0.0949552 0.0651136 -0.9933498 0.02281087 0.1641023 -0.9861795 0.1593068 0.09235817 -0.9828995 0.02487015 -0.0746383 -0.9969006 0.04267936 0.1242417 -0.9913338 0.1348246 -0.01481074 -0.9907588 0.09281998 -0.03568726 -0.9950432 0.06071561 -0.08935672 -0.9941474 -0.5274895 0.4162397 0.7406075 -0.6096645 -0.6023323 0.5152719 -0.609376 -0.602298 0.5156531 0.4093719 0.1446455 -0.9008287 0.3306969 0.7740136 -0.5399467 0.3310582 0.7743451 -0.5392497 0.3311278 0.7744027 -0.5391243 0.3267254 -0.752467 -0.5718777 0.1831191 -0.6453155 -0.7416437 0.7997835 0.009807527 -0.6002084 0.7996254 0.01001888 -0.6004156 0.192304 0.2265735 0.9548213 0.7421087 0.1617974 0.6504586 -0.09163844 0.9955652 0.02127057 0.1726429 -0.5863263 0.7914646 -0.5675703 0.2652865 -0.7794145 -0.5674262 0.2655895 -0.7794164 -0.5672442 0.2656147 -0.7795401 0.4145265 0.6110793 -0.6743515 0.4142897 0.6107714 -0.6747758 0.4146423 0.6108729 -0.6744673 -0.7558566 -0.1746889 -0.631003 -0.3908801 -0.1128271 -0.9135004 -0.3909616 -0.1128661 -0.9134607 -0.3912795 -0.1128469 -0.9133269 0.9981202 -0.06128692 -1.73186e-4 0.9981262 -0.06118458 -7.39239e-4 0.9981433 -0.06090795 -3.48085e-4 -0.1892933 -0.7940654 -0.5776056 -0.7753912 0.03481727 -0.6305208 -0.7752177 0.03457516 -0.6307473 -0.7755542 0.03451693 -0.6303367 -0.2198542 0.2318373 -0.9475842 -0.2201238 0.2318159 -0.9475268 -0.2199613 0.2317837 -0.9475724 0.85347 0.06650221 -0.5168814 0.8536443 0.06680643 -0.5165545 0.03650701 -0.4548742 -0.8898072 0.03669995 -0.4546265 -0.8899257 -0.8026435 -0.3856453 -0.4550178 -0.7238767 0.06915384 -0.6864549 -0.2376975 0.2166445 -0.9468712 0.2857359 0.1132683 -0.9515909 -0.08941626 0.995865 -0.01605278 -0.2619627 -0.3190252 -0.9108231 -0.2618442 -0.3189415 -0.9108864 -0.2621021 -0.3187268 -0.9108874 0.2357587 -0.2408742 -0.9414868 0.2354059 -0.2405396 -0.9416608 0.2353969 -0.2403343 -0.9417153 0.1666426 0.2022444 -0.9650531 0.1667105 0.2025635 -0.9649745 0.305667 -0.4632419 -0.8318501 0.3052859 -0.4625611 -0.8323687 0.3056515 -0.4622245 -0.8324217 0.4913788 -0.5659497 -0.662003 -0.3718689 0.2532917 -0.8930605 0.3361178 0.2981192 -0.8933924 0.3356025 0.2975286 -0.8937828 0.3351845 0.2974049 -0.8939809 -0.2421907 0.7569669 -0.6069142 0.006606221 -0.6640427 -0.7476655 -0.1864696 0.9692472 -0.1605893 -0.1863188 0.9691945 -0.1610823 -0.1863793 0.9692686 -0.1605653 -0.08266329 -0.8288481 -0.5533332 0.1585133 -0.2311303 0.9599232 0.1585219 -0.2315959 0.9598095 -0.3054032 0.02146303 0.9519812 -0.6026216 -0.05229222 0.796312 -0.1012254 -0.7884266 0.606743 0.9890154 -0.06930303 -0.130559 0.1368817 0.259276 0.956054 -0.1771873 0.9504309 -0.2555111 -0.3053808 0.06658482 0.9498996 -0.9005966 -0.392199 -0.1873658 -0.9006872 -0.3921806 -0.1869677 -0.9005062 -0.3923459 -0.1874924 -0.05612307 -0.3139483 0.9477798 0.7023823 -0.6937707 0.1591897 0.4613475 -0.1780776 0.8691644 0.4614846 -0.1776187 0.8691856 0.4612998 -0.1776159 0.8692843 -0.008367061 0.3335286 0.9427029 -0.008504509 0.3336273 0.9426667 -0.008364081 0.3336885 0.9426463 -0.9340453 0.3520952 -0.05990487 -0.9340417 0.3521697 -0.05952119 -0.9340965 0.351958 -0.05991125 -0.2067039 -0.169939 0.9635323 0.2480068 -0.1416181 0.9583513 0.2479002 -0.1417351 0.9583615 0.2480237 -0.1416644 0.9583399 0.7255434 0.379301 -0.5742104 0.1369097 0.3590795 0.9232105 -0.8238716 0.3015526 0.4798976 -0.8240472 0.3015257 0.4796129 -0.3433406 0.1557074 0.926214 -0.5769858 -0.6967329 0.426205 -0.5765942 -0.6969648 0.4263558 -0.5766534 -0.6970654 0.4261113 -0.08002382 -0.8722296 -0.4825056 0.3733569 0.6905192 0.6195062 0.3729907 0.6902692 0.6200051 0.3732212 0.6904274 0.6196904 -0.5892371 -0.3173325 0.7430342 -0.5888454 -0.3171387 0.7434273 -0.5889154 -0.3170791 0.7433973 0.05491524 0.7219107 0.6898038 0.8480802 -0.4895718 0.2026812 0.8478469 -0.4893971 0.2040746 0.847819 -0.4894227 0.2041288 -0.9461457 0.1312273 -0.2959526 -0.9460607 0.1309605 -0.2963418 0.4485222 -0.7629944 -0.4654757 -0.5295628 -0.54415 -0.6507412 -0.5294645 -0.5445461 -0.6504898 -0.4251337 0.3487912 -0.8352282 0.5034746 0.367583 -0.7819183 0.5031946 0.3677313 -0.7820288 0.8217073 0.4989242 0.2754482 0.8217756 0.4991229 0.2748843 0.8217258 0.4987677 0.2756764 -0.01635855 -0.4241476 -0.9054453 -0.5677812 0.3808318 -0.7297888 -0.5682271 0.3819192 -0.728873 -0.5677426 0.3813524 -0.7295469 0.2496877 -0.07611405 -0.9653304 0.250061 -0.07617294 -0.9652292 0.2497567 -0.07621908 -0.9653043 -0.1709688 -0.2513375 -0.95268 0.2431889 0.02133035 -0.9697444 -0.0191279 -0.2005977 -0.979487 -0.01913714 -0.2006299 -0.9794803 -0.01945513 -0.2005238 -0.9794957 0.3681998 0.2280114 -0.9013544 -0.1393824 0.1774407 -0.9742112 -0.1396007 0.177529 -0.9741639 -0.1395218 0.1776049 -0.9741613 -0.1664606 -0.2470833 -0.9545894 -0.1663766 -0.2474038 -0.954521 -0.1665352 -0.2471383 -0.9545621 0.007800161 0.2738626 -0.9617373 -0.1542463 -0.3190183 -0.9351125 0.1607684 -0.2795816 0.9465663 -0.2436736 0.1879453 0.9514724 -0.2437691 0.1878172 0.9514732 -0.2436706 0.1879402 0.9514743 0.4330497 -0.02413892 0.9010468 -0.6720466 0.03021979 0.739892 -0.3373956 0.07333916 0.9385018 -0.3373727 0.07320719 0.9385203 -0.3372922 0.07327318 0.9385442 0.3519586 -0.4566045 0.8170909 0.3518882 -0.4560566 0.8174271 0.3521049 -0.4565321 0.8170684 0.5038201 0.4521558 0.7360166 0.1101419 0.9936935 0.02102643 -0.1990362 -0.5747293 0.79377 -0.1990805 -0.5744292 0.7939763 -0.1987136 -0.5747153 0.7938611 0.8021215 -0.4467372 0.3962664 0.1525025 0.8456618 -0.5114677 0.1529101 0.8461498 -0.5105381 0.1523777 0.845611 -0.5115888 -0.7366679 -0.2881379 -0.6117982 -0.7362791 -0.288248 -0.6122142 -0.7363343 -0.2881262 -0.6122052 0.06154477 -0.2295674 0.971345 0.7167258 -0.6482083 -0.2571579 0.7165569 -0.6480797 -0.2579517 0.7165267 -0.6481487 -0.2578621 0.7385411 0.3387411 0.5829336 0.738666 0.3390211 0.5826124 0.738656 0.3392105 0.582515 0.3058412 0.2893962 0.9070342 -0.2930927 0.05372166 0.9545736 0.3502917 0.7420883 0.57149 0.7094579 -0.6528646 0.2654 0.7096371 -0.6522998 0.2663087 0.709496 -0.652769 0.2655335 -0.7430959 -0.6646867 -0.07746064 -0.7427856 -0.6651688 -0.07628953 -0.7429672 -0.6648647 -0.07716727 -0.5202277 0.6508054 0.553006 -0.521204 0.6510973 0.5517416 -0.5209995 0.6511409 0.5518833 0.1596513 -0.2716599 0.9490587 0.1595076 -0.2719351 0.949004 0.1595548 -0.2716533 0.9490769 0.3653296 0.4573655 0.8107719 0.006918787 -0.365243 0.9308866 0.006602168 -0.3651404 0.9309291 0.2788548 0.5141335 0.8111145 0.2793766 0.5144336 0.8107447 0.2786605 0.5141196 0.8111902 0.5900013 0.7857543 -0.1857118 0.5899587 0.7858484 -0.1854481 0.5901884 0.7856053 -0.1857476 -0.1545065 -0.2646402 -0.9518893 -0.1544125 -0.2648302 -0.9518519 -0.1544676 -0.2646875 -0.9518825 -0.4027659 -0.4450325 -0.7998287 -0.4028277 -0.4449573 -0.7998393 -0.4029132 -0.4450301 -0.7997556 -0.5417551 0.2704465 -0.7958392 -0.5415452 0.2702583 -0.7960461 -0.5417463 0.2704274 -0.7958518 0.2783616 0.8169996 -0.5050016 0.7822768 -0.02881568 -0.6222643 0.7824004 -0.02862995 -0.6221174 0.7810276 -0.02949947 -0.6237994 0.4694676 0.8686748 -0.1581277 0.4690444 0.8688942 -0.1581782 0.469197 0.8688408 -0.158019 0.3099072 0.07359004 -0.9479146 0.3098066 0.07339298 -0.9479628 0.3097188 0.07352942 -0.9479809 -0.4320034 0.6683816 -0.6055073 -0.7432062 -0.6615206 -0.1001752 0.5418487 -0.609917 -0.5782744 0.6188279 -0.6352257 -0.4621044 -0.039034 0.33002 -0.9431666 -0.3022389 -0.08463281 -0.9494678 -0.3030229 -0.08490031 -0.949194 -0.3023219 -0.08458596 -0.9494455 -0.4653289 -0.6214531 -0.6302898 0.1129714 -0.844788 -0.5230399 0.1473703 -0.3631025 -0.9200211 0.3025522 0.1351618 -0.9435006 0.3024012 0.1350442 -0.943566 0.3024814 0.1351006 -0.9435322 -0.232584 0.2567867 -0.9380646 0.6783446 -0.734484 -0.01954239 -0.1559926 0.2873544 -0.9450364 -0.1560587 0.2874734 -0.9449893 -0.1558082 0.2875488 -0.9450077 -0.9247571 0.1570881 0.3466235 -0.2845906 -0.1214418 -0.950926 -0.2845009 -0.1215541 -0.9509385 -0.2845852 -0.1213253 -0.9509425 0.2738905 0.03325319 -0.9611859 -0.3973658 -0.006557404 -0.917637 -0.3508203 0.489802 -0.7981349 -0.3508492 0.4893066 -0.798426 -0.784249 0.4715951 -0.4031771 0.03315848 -0.3609287 0.9320038 0.3271993 0.3808172 0.8648231 -0.2379096 -0.2795588 0.930186 -0.237824 -0.2797692 0.9301446 -0.2377655 -0.2794421 0.9302579 -0.3352655 0.2599738 0.9055444 -0.2773405 -0.3429027 0.8974965 0.2013206 -0.2452904 0.9483157 0.7909584 0.0537067 0.6095084 0.7910209 0.05363345 0.6094337 0.7907367 0.05380713 0.6097872 0.2745438 0.263736 0.9246994 0.1991168 0.7824175 0.5900639 0.1992402 0.7821103 0.5904294 0.1993488 0.7824074 0.5899991 -0.2022225 0.2442477 0.948393 0.4674759 -0.4768828 0.7443448 0.4382356 -0.3948559 0.807489 0.4378141 -0.395036 0.8076295 0.5475099 0.7809357 0.3006203 0.5474483 0.7808761 0.3008874 0.5474045 0.7810261 0.3005774 -0.4131375 0.1551796 0.8973498 -0.9761722 0.1981688 -0.08841478 0.2237884 -0.609566 -0.760492 0.2209792 0.2093404 0.9525465 0.3420171 0.6691201 -0.6597748 0.3422068 0.6692591 -0.6595354 0.3417899 0.6691264 -0.6598861 -0.2945464 0.1321958 0.9464496 -0.9940331 -0.053415 0.09510624 -0.9939895 -0.05362522 0.09544289 -0.9940192 -0.05342489 0.09524661 -0.2159084 -0.289116 0.9326283 0.0647701 -0.9001587 0.4307195 -0.310606 -0.498507 0.8093299 -0.8667275 0.3176312 0.3845698 -0.8671566 0.317568 0.3836535 -0.8670858 0.3176015 0.3837859 -0.7092069 0.3518618 0.6109164 -0.7091252 0.3515921 0.6111666 -0.7092065 0.3518501 0.6109236 -0.771376 0.110345 0.62674 -0.7712457 0.1103389 0.6269015 -0.7719213 0.1108365 0.6259816 -0.1606262 0.3114166 -0.9365997 0.3703035 0.4435351 -0.8161813 0.5118222 -0.520177 -0.6837061 -0.8050529 -0.5920134 -0.0375505 -0.5341758 0.821996 -0.1974306 -0.9988174 -0.04762667 0.009784519 0.2292704 0.6377741 0.735309 0.4586576 -0.744885 -0.4845407 0.3710157 -0.7098447 0.5987219 0.2952065 0.0589267 -0.9536147 -0.09741252 0.2722011 -0.9572969 -0.09695184 0.2723332 -0.9573062 -0.320909 -0.1651923 -0.9325926 0.004440724 -0.8687043 -0.4953112 0.1373298 -0.3258512 -0.9353939 0.1376157 -0.326308 -0.9351926 0.318181 0.1307958 -0.9389641 -0.2022878 0.1556959 -0.9668704 0.04468846 -0.277916 -0.9595654 0.5059772 0.5707591 -0.6467002 0.5056803 0.5707699 -0.646923 0.5061409 0.5706505 -0.646668 -0.1501176 -0.1632331 -0.9750999 -0.1496569 -0.1633556 -0.9751502 -0.1496936 -0.1636218 -0.9750999 0.983212 0.1823182 -0.007378935 0.983273 0.18201 -0.006828606 0.9832628 0.1820606 -0.006933271 0.2801838 0.2554315 0.9253389 0.2800447 0.2553541 0.9254022 0.2799726 0.2553264 0.9254317 0.2647781 -0.2046035 0.9423535 0.9758332 0.1878956 0.1115569 0.9757792 0.1883125 0.1113265 0.9758026 0.1880608 0.1115471 -0.5736641 0.6305078 0.5228477 -0.3412564 0.4183024 0.8417644 -0.3415637 0.4183207 0.8416306 -0.3416412 0.4180168 0.8417502 -0.5755466 -0.4775959 0.6638135 0.3967012 -0.3964 0.8279464 0.6883975 -0.5751809 0.4419003 0.6887252 -0.5750315 0.441584 0.2727651 0.3327077 0.9027209 0.4479125 0.7223774 0.5268257 0.4479239 0.7223765 0.5268172 0.4472497 0.7221243 0.5277349 -0.5747435 0.06724786 0.8155659 -0.613416 0.0675587 0.7868651 -0.6129586 0.06709361 0.7872613 -0.6133652 0.06754219 0.7869061 0.167566 -0.7865337 0.594379 0.34423 -0.3588456 0.8676033 0.9604219 -0.236934 -0.1464655 0.1186439 0.3148964 0.9416815 0.1186389 0.3148906 0.941684 0.1185088 0.3149567 0.9416783 -0.1630311 0.3135828 -0.9354607 -0.03010803 0.01181703 -0.9994768 0.9458878 -0.2705876 -0.1791055 0.9811719 -0.02938383 0.1908885 0.9827356 -0.03192824 0.1822394 0.960694 0.2691674 0.06794041 0.905685 0.3110727 0.2880426 0.9921523 0.1241142 -0.01515561 0.9074562 -0.4063888 0.1066375 0.7836362 0.4708551 0.4052281 0.7457895 0.3414295 0.5720351 0.6455162 0.5527287 0.5270673 0.530187 0.5155106 0.6731646 0.5053887 0.7230538 0.4709306 0.399186 0.702471 0.5892242 0.5962168 0.3139725 0.7388821 0.5256205 0.05702662 0.8488058 0.6143319 0.3192362 0.7215848 0.9003404 0.2871256 0.3270264 0.664952 0.09892117 0.7403064 0.9669096 -0.2073951 0.1485706 0.8273346 -0.441794 0.3468945 0.5381485 -0.3086237 0.7843134 0.5296019 -0.5443389 0.6505513 0.6221038 -0.2865132 0.7286269 0.7654383 -0.521265 0.3773421 0.67161 -0.5080904 0.5392441 0.6717921 -0.507933 0.5391656 0.671876 -0.508051 0.5389497 0.222812 -0.284671 0.9323719 0.355166 -0.5632925 0.7460286 0.518509 -0.7957362 0.3129736 0.5290599 -0.542824 0.652256 0.3586518 -0.6870075 0.6319728 0.275923 -0.5407838 0.794619 -0.3689038 -0.7136307 0.5955175 -0.1135609 -0.3355556 0.9351505 0.1135312 -0.3911042 0.9133172 0.3033698 -0.6303028 0.7146224 0.1880361 -0.528256 0.8280025 0.1265431 -0.8335272 0.5377911 -0.05800515 -0.9797776 0.1914975 -0.07193911 -0.2403231 0.9680235 -0.3201655 -0.2102169 0.923744 -0.6887215 -0.3570841 0.6309942 -0.5208824 -0.8366807 0.1692545 -0.4727705 -0.6310026 0.6150804 -0.4170011 -0.7596486 0.4990434 -0.5137563 -0.6382189 0.5733507 -0.2512696 -0.7794848 0.5738182 -0.1778332 -0.9572355 0.2282009 -0.1778332 -0.9572355 0.2282009 -0.1778332 -0.9572355 0.2282009 -0.2970861 -0.8488453 0.4372659 -0.3277024 -0.8739618 0.3588901 -0.2630355 -0.8300822 0.4917071 0.06529879 -0.8837046 -0.4634679 -0.06524384 -0.9541302 0.2921965 -0.2501322 -0.9672593 -0.04293501 -0.1157294 -0.9093561 0.3995978 -0.2922385 -0.9297505 0.223966 -0.03729045 -0.8440653 0.5349423 0.1161645 -0.9606419 0.2523348 0.3791506 -0.7563406 -0.5330983 0.398281 -0.8953486 0.1993068 0.2937144 -0.8664914 0.4036394 0.1251425 -0.9397521 0.3181284 0.2128822 -0.8054754 0.553074 0.2129805 -0.8052765 0.5533257 -0.5862166 -0.4728415 0.6578534 -0.7544015 -0.4821982 0.44538 -0.7543274 -0.482455 0.4452276 -0.754303 -0.4826346 0.4450741 -0.6211361 -0.4901501 0.6115087 -0.945879 0.2705993 -0.1791344 -0.981172 0.02938348 0.190888 -0.9827392 0.03193348 0.1822199 -0.9606729 -0.2692217 0.06802481 -0.8829742 -0.3193867 0.3440189 -0.9921532 -0.1241046 -0.01517355 -0.9074448 0.4064039 0.1066766 -0.4810951 0.1507372 0.8636122 -0.4566388 -0.04421353 0.888553 -0.6884931 -0.3570255 0.6312766 -0.9116443 -0.3244267 0.2522936 -0.6603034 -0.1041543 0.7437415 -0.7701464 0.02012062 0.6375499 -0.6933029 0.166189 0.701222 -0.7254318 0.3315732 0.603165 -0.6510549 0.3685897 0.6635279 -0.5780154 0.3572382 0.7336751 -0.009111344 0.2962934 0.9550535 0.294188 0.5650479 0.7708271 -0.2158151 0.3883971 0.8958636 -0.1948027 0.9650963 0.1750458 0.1050074 0.9792052 0.173582 0.01355534 0.9998695 0.008803308 0.2062859 0.9784877 -0.002848386 0.4022023 0.9063379 0.1295567 -0.4086591 0.8858697 0.2196193 -0.3048346 0.9517721 0.03472709 -0.1258933 0.9918898 0.01747673 -0.5203084 0.4470452 0.7276192 -0.7353969 0.3439161 0.5838778 -0.5848047 0.3646636 0.7245854 -0.5662049 0.5747845 0.5907918 -0.453583 0.6951236 0.5577327 -0.4531641 0.6952304 0.55794 -0.453426 0.695025 0.5579831 -0.4502851 0.687285 0.569985 0.3127034 0.8604074 0.4023875 0.313129 0.8604599 0.401944 0.3129383 0.8603933 0.402235 0.3237411 0.8900613 0.3209091 0.2097059 0.8820912 0.4218278 0.1228082 0.9244979 0.3608628 0.1137965 0.9644985 0.2383134 -0.1022679 0.9301872 0.3525524 -0.1586347 0.8781749 0.4512692 -0.1586102 0.8780915 0.4514402 -0.1586374 0.8781743 0.4512693 -0.3384791 0.8843278 0.3215531 -0.2894062 0.9416052 0.1721159 -0.3034787 0.8114166 0.4995034 -0.1919645 0.6399996 -0.7440095 -0.1921257 0.6394813 -0.7444136 -0.1915752 0.6400036 -0.7441065 -0.05480426 0.8582763 0.5102533 0.02661383 0.9493394 -0.3131238 0.02613472 0.9493547 -0.3131176 0.04919385 0.04841059 0.9976155 0.05115717 0.05164194 0.9973546 -0.03463667 0.0485624 0.9982194 0.06388884 0.05091506 0.9966574 -0.009790599 -0.01853191 0.9997804 0.1330759 -0.07668334 0.9881349 0.1262905 -0.01049691 0.9919378 -0.05248057 0.09442001 0.9941482 0.003680944 -0.002342522 0.9999905 0.002526938 0.001131772 0.9999962 0.07436102 0.1387363 0.9875338 -0.05444246 0.05587553 0.9969524 -0.05101132 -0.09573382 0.994099 -0.04332894 -0.09525573 0.9945095 0.01650184 0.0574963 0.9982094 -0.006383836 0.2141566 0.9767785 1.61914e-4 -3.71988e-5 1 -0.003510355 0.01090437 0.9999344 -0.002780914 0.003626227 0.9999896 -0.001597523 -5.67015e-4 0.9999986 -0.05566841 0.05427223 0.9969732 -0.04383045 -0.03549331 0.9984083 0.05235141 -0.04764002 0.9974918 -0.01077443 0.07175445 0.9973642 -0.06129992 -0.1612729 0.9850043 0.0730431 -0.02368253 0.9970476 0.004910707 -0.002221345 0.9999855 0.00602734 0.001174688 0.9999812 0.1831877 -0.03583526 0.9824246 0.1331216 -0.008145332 0.9910662 -1.40319e-4 0.00114274 0.9999994 -0.1019971 0.6792595 -0.7267758 -0.4139447 0.5803732 -0.7012966 -0.7576971 0.4822264 -0.439719 -0.9037631 0.2080507 -0.3740683 -0.7965843 -0.1552911 -0.5842416 -0.6517235 -0.5277625 -0.5447233 -0.2917816 -0.6414685 -0.7094939 -0.07818573 -0.6358113 0.7678744 -0.5008819 -0.6530942 0.567966 -0.7274003 -0.4191632 0.543315 -0.8696042 -0.05322355 0.4908726 -0.8606131 0.3052374 0.4076459 -0.7968618 0.604124 -0.00674957 -0.3224514 0.6914032 0.646519 0.07818454 -0.6358214 -0.7678662 0.5009003 -0.6531208 -0.5679192 0.727396 -0.419151 -0.54333 0.8695883 -0.05320721 -0.4909027 0.7862573 0.2788714 -0.5513893 0.5699989 0.5609242 -0.6003876 0.224651 0.7827284 -0.5804035 0.1006828 0.7937768 0.599818 0.4588043 0.6432676 0.6129481 0.7939652 0.6076319 -0.02007448 0.9006051 0.2096951 0.380708 0.7965529 -0.1552836 0.5842864 0.6517129 -0.5277577 0.5447404 0.2917734 -0.6414377 0.7095251 0 0 -1 -4.76751e-5 1.31286e-4 -1 1.39866e-6 0 -1 1.87229e-6 0 -1 -2.06248e-5 4.55082e-5 -1 -7.5477e-5 1.94603e-4 -1 -6.83262e-6 0 -1 -7.45408e-5 9.56268e-5 -1 -5.07182e-6 0 -1 2.32091e-5 7.3167e-5 -1 -1.33794e-6 0 -1 -7.36823e-6 -1.14622e-5 -1 -5.61747e-6 0 -1 5.3076e-7 0 -1 2.19382e-4 -2.24946e-4 -1 9.15391e-6 7.15708e-5 -1 0.6725026 -0.7378689 -0.05735826 0.8904517 -0.4497013 -0.06974631 0.9964807 -0.01733094 -0.08201211 0.9312351 0.3638708 0.01998347 0.8253852 0.5416068 -0.1593784 0.5274072 0.8306871 -0.1783277 0.3911539 0.900086 0.1919474 0.1302668 0.9907675 0.03755569 0.1604819 -0.9812879 0.1063938 0.7129628 0.6493231 0.2646954 0.936359 0.3504679 -0.02010232 0.9935093 0.03295743 0.1088729 0.9082266 -0.3787578 0.1779529 0.7183247 -0.6761701 0.1637183 0.4296233 -0.8821957 0.192756 -0.08275854 0.9866062 -0.1405674 -0.1569788 0.987468 0.0162701 -0.2252589 0.9702138 -0.08912694 -0.4651811 0.864691 0.1895152 -0.5573998 0.8181611 -0.1411306 -0.7682315 0.632519 -0.09869283 -0.7863872 0.6177148 0.00488609 -0.900393 0.3916052 0.189573 -0.9527359 0.1832239 -0.242329 -0.9900451 0.134778 -0.0405668 -0.9424062 -0.2581032 -0.2127284 -0.7788428 -0.6103609 -0.1444425 -0.4654753 -0.8847372 0.02393591 -0.09956616 -0.9938412 -0.04864424 0.3324878 -0.9274866 -0.1709402 0.2246721 0.9700831 -0.09198582 -0.1281269 -0.9897574 0.06296032 -0.454307 -0.8904517 -0.0264768 -0.6307517 -0.7612216 0.1506449 -0.8124391 -0.5830407 0.002520561 -0.9020568 -0.4072195 0.1430585 -0.9720243 -0.09713363 0.2138552 -0.2875205 -0.2631568 0.9209128 -0.4301331 -0.154895 0.889378 -0.31812 0.09449666 0.9433292 -0.0184949 0.3161231 0.9485379 -0.5826965 -0.08247524 0.8084942 0.1025081 -0.2683786 0.957844 -0.1048448 0.03566688 0.9938489 -0.02799516 -0.07633757 0.996689 -0.07761931 0.1356478 0.987712 -0.09451997 0.08082592 0.9922364 -0.1620547 0.04885101 0.9855718 0.2665788 -0.7098953 0.6519082 0.07811313 0.06966364 0.9945077 -0.02261698 0.08870428 0.9958012 -0.09697616 0.08241879 0.9918684 -0.06227695 -0.05533593 0.9965237 -0.04686594 -0.1052811 0.9933376 -0.0162779 -0.06302601 0.9978792 0.03966408 -0.0663346 0.9970088 0.06666433 0.02982956 0.9973295 0.02755612 0.05119687 0.9983084 -0.03714066 0.7383893 0.6733513 -0.07992869 0.1411029 0.9867631 0.1061667 -0.1064336 0.9886357 0.08058941 0.07232409 0.9941201 0.00574702 0.0437144 0.9990276 -0.01950293 -0.2386473 0.9709105 0.02733093 -0.01945835 0.9994371 0.1842543 -0.06535744 0.9807033 0.1761015 -0.003872454 0.9843644 -0.09203827 -0.0871194 0.9919372 0.1164036 -0.02941417 0.9927664 0.09765356 0.0381484 0.9944891 -0.08109247 -0.05211633 0.9953432 0.01344376 -0.0607717 0.9980612 0.03784304 0.0824775 0.9958742 0.07214713 0.004235804 0.9973851 -0.09518152 0.01377922 0.9953646 0.9083279 0.4158534 -0.0447933 0.7194019 0.6698881 -0.1836053 0.3928306 0.907286 -0.1500545 0.08253699 0.9837082 -0.1597059 -0.2216951 0.9701877 -0.09791487 -0.491016 0.8431813 -0.2189716 -0.7582444 0.5359439 -0.3712545 -0.9654234 0.2366071 -0.1094291 -0.9362295 0.1054847 0.3351828 -0.8329684 0.397611 0.3847974 -0.5702096 0.661732 0.4867974 -0.3264196 0.8933597 0.3088022 -0.03518116 0.9416167 0.3348437 0.3020116 0.91416 0.2703711 0.5287368 0.7495907 0.398185 0.7704691 0.5978386 0.2212836 0.898293 0.3506551 0.2647845 0.9758595 0.03335607 0.2158375 -0.97523 -0.05594223 -0.2140021 -0.8973852 -0.4029333 -0.1798459 -0.7431422 -0.6620878 -0.09684741 -0.4668568 -0.8673864 -0.1722949 -0.1200162 -0.9925245 -0.02216601 0.2414802 -0.9650821 0.1015082 0.4882666 -0.8515259 -0.1910483 0.7490133 -0.6508876 -0.1237929 0.9335228 -0.3143653 0.1723653 0.9996205 0.002944052 0.02739357 0.954988 -0.2964683 -0.01022422 0.7752566 -0.5762581 0.2586581 0.5567099 -0.7506008 0.3559111 0.2022241 -0.9289837 0.3099915 -0.1229783 -0.992406 -0.002572476 -0.3805393 -0.890435 0.2496309 -0.6072799 -0.7327532 0.307057 -0.7835177 -0.5652888 0.2579701 -0.8642818 -0.2454138 0.4390776 0.0044505 -0.008528888 0.9999538 0.004538059 -0.0087291 0.9999516 3.77731e-4 -0.004049479 0.9999918 -9.62553e-4 8.11302e-4 0.9999992 -8.2632e-4 -0.003721535 0.9999928 -8.07353e-4 -3.19032e-4 0.9999997 -0.005229294 0.008988738 0.999946 4.32226e-4 6.43613e-4 0.9999998 -0.002653002 0.002892494 0.9999924 -0.003363728 0.004746317 0.9999831 0.002762079 -0.004637897 0.9999855 2.22648e-4 0.001394629 0.9999991 0.001969337 -0.002712905 0.9999945 3.1218e-4 8.23948e-4 0.9999997 8.77649e-4 -6.79991e-4 0.9999994 2.79939e-4 0.003533482 0.9999938 5.46285e-4 4.01194e-4 0.9999998 0.01321524 -0.528579 0.8487812 0.01308625 -0.5285159 0.8488227 0.01332461 -0.5286024 0.8487651 -2.22792e-4 -0.5381596 0.842843 0.00108242 -0.4565343 0.8897052 4.96952e-4 -0.4571624 0.8893832 4.94311e-4 -0.4571623 0.8893831 -0.01888179 -0.5109627 0.8593955 0.01794612 -0.5124226 0.8585459 -0.01022535 -0.5153653 0.8569096 -0.01025074 -0.5153743 0.8569039 -0.01022112 -0.5155816 0.8567795 0.01490342 -0.5024386 0.8644845 0.004660427 -0.5358269 0.844315 -0.1481331 -0.343356 0.92745 -0.01075929 -0.5120432 0.8588923 0.00518316 -0.5331167 0.8460259 0.01292413 -0.502454 0.8645074 -0.005188882 -0.5034946 0.8639828 -0.7525385 -0.6563081 0.05427217 -0.7525289 -0.65634 0.05402129 -0.7525346 -0.6563154 0.05423957 -0.8464207 -0.5324603 -0.007620334 -0.846349 -0.5325714 -0.007831573 -0.846352 -0.5325669 -0.007811963 -0.1154842 -0.9369786 0.3297492 -0.04333162 -0.721742 -0.6908046 -0.04338854 -0.7217396 -0.6908035 -0.04248237 -0.7211194 -0.6915072 -0.03782683 -0.6686913 -0.7425773 -0.03734982 -0.6690965 -0.7422364 -0.03735035 -0.6687403 -0.7425574 -0.04652237 0.1299919 -0.9904231 -0.9987261 0.03604632 0.03531038 -0.4811553 -0.1348434 0.8662025 -0.4810097 -0.1345751 0.8663251 -0.4811958 -0.1346853 0.8662047 -0.6528673 0.7529636 -0.08252441 -0.6528872 0.7529764 -0.08224999 -0.6528351 0.7529947 -0.08249479 -0.9814427 0.12202 0.1479232 -0.00575304 0.4282525 -0.9036408 -0.03852415 0.7477239 -0.6628913 -0.9867123 0.07943934 -0.1417328 -0.9993817 0.01105207 0.03338032 -0.9998592 -0.001519203 0.01671493 -0.9999881 -0.004474818 -0.001961767 -0.9998567 -0.00154829 0.01685976 -1 -5.08345e-5 -8.86813e-5 -0.01764625 0.02507102 0.9995299 -0.03581279 -0.5844621 0.8106304 -0.03583246 -0.5844619 0.8106296 -0.0358169 -0.5848508 0.8103498 -0.03088527 -0.6449184 0.7636272 -0.03485429 0.8858674 0.4626276 -0.03303611 0.2478526 0.9682344 -0.02512347 0.7573238 0.6525562 -0.7068381 0.02203375 0.7070322 -0.7050431 0.03657871 0.7082205 -0.5570452 -0.6297592 0.541391 -0.5571768 -0.6294993 0.5415577 -0.5569474 -0.6294916 0.5418025 -0.5500509 -0.6440595 0.5316309 -0.02008819 0.5065005 0.8620057 0.09774768 0.9872342 -0.1257539 -0.04517394 0.9947041 0.09232044 -0.01946049 0.999552 -0.02274203 -0.03670376 0.9993225 0.002713739 -0.01103085 0.9999057 -0.008184015 -0.03716379 0.9894222 0.1402241 0.1031644 0.9861695 -0.1297184 -0.6937786 0.3468742 0.6311494 -0.4008802 0.4770019 0.7821537 -0.401149 0.4770796 0.7819685 -0.5714602 0.5898712 0.5705133 -0.1797373 0.815191 0.5505981 -0.9061905 -0.0439642 0.420578 -0.03277957 -0.9994356 0.007348656 -0.0226522 -0.9997406 0.002418279 -0.02284115 -0.9997255 0.005217313 -0.04773116 -0.9987447 -0.01519793 -0.08646339 -0.9946929 0.05576944 -0.02190178 -0.9997373 0.006765782 -0.04663616 -0.9988973 0.005415678 -0.4032182 -0.8800277 0.2509314 -0.40349 -0.8800156 0.2505366 -0.40319 -0.8801313 0.2506134 -0.4265003 0.8140931 0.3941446 -0.4768953 0.7488262 0.4602503 -0.9154229 0.007574081 0.4024223 -0.9313669 0.05212271 0.3603319 -0.6773449 -0.038194 0.7346735 -0.5200447 0.0739817 0.8509292 -0.5944034 0.6925685 0.4086974 -0.5946624 0.6924422 0.4085344 -0.5950472 0.6920494 0.4086398 -0.6077734 0.7925077 0.05043077 -0.6076456 0.7926331 0.04999768 -0.6073108 0.7928018 0.0513724 -0.9629257 0.2644741 0.05317646 -0.9627304 0.2651134 0.05352759 -0.9628223 0.2648364 0.05324393 -0.7409107 -0.6029723 0.2957633 -0.3999277 -0.8469789 0.3502639 -0.2332344 -0.8175245 0.5265505 -0.2541322 -0.6739811 0.6936615 -0.007347047 -0.6268507 0.7791047 -0.5302913 -0.5901727 0.6086769 -0.5304035 -0.590132 0.6086184 -0.530382 -0.5897976 0.6089612 -0.3001849 -0.6280514 0.7179419 -0.3000628 -0.628168 0.7178909 -0.3000448 -0.6284238 0.7176745 -0.4008866 -0.8451387 0.3535969 -0.4008293 -0.8451063 0.3537392 -0.4007617 -0.8451055 0.3538175 -0.4815065 -0.7814252 0.3968958 -0.9292678 -0.3665484 0.04586547 -0.7091991 -0.7033438 0.0484153 -0.6600747 -0.7500426 0.04168546 -0.4237486 -0.9039313 0.05784058 -0.8998004 -0.433213 0.05182534 -0.9000089 -0.4327815 0.0518108 -0.9450316 -0.3265684 -0.01638567 3.60334e-4 -0.9996651 0.02587938 7.05537e-4 -0.9996371 0.02693194 0.256556 -0.8915973 0.3731399 0.5184982 -0.7510445 0.4087689 0.3658798 -0.6527309 0.663381 0.3656806 -0.6526736 0.6635473 0.3656002 -0.6528596 0.6634085 0.7692209 -0.5938909 0.2357817 0.07861304 -0.5945912 0.8001759 0.1703481 -0.8588773 0.4830233 0.2563803 -0.7199995 0.6448798 0.4738587 -0.7980353 0.372287 0.5320235 -0.6881778 0.4933178 -9.41298e-4 -0.6264216 0.7794839 7.94093e-4 -0.8926857 0.4506791 -0.001446843 -0.9189137 0.3944561 -0.003246188 -0.9879137 0.154971 -0.002716481 -0.9878691 0.1552652 -0.002620279 -0.9878741 0.1552354 -9.08774e-4 -0.7061 0.7081117 -9.08767e-4 -0.7061 0.7081117 -9.08789e-4 -0.7061 0.7081117 -0.001222431 -0.7340773 0.6790649 -0.001037597 -0.628902 0.7774841 0.7460967 0.214248 0.6304265 0.04467719 0.868811 0.4931241 0.04388731 0.8693104 0.4923142 0.04495918 0.8685497 0.4935587 0.01545846 0.3926212 0.9195705 0.4760141 0.3772889 0.7943953 0.7534245 0.05068886 0.6555778 0.9137674 0.3106797 0.261739 0.4764583 0.6499232 0.5921043 0.2133394 0.4676988 0.8577554 0.9397215 0.1695494 0.2969453 0.945873 0.3196453 0.05613642 0.9458422 0.3197361 0.05613863 0.9455206 0.3205267 0.05703783 0.7528383 0.6573435 0.03367733 0.09848606 -0.9943913 0.03855514 0.4190775 -0.9065926 0.04963874 0.5663576 -0.823294 0.03776347 0.9617316 -0.2739809 0.002658188 0.9616779 -0.2741717 0.002391397 0.961663 -0.2742235 0.002442538 0.9454184 -0.3256388 -0.01197648 0.8994859 -0.4343527 0.04757046 0.9160208 -0.3990871 0.04043984 0.9159974 -0.3992006 0.039846 0.9188825 -0.3920991 0.04374212 0.6831341 -0.7285747 0.05006766 0.6270085 0.7746749 -0.08209246 0.6267672 0.7748816 -0.08198475 0.9796899 0.1313472 0.1515111 0.9796839 0.1312605 0.1516253 0.9797154 0.1312621 0.1514207 0.9995525 0.02204042 0.02022492 0.02801984 0.4712526 -0.8815531 0.02334874 0.446347 -0.8945553 0.7932678 -0.6082801 0.02686548 0.7932682 -0.6082794 0.0268687 0.7932657 -0.6082838 0.02684396 0.7880076 -0.6148949 0.03079313 0.04564779 -0.5969732 -0.8009615 0.04563474 -0.5969735 -0.8009621 0.04446578 -0.5959616 -0.8017809 0.04301011 -0.6129459 -0.7889534 1 1.79233e-4 1.31057e-4 0.9998311 -3.22019e-4 0.01837754 0.9992457 -0.003958821 -0.03863382 1 4.6808e-4 2.40715e-4 0.04699522 0.9987261 0.01837456 0.03976958 0.9992037 0.003217279 0.02939867 0.9922016 0.1211278 0.01737421 0.9997455 -0.0143963 -0.06722629 0.9925315 -0.1017937 0.02241426 0.9994907 -0.02271944 0.02133584 0.999772 -0.001018583 0.04007267 0.6599661 0.750226 0.04056596 0.659428 0.7506725 0.04058068 0.659428 0.7506717 0.02959573 0.7823769 0.6221018 0.02892768 0.7827374 0.6216795 0.02890682 0.782678 0.6217553 0.01535171 0.0301913 0.9994263 0.02618485 -0.6387687 0.7689532 0.04126477 -0.3983535 0.9163033 0.7059762 -0.02560478 0.7077726 0.7106952 0.02859872 0.7029186 0.4670616 0.7707118 0.4334246 0.5970865 0.5401724 0.5930443 0.5972094 0.5398901 0.5931777 0.177537 0.9710853 0.1596063 0.7622469 0.5691105 0.3083713 0.7622776 0.5689651 0.3085639 0.7623404 0.5688849 0.3085565 0.5628374 -0.626112 0.5396276 0.4797875 -0.741518 0.4689937 0.03891795 -0.9991843 0.01078522 0.0270369 -0.9996308 0.002743601 0.01876169 -0.9998239 2.81053e-4 0.02006566 -0.9997975 0.001532793 0.02421647 -0.9996849 0.006619274 0.02324742 -0.9996965 0.00815618 0.04862409 -0.9988144 -0.002368807 0.08475047 -0.9950079 0.05269384 0.1921027 -0.9675709 0.164022 0.526066 0.02530807 0.8500672 0.893428 -0.004848361 0.4491803 0.5537759 -0.009924888 0.8326066 0.906802 0.02311223 0.420923 0.1812615 0.8022514 0.5688031 0.5558764 0.6135895 -0.5608115 0.5556977 0.6135038 -0.5610822 0.5558407 0.6137351 -0.5606874 0.4139621 0.3205086 0.8520033 0.4139817 0.3207016 0.8519212 0.4138906 0.3210134 0.8518481 0.1755545 0.7462477 0.6421021 0.1754009 0.7459727 0.6424635 0.6885543 -0.7236617 0.04697567 0.3118756 -0.9484195 -0.05686974 0.3119391 -0.9484129 -0.05663144 0.3118745 -0.9484197 -0.05687195 0.04222393 -0.6114405 -0.7901632 0.7232531 -0.6787328 0.1273851 0.9004398 -0.4349194 0.007295966 0.9356039 0.3509677 -0.03830355 0.9355987 0.3509677 -0.03842991 0.9356451 0.3508701 -0.03819042 0.681413 0.7201869 0.130412 0.302886 0.9523423 -0.03611356 0.008203506 -0.09668016 -0.9952818 0.0269432 0.08596712 -0.9959336 0.03551793 0.7985201 -0.6009194 0.028539 0.7129994 -0.7005837 0.9627407 -0.06782799 -0.2617819 0.9823406 0.1869435 -0.007683634 0.9997171 -0.02262806 0.007340431 0.9997873 -0.02023327 0.003998994 0.9995513 0.02991098 0.001639842 0.9999994 0.001058161 5.50514e-4 0.03912585 0.9991909 0.00931251 0.07344299 0.9969182 0.02757579 0.02018815 0.9997833 0.005079865 0.01848226 0.9998132 0.005657732 0.03815829 0.9992494 0.00667864 0.01676124 0.9998561 0.002646803 0.02572619 0.9996538 0.005527377 0.01824188 0.4665929 0.8842841 0.03690421 0.6792644 0.7329652 0.03758251 0.6788543 0.7333106 0.03758519 0.6787839 0.7333756 0.6470199 0.4468443 0.6178151 0.554827 0.6274166 0.5463657 0.03687131 -0.9084042 0.416464 0.03685927 -0.9086442 0.4159414 0.03652387 -0.9086558 0.4159456 0.01765745 -0.4595595 0.8879715 0.03562992 -0.226182 0.9734333 0.6967594 -0.05689513 0.7150451 0.4441955 -0.7819988 0.437228 0.65152 -0.4417369 0.6167579 0.06563234 -0.9971609 0.03691458 0.09004116 -0.9878875 0.1263769 0.04692906 -0.9988726 -0.007162213 0.01475512 -0.999832 -0.01087731 0.01635497 -0.9998331 -0.00814557 0.039976 -0.9991978 0.002399921 0.1867887 -0.9327417 0.3083879 0.8370166 -0.03423279 0.5461057 0.8741518 0.03376454 0.4844777 0.3175312 -0.1328366 0.9388974 0.1807082 -0.3596664 0.915415 0.1399249 -0.3405815 0.9297448 0.1320435 -0.3167358 0.939278 0.1255011 -0.3479943 0.9290584 0.1628589 -0.3876047 0.9073256 0.1626076 -0.3878218 0.9072778 0.1629523 -0.3874976 0.9073545 0.2368065 -0.2979646 0.9247378 0.2846949 -0.3031501 0.9094223 0.3684362 -0.1699991 0.9139776 0.5030201 -0.01286083 0.864179 0.5047304 -0.01330333 0.8631746 0.503758 -0.01290643 0.8637485 0.5079143 0.0101881 0.8613474 0.369759 -0.149774 0.9169766 0.333271 -0.1599487 0.9291647 0.1413987 -0.3995248 0.905752 0.3246013 -0.1110499 0.9393093 0.5118952 0.01151144 0.8589709 0.5101827 0.01768845 0.8598842 0.8707489 0.4913772 -0.01856541 0.8707506 0.491371 -0.01865154 0.8707504 0.4913727 -0.01861619 0.918011 0.3960843 0.01931428 0.03416049 0.6212358 -0.7828788 0.0294165 0.5764017 -0.8166369 0.02937805 0.5762847 -0.8167208 0.02973288 0.576654 -0.8164473 0.903852 -0.4275962 0.01460498 0.8883653 -0.4583899 -0.02618873 0.02361989 -0.02884703 -0.9993048 0.006087839 -0.1300849 -0.9914842 0.04945808 -0.6978877 -0.7144975 0.5707327 0.06510573 -0.8185509 0.6157037 -0.6813416 -0.3958316 0.6159495 -0.6811134 -0.3958418 0.9849333 0.1724836 -0.01248782 0.9111731 0.412015 -0.002726197 0.7284144 -0.6851369 -2.36563e-4 0.7457966 -0.6661682 -0.002753853 0.7462438 -0.6656618 -0.003834187 0.7462776 -0.665623 -0.003988206 0.6014558 -0.7989013 0.00280404 0.6014444 -0.7989091 0.002980828 0.6000012 -0.7999878 0.004275143 0.5898521 -0.8075104 -0.001214385 0.7270741 -0.07314264 0.6826518 0.6460271 -0.6829965 0.3408299 0.06245297 0.9974655 0.03409159 0.01933574 0.9998099 0.002495467 0.04536849 0.9989644 -0.003471374 0.06366902 0.9971551 0.0403496 0.03918898 0.9992184 0.005190253 0.01699823 0.9998556 -2.51177e-4 0.003058791 0.3740691 0.9273958 0.04366028 0.7264654 0.6858147 0.04368495 0.7264643 0.6858143 0.04310804 0.7268148 0.6854794 0.6723406 0.3709203 0.6406062 0.5393465 0.6520847 0.5328143 0.0470463 -0.01026302 0.99884 0.01575607 -0.5535399 0.8326736 0.03183686 -0.6439011 0.7644461 0.03700107 -0.9993087 0.0036363 0.02441453 -0.9996976 0.002959966 0.06940186 -0.9975169 0.01197922 0.01259928 -0.9998958 -0.007053136 0.09569901 -0.9895898 0.1074891 0.05289995 -0.9984109 -0.01942694 0.6958282 -0.0175839 0.717993 -0.01035672 0.7841419 0.6204952 -0.01001703 0.7836226 0.6211564 -0.01032119 0.783966 0.6207181 0.9636055 -0.01670849 0.2668061 0.9636054 -0.01670843 0.2668061 0.9636054 -0.01670849 0.2668061 0.9950338 0.001107335 0.09953147 0.4587005 -0.7669355 0.4487806 0.610699 -0.5417086 0.5775799 0.87744 -0.05972236 0.4759541 0.827014 0.02567952 0.5615946 0.5155864 -0.01827478 0.8566427 0.5142279 -0.02194386 0.8573728 0.6239584 -0.08268058 0.7770713 0.5001538 -0.002747476 0.8659324 0.2951582 0.8384367 0.4581548 0.2949941 0.8386956 0.4577862 0.2950348 0.838525 0.4580723 0.4454402 0.7934106 0.4148285 0.5352676 0.6585459 0.528967 0.02604311 0.9996305 0.007794439 0.02581906 0.9996343 0.008044242 0.02584159 0.9996336 0.008062779 0.01924747 0.9997855 -0.007660627 0.05664628 0.9981397 -0.02254581 0.02741098 0.999607 0.005888819 0.05375212 0.9984783 0.01232206 0.6198162 0.6299629 0.4679474 0.7649307 0.6113224 -0.2028937 0.7648802 0.6112689 -0.2032454 0.7646828 0.6115234 -0.2032226 0.01330345 0.8044093 0.5939265 0.05948531 0.5965612 0.8003602 0.7099393 0.004682004 0.7042473 0.7097831 0.003134369 0.7044133 -0.006116211 0.001802027 0.9999797 0.02943879 0.09785193 0.9947655 0.08295661 -0.6865336 0.7223502 0.03440898 -0.7911875 0.6106049 0.5407301 -0.6494296 0.5346516 0.457168 -0.7801077 0.4271177 0.9999871 0.005073249 -4.42638e-4 0.9482362 -0.3175655 -7.03407e-4 0.9517289 -0.3069377 0.001180589 0.8984785 -0.4390084 0.002840399 0.9218807 -0.3874686 -0.002046704 0.9201934 -0.3914167 0.006092011 0.04938524 0.8776631 -0.4767271 0.04971992 0.8776568 -0.4767037 0.03458875 0.4530391 -0.8908195 0.0443089 -0.0626477 -0.9970517 0.04429751 -0.06322169 -0.997016 0.0442571 -0.0632196 -0.9970179 0.02594691 -0.167515 -0.9855281 0.9140487 -0.3287252 -0.2376022 0.9140408 -0.3285182 -0.2379187 0.9140108 -0.3286799 -0.2378107 0.9296622 -0.3166339 -0.1883381 0.929579 -0.3168981 -0.1883046 0.9296762 -0.316553 -0.1884049 0.04868328 -0.314936 -0.9478636 0.02862679 -0.7013939 -0.7121989 0.03396642 -0.9994164 -0.003637015 0.02843964 -0.9995821 0.005192458 0.02392578 -0.9996919 -0.006606817 0.02695721 -0.9996228 -0.005245745 0.0466178 -0.998789 -0.01572889 0.005644619 -0.99549 -0.09469902 0.4603045 -0.7589102 0.4606248 0.5072327 -0.8218123 0.2594986 0.507214 -0.8219405 0.2591292 0.5071278 -0.8217801 0.2598057 0.9561823 -0.02166104 0.2919698 0.7309363 -0.05254715 0.6804198 0.8988601 0.0867384 0.429566 0.5107244 -0.006241559 0.859722 0.5219985 0.01535904 0.8528081 0.1992256 0.9493293 0.2430702 0.498954 0.7475079 0.4384937 0.4990735 0.7474234 0.438502 0.4989545 0.7475436 0.4384325 0.7012376 0.604277 -0.3783057 0.7012372 0.6042805 -0.3783011 0.7012469 0.6042274 -0.3783677 0.03957039 0.6554958 -0.7541614 0.03838711 0.6546392 -0.7549663 0.03839045 0.654639 -0.7549661 0.03721165 0.669789 -0.7416185 0.9582879 -0.03308767 -0.2838829 0.9906818 -0.004964947 -0.1361069 0.02542865 0.002681076 -0.9996731 0.03406792 -0.9987345 -0.03699767 0.04243052 -0.6536371 -0.7556178 0.03938233 -0.6882858 -0.7243699 0.03088217 -0.01319622 -0.9994359 0.9227916 0.02069586 -0.3847435 0.9226731 0.02057623 -0.3850338 0.9228009 0.02061104 -0.3847255 0.9988663 0.04757899 0.001578509 0.9998097 0.01937448 -0.002288103 0.9888231 0.1490491 -0.003641188 0.9994349 -0.03334701 0.004239141 0.9994461 -0.03301358 0.004202842 0.9994458 -0.03306275 0.003870844 0.9992107 -0.03968685 0.001792073 0.9996582 -0.02600133 0.002763569 0.01346594 0.9995943 0.02509963 0.06365722 0.9976119 -0.02680468 0.02651953 0.9996262 -0.006655454 0.02844172 0.9995916 0.002779722 0.04718595 0.9988852 0.001389265 0.05076998 0.1619213 0.9854968 0.0106393 0.7346655 0.6783461 0.04729413 0.647457 0.7606332 0.003604769 -0.009865462 0.9999449 0.4971836 0.728667 0.4710126 0.4969403 0.728995 0.4707617 0.4965902 0.7290229 0.4710879 0.5530569 0.6298508 0.5453586 0.5530944 0.6298496 0.5453221 0.5531978 0.6304853 0.5444821 0.04759389 -0.8518379 0.5216388 0.05466496 -0.1578345 0.9859514 0.01487213 -0.7858004 0.6183014 0.7095506 -0.01101326 0.7045685 0.7079316 -0.02543091 0.705823 0.4871944 -0.7355173 0.4708037 0.4570031 -0.7777355 0.4315968 0.02237349 -0.9996847 0.01140362 0.02880883 -0.9995817 0.002577245 0.03016835 -0.99953 -0.005441069 0.03713577 -0.9993067 -0.002677857 0.3828254 -0.8703709 0.3096763 0.3828706 -0.8702238 0.3100336 0.3831224 -0.8699955 0.3103631 0.806111 -0.01411223 0.5915961 0.7804982 0.02857923 0.6245046 0.4991535 -0.01231849 0.866426 0.5539062 -0.08303225 0.8284285 0.4920448 0.03431874 0.8698933 0.3158589 0.9362775 -0.1536801 0.9137765 -0.2378142 0.329328 0.5049966 -0.007156848 0.8630917 0.8663232 -0.4032405 0.2947567 0.7913981 -0.4783871 -0.3805719 0.8348038 -0.06645435 0.5465223 0.7360562 -0.1016342 0.6692472 0.5381146 -0.01349174 0.8427638 0.9008599 -0.1298301 0.4142412 0.9403935 0.09026926 0.3278895 0.6825792 0.04535102 0.7294031 0.9709175 0.2317728 0.06000393 0.8315775 0.1315533 0.5396043 0.7980257 0.2480951 0.5491848 0.7979529 0.2475354 0.5495431 0.7979474 0.2476166 0.5495144 0.9616893 -0.1182191 0.2473419 0.7395557 -0.006976306 0.6730593 0.4972576 0.0322864 0.8670021 0.8869299 0.3357484 0.31722 0.8903191 0.3631327 0.2747121 0.9373206 0.233301 0.2588453 0.7163668 0.07524907 0.6936542 0.8776533 0.04280096 0.4773814 0.6707084 -0.01356738 0.7415971 0.8368149 -0.2894711 0.4647013 0.8369816 -0.2892165 0.4645599 0.8369053 -0.2891501 0.4647387 0.7864605 -0.2384613 0.569751 0.9935916 -0.0158298 0.1119159 0.950161 0.2694445 0.156824 0.9501672 0.2692595 0.157104 0.8228119 0.3031722 -0.4806946 0.6969179 0.314978 -0.6442781 0.03114914 0.3973096 -0.9171559 0.03464585 0.9989544 -0.02983343 0.03606045 0.164974 -0.9856386 0.03599947 0.1654433 -0.9855622 0.03606182 0.1649742 -0.9856385 0.01874589 0.2062493 -0.9783199 0.332841 -0.787162 0.5192236 0.5984159 -0.5363244 -0.595193 0.5992345 -0.5356986 -0.5949329 0.5987522 -0.5360182 -0.5951306 0.7085627 -0.5457335 0.4473411 0.7087211 -0.5455473 0.4473172 0.708758 -0.5454483 0.4473794 0.2568436 -0.7203237 -0.6443331 0.2569647 -0.7202471 -0.6443705 0.25683 -0.7203826 -0.6442728 0.03390222 0.1263193 -0.9914101 0.03382921 -0.5646754 -0.8246196 0.04493552 -0.3465319 -0.9369613 0.04493558 -0.3465319 -0.9369613 0.04493552 -0.3465319 -0.9369613 0.9825547 -0.1857326 -0.009468555 0.9164082 0.4001935 0.006422817 0.9024971 0.4306676 0.004957437 0.9293057 0.3693085 -0.001492857 0.9424875 0.3342406 -7.69586e-4 0.9426363 0.3338215 -2.29535e-4 0.9425894 0.333954 -2.69292e-4 0.9402603 0.3404535 -0.001449763 0.4676756 0.1618281 0.8689599 0.3779969 -0.9241878 -0.05472743 0.3634212 -0.931625 -2.53242e-4 0.3643941 -0.9312446 -7.84893e-4 0.3202787 -0.9438273 -0.08131164 0.3212974 -0.9434284 -0.08191955 0.3219039 -0.9431995 -0.08217424 0.3147574 -0.9448732 -0.09023535 0.3160641 -0.9443671 -0.09096401 0.3167277 -0.9441161 -0.09126031 0.1735196 0.1604654 0.9716697 0.1735196 0.1604651 0.9716696 0.1735196 0.1604651 0.9716696 0.5114861 0.1954721 0.8367632 0.51141 0.1954217 0.8368215 0.5109993 0.1954405 0.837068 0.2156288 0.1634728 0.9626946 0.2156034 0.1637104 0.9626599 0.2154777 0.164162 0.9626111 -0.3305307 0.9430614 0.03721368 -0.3305293 0.9430615 0.0372219 -0.3305259 0.9430624 0.03723061 0.3326915 -0.9423663 -0.035528 0.3326888 -0.9423646 -0.0355966 0.3326191 -0.9423865 -0.03566664 0.8656072 0.452149 0.2151408 0.8658174 0.4519607 0.21469 0.8658089 0.4520443 0.2145485 0.03579449 0.9993474 0.004849374 0.0380581 0.9992717 0.002807736 0.03666949 0.9993206 0.003687977 0.009701073 0.9999122 -0.00904417 0.04788661 0.1548149 0.9867823 0.06350326 0.747598 0.6611087 -0.02454662 0.4670985 0.8838645 0.06489008 -0.09955757 0.9929138 0.6452635 0.4617413 0.6086297 0.4296028 0.7979644 0.4227227 0.06684243 -0.7858022 0.6148555 -0.01411563 -0.455607 0.8900691 0.02817392 -0.9995148 0.01328611 0.03453636 -0.9993932 0.004531681 0.02892225 -0.9995815 -7.24245e-4 0.02390068 -0.9997088 -0.003340125 0.06070786 -0.9979977 -0.01775455 0.6952978 0.0260514 0.7182495 0.5187959 -0.6868689 0.5089814 0.6476247 -0.4509758 0.6141687 0.6477938 -0.4514056 0.6136745 0.6478137 -0.4514049 0.6136538 0.8341502 -0.03901189 0.5501559 0.8749099 0.03164196 0.4832509 -0.1907276 0.7405336 0.6443858 -0.1953539 0.7832765 0.590182 -0.3939862 0.8355645 0.3828929 -0.3939893 0.8349369 0.3842564 -0.3939281 0.8349331 0.3843272 -0.5935367 0.5731887 0.5649504 -0.5937113 0.5735916 0.5643579 -0.5937564 0.5734749 0.5644288 -0.03909206 0.4576086 0.8882941 -0.02984374 0.5893604 0.8073188 -0.7047837 -0.04141551 0.7082123 -0.7004815 0.004039406 0.7136591 -0.01506417 -0.0429598 0.9989633 -0.44739 -0.7887399 0.4215825 -0.4471842 -0.7889458 0.4214156 -0.4470667 -0.7887338 0.4219364 -0.3994045 -0.8340628 0.3805463 -0.3994622 -0.8340639 0.3804832 -0.3995104 -0.8347869 0.3788434 -0.02514451 -0.7956156 0.60528 -0.04152095 -0.5720773 0.8191481 -0.9999759 -0.00683856 0.001280128 -0.9999971 -0.002453327 -1.32387e-4 -0.9999113 0.01315265 0.002113819 -0.9995307 0.0304681 -0.003192484 -0.08273369 0.9961059 0.03046739 -0.03873252 0.9992274 0.006688237 -0.009397625 0.9999556 6.81622e-4 -0.02045762 0.9997863 0.002953052 -0.01663923 0.9998608 0.001259505 -0.02263683 0.9997214 0.006696879 -0.0457741 0.9989199 0.007995128 -0.03833407 0.6053278 -0.7950528 -0.03308659 0.6753599 -0.7367458 -0.03211706 0.6745401 -0.7375394 -0.03211921 0.6744693 -0.737604 -0.01180183 -0.1077398 -0.9941091 -0.9426567 -0.1564735 -0.2948127 -0.3433826 0.9366708 -0.06882035 -0.7711487 0.6192871 0.1476935 -0.9941924 -0.0889334 -0.0605998 -0.7191439 -0.6875749 0.1003644 -0.6902672 -0.7230384 0.02732628 -0.6902854 -0.7230249 0.02722245 -0.6902831 -0.7230262 0.02724933 -0.04159659 -0.7863411 -0.6163908 -0.04126137 -0.7863557 -0.6163946 -0.01881784 -0.1691957 -0.9854029 -0.5869858 0.3726859 -0.7187162 -0.5869616 0.3723972 -0.7188856 -0.3878268 0.1509392 0.9092898 -0.1781306 -0.983988 -0.00609833 -0.1780797 -0.9839951 -0.00642991 -0.08594852 -0.9892801 0.1180585 -0.06117999 -0.9977397 0.02779626 -0.01399058 -0.9997633 -0.01666033 -0.03095287 -0.9995192 0.001803398 -0.04314678 -0.9989519 -0.01528042 -0.02688372 -0.9996166 0.006632387 -0.8581537 0.02006375 0.5130007 -0.8278115 -0.03077846 0.5601615 -0.1552073 -0.3121262 0.9372768 -0.2081139 -0.3176769 0.9250783 -0.3300639 -0.1491241 0.9321051 -0.1905419 -0.3289969 0.924908 -0.1907656 -0.3280565 0.9251959 -0.3037524 -0.3274463 0.8947142 -0.5025293 -0.05060517 0.8630779 -0.5035197 -0.05301016 0.862356 -0.5000196 -0.04883676 0.864636 -0.4934027 -0.05261296 0.8682084 -0.4928284 -0.05351889 0.8684791 -0.4927461 -0.05353766 0.8685246 -0.3292043 -0.2205821 0.918133 -0.4355204 -0.06271266 0.8979918 -0.3189707 -0.2233075 0.9210817 -0.07755273 -0.409075 0.9091992 -0.301579 -0.1154426 0.9464266 -0.3838239 -0.1301428 0.9141894 -0.4917834 0.01759707 0.8705398 -0.5095179 -0.06070578 0.8583161 -0.4110987 0.8220725 0.3939477 -0.4108047 0.8223452 0.393685 -0.4679936 0.7648642 0.4426794 -0.03290778 0.9994565 0.001955211 -0.02912616 0.9995654 0.004569172 -0.03775143 0.9992865 -0.001142382 -0.02519881 0.9996825 -3.75225e-4 -0.04217213 0.9987505 0.0268166 -0.03682309 0.9993155 -0.003590464 -0.9992735 0.01665961 -0.03427976 -0.6323341 0.7724246 0.05927777 -0.5290324 0.8483287 0.02152734 -0.5289881 0.8483546 0.02159005 -0.5289481 0.8483799 0.02157825 -0.03594118 0.7256488 -0.687126 -0.02775001 0.8020346 -0.5966326 -0.02731245 0.8023423 -0.5962391 -0.02727127 0.8020582 -0.596623 -0.04171752 0.6784099 0.7334983 -0.02829748 0.7738078 0.6327882 -0.8211439 -0.5707094 0.003690659 -0.8784738 -0.4777753 -0.003840863 -0.4046427 0.3318076 0.8521549 -0.5706506 -0.6206938 0.5376777 -0.5708078 -0.6203489 0.5379086 -0.5704894 -0.6208679 0.5376478 -0.01690781 -0.03188014 0.9993488 -0.02894145 0.02035987 0.9993737 -0.7043683 0.05314588 0.7078424 -0.7085325 0.01882541 0.7054271 -0.03946411 -0.7603541 0.6483088 -0.02350991 -0.6691936 0.7427161 -0.5432236 -0.6590024 0.5202153 -0.543117 -0.6591467 0.5201438 -0.5432044 -0.6586481 0.520684 -0.5859993 -0.5676364 0.5782679 -0.5063507 0.2857942 -0.8135913 -0.02177762 0.02227842 -0.9995146 -8.89257e-4 -0.0889576 -0.996035 -0.8836569 -0.467783 -0.0181576 -0.9167019 -0.3928736 0.07285708 -0.05151528 -0.6547724 -0.7540685 -0.5251367 -0.5246627 -0.6700453 -0.608031 -0.7939133 3.15323e-4 -0.6083816 -0.7936444 7.34683e-4 -0.6080071 -0.7939313 6.49561e-4 -0.6078014 -0.7940889 5.74024e-4 -0.7225052 -0.6913655 -6.13782e-5 -0.7466648 -0.6651853 0.004492759 -0.2231274 -0.9745486 0.02166277 -0.08917319 -0.9903676 0.1059262 -0.01342505 -0.9998849 -0.007077038 -0.05265539 -0.9984297 -0.01912397 -0.02886652 -0.9995681 0.005519509 -0.01945239 -0.9998089 -0.001944363 -0.8269028 0.04020392 0.5609059 -0.8815393 -0.03735631 0.4706304 -0.5206043 -0.03410625 0.8531166 -0.5082309 -0.06458753 0.8587957 -0.5543427 -0.03628957 0.831497 -0.4638918 0.01247674 0.8858041 -0.46382 0.01280921 0.885837 -0.4639145 0.01252347 0.8857915 -0.5793122 0.01819145 0.8149028 -0.5290091 -3.70465e-4 0.8486162 -0.1888583 0.9628849 0.1928349 -0.1887392 0.9629983 0.1923846 -0.3460167 0.7643872 0.5440448 -0.585838 0.5697499 0.5763497 -0.5536356 0.6411366 0.5314429 -0.02840679 0.9995866 0.004459619 -0.04171693 0.9991196 -0.004434704 -0.03060537 0.9994776 -0.01039099 -0.0429691 0.9989622 -0.0151081 -0.6737419 0.7077429 0.2125366 -0.673721 0.7077363 0.2126249 -0.6735242 0.7078238 0.2129571 -0.5199728 0.8540974 0.01208806 -0.5198779 0.8541494 0.01249247 -0.5197091 0.8542469 0.01284056 -0.05086845 0.7147063 0.6975725 -0.02996879 0.6459966 0.7627518 -0.7081379 -0.00110054 0.7060734 -0.7113255 -0.04803866 0.7012192 -0.03695946 0.06432199 0.9972445 -0.005426466 -0.05042582 0.9987131 -0.05111199 0.03043049 -0.9982292 -0.03721261 0.3808409 -0.9238916 -0.03728067 0.38084 -0.9238891 -0.03987282 0.383278 -0.9227721 -0.06920582 -0.4014092 0.9132806 -0.007224023 -0.8398501 0.5427704 -0.0442208 -0.9364833 0.3479132 -0.4088743 -0.8332593 0.3721572 -0.5792937 -0.5718063 0.58091 -0.5791978 -0.5719631 0.5808513 -0.5799834 -0.571373 0.5806482 -0.8956532 -0.4447484 0.002042114 -0.9274833 -0.3737865 0.007656097 -0.9469901 -0.3212603 -0.00123012 -0.947147 -0.3207988 -9.0862e-4 -0.947147 -0.3207988 -9.10371e-4 -0.9255516 -0.3785623 0.006696224 -0.9508932 -0.3095171 -0.001198768 -0.7491683 -0.369902 -0.5494719 -0.7493525 -0.3705018 -0.5488164 -0.7492319 -0.3694838 -0.5496666 -0.0329442 -0.192129 -0.9808167 -0.00974518 -0.2501754 -0.9681515 -0.8254697 -0.301386 -0.4772487 -0.8255063 -0.3011996 -0.477303 -0.825344 -0.3014713 -0.4774122 -0.8954474 -0.3200394 -0.3094332 -0.0140357 -0.9809479 -0.1937638 -0.02275544 -0.9996886 0.01024287 -0.03752428 -0.9992859 -0.004431605 -0.02455401 -0.9996696 0.007606029 -0.02160698 -0.9996988 -0.01163935 -0.3068229 -0.8131189 0.494669 -0.3154965 -0.8747432 -0.3678131 -0.3159415 -0.8746452 -0.3676642 -0.3156237 -0.8747504 -0.3676865 -0.8307591 0.009695768 0.5565478 -0.8563876 -0.03826659 0.5149138 -0.5145122 0.004199504 0.8574728 -0.5153507 0.005984187 0.8569585 -0.4651911 -0.01323074 0.8851114 -0.008247613 0.992272 -0.1238071 -0.4714981 0.7701609 0.4295832 -0.03583145 0.6998326 -0.7134076 -0.04155194 0.6318923 -0.7739415 -0.9894279 -0.02943098 -0.1420089 -0.9894279 -0.02943092 -0.1420089 -0.9894279 -0.02943092 -0.1420089 -0.9175606 0.005604028 -0.3975566 -0.02741563 0.01332855 -0.9995353 -0.03969842 -0.02385717 -0.9989269 -0.03887242 -0.694239 -0.7186942 -0.03786289 -0.6935669 -0.7193967 -0.03788459 -0.6935654 -0.7193969 -0.03671729 -0.7050983 -0.7081584 -0.02397245 -0.9934876 -0.1113901 -0.9835071 0.03996288 -0.1763992 -0.9833101 0.04048496 -0.1773763 -0.9832541 0.04111087 -0.1775428 -0.9239441 0.02241706 -0.3818703 -0.9240316 0.02190321 -0.3816883 -0.9240982 0.02157497 -0.3815457 -0.9785084 -0.2061008 -0.006622135 -0.9988412 0.04533016 0.01617425 -0.9949927 -0.09994637 -2.72354e-4 -0.9994707 0.03245019 0.002318739 -0.9996044 -0.0280835 0.001553833 -0.9996019 -0.02817696 0.001531302 -0.9996044 -0.02808582 0.001571118 -0.998774 0.04949545 8.51128e-4 -0.03145593 0.9994615 0.009343504 -0.0328074 0.9994335 0.007518172 -0.02997314 0.9995507 -5.87036e-4 -0.02834773 0.9995975 -0.001189827 -0.06159532 0.9979065 -0.01971465 -0.06399655 0.5997342 0.7976362 -0.06630504 0.6041067 0.7941402 -0.5954005 0.552797 0.5830212 -0.5821768 0.5856522 0.5639873 -0.5819877 0.5860405 0.5637792 -0.5820009 0.5860397 0.5637664 -0.01277929 -0.04630672 0.9988455 -0.004305422 -0.02890551 0.9995729 -0.009846508 -0.8086947 0.5881461 -0.110475 -0.5430847 0.8323786 -0.7076383 -0.001135528 0.706574 -0.710542 -0.04549133 0.7021829 -0.440716 -0.800657 0.4058545 -0.5805789 -0.5708724 0.5805453 -0.02155518 -0.9996883 0.01259779 -0.03481668 -0.9993937 -5.11367e-4 -0.0250867 -0.9996574 0.007463693 -0.05044543 -0.9987111 0.005611658 -0.2110878 -0.9394935 0.2698034 -0.555337 -0.5701062 0.6054583 -0.8557381 -0.01040762 0.5173045 -0.8572094 -0.007427394 0.5149145 -0.4996249 0.04079622 0.8652808 -0.5609791 0.0113728 0.827752 -0.5154041 0.005992829 0.8569263 -0.4007661 0.9080445 0.1218274 -0.690101 0.1486632 0.7082795 -0.677795 -0.03486102 0.7344241 -0.6773754 -0.03480559 0.7348137 -0.8801608 0.4249526 0.2115001 -0.7011659 0.07521909 0.7090194 -0.7012645 0.07515984 0.7089283 -0.7009279 0.07527804 0.7092485 -0.7888475 0.04914253 0.6126211 -0.9383227 0.1350061 0.3183144 -0.9584646 -0.0151937 0.2848066 -0.9827666 -0.03394091 0.1817081 -0.9827613 -0.03402453 0.1817208 -0.9827871 -0.03382873 0.1816186 -0.9782245 -0.1974029 -0.06410211 -0.9131749 -0.1854044 0.3629558 -0.9132593 -0.1850832 0.3629075 -0.7349773 -0.08983439 0.6721149 -0.7372148 -0.171751 0.6534647 -0.7372806 -0.1714867 0.6534597 -0.7372266 -0.1713075 0.6535677 -0.8655704 -0.4832498 -0.1313679 -0.7817283 -0.001705825 0.6236168 -0.9207429 -0.2456505 0.3031312 -0.8876382 -0.4448727 0.1191078 -0.887682 -0.4448745 0.1187751 -0.7302117 -0.08972865 0.6773033 -0.7015185 0.07573407 0.7086157 -0.8859963 0.2365834 0.3987967 -0.7532208 0.1913918 0.6293072 -0.881891 0.4685073 -0.0526244 -0.741199 -0.1734873 0.6484801 -0.7902327 -0.01923942 0.6125048 -0.9658164 0.1850714 0.1815139 -0.9569028 0.2331302 0.173169 -0.9650028 0.256587 -0.05415505 -0.852068 0.3192729 -0.4147832 -0.8521701 0.3189412 -0.4148285 -0.8521654 0.3191664 -0.414665 -0.02972346 0.5569455 -0.8300172 -0.02879542 0.5562129 -0.8305408 -0.02881169 0.5564514 -0.8303806 -0.02111154 0.2171006 -0.9759209 -0.04240465 0.1646734 -0.9854362 -0.6838549 -0.1651893 0.7106722 -0.5393602 -0.8414402 0.03269612 -0.04545134 -0.8561246 -0.5147668 -0.04202824 0.09861373 -0.994238 -0.03341859 -0.506908 -0.8613522 -0.03294008 -0.506895 -0.8613782 -0.03294503 -0.507308 -0.8611348 -0.8902127 -0.4554544 -0.009100615 -0.9402834 0.3403813 -0.002791166 -0.9433069 0.3319196 -0.001302421 -0.943337 0.3318342 -0.001231372 -0.9430918 0.3325253 -0.002187788 -0.9319998 0.3624514 -0.002358138 -0.917253 0.3982555 0.006286323 -0.9019963 0.431724 0.00413078 -0.2463433 0.03555297 0.9685304 -0.2463433 0.03555291 0.9685304 -0.2463433 0.03555291 0.9685304 -0.733934 0.3157362 0.6013747 -0.8904219 0.4253458 0.1619563 -0.6291779 0.4860666 0.6065266 -0.6291563 0.4858165 0.6067492 -0.5971426 0.3745968 0.7092939 -0.597214 0.3746226 0.7092203 -0.5971756 0.3745622 0.7092846 -0.7819854 0.391102 0.4853227 -0.7819705 0.3910769 0.4853669 -0.7819652 0.3910894 0.4853653 -0.6064612 0.3569135 0.7105053 -0.299086 -0.9513573 -0.07393866 -0.2995997 -0.9511697 -0.07427161 -0.2986043 -0.9515435 -0.07348835 -0.1864204 -0.9661962 -0.17808 -0.1865038 -0.9661625 -0.1781753 -0.1864349 -0.9661906 -0.1780953 -0.3564178 -0.9330845 -0.0481646 -0.3564364 -0.9330781 -0.04814988 -0.3564563 -0.9330714 -0.048132 -0.3266279 -0.9443324 -0.03937864 -0.324709 -0.9449337 -0.04079681 -0.3228406 -0.9455091 -0.04226702 -0.0300008 0.9994848 0.01140558 -0.03279054 0.9994339 0.007542252 -0.01052761 0.9999119 -0.008105516 -0.03310084 0.9994512 0.001329302 -0.0490328 0.9987713 -0.007204473 -0.06458705 0.8286784 0.5559862 -0.004790186 0.5974962 0.8018575 -0.03748178 0.349241 0.9362831 -0.5951421 0.5531978 0.5829049 -0.5807107 0.5888342 0.5621829 -0.01375931 -0.04240006 0.999006 -0.02996736 -0.08499252 0.9959309 -0.02618938 -0.8084653 0.587961 -0.05738383 -0.6994586 0.7123656 -0.7076879 -0.001154243 0.7065243 -0.7104658 -0.04288411 0.7024239 -0.4445208 -0.7967023 0.4094715 -0.5810458 -0.5703311 0.5806103 -0.5808511 -0.5707248 0.5804181 -0.03386288 -0.9994245 -0.001986682 -0.01542586 -0.9998649 -0.005694687 -0.0521866 -0.9984276 -0.02046614 -0.026434 -0.9996122 0.00876677 -0.04647392 -0.9988499 0.01179629 -0.2400928 -0.9058455 0.3489977 -0.8295191 0.01864194 0.5581672 -0.8567711 -0.02873909 0.5148955 -0.8570182 -0.02872836 0.5144849 -0.8570128 -0.02881729 0.5144889 -0.5184695 5.63019e-4 0.8550961 -0.5110263 0.02256923 0.8592687 -0.5471744 0.02628928 0.8366057 -0.5269928 0.01762437 0.849687 -0.9094963 0.4143225 0.03396272 -0.888777 0.4577439 -0.02336728 -0.04460543 0.5744218 -0.8173433 -0.8678464 -0.4960686 -0.02754306 -0.8678451 -0.4960503 -0.02791202 -0.8678101 -0.4961081 -0.02797025 -0.8042484 -0.5934368 0.03189671 -0.8042488 -0.5934344 0.03193002 -0.8042477 -0.5934386 0.03188288 -0.02890986 -0.04900252 -0.9983802 -0.002150118 0.1048299 -0.9944878 -0.03799337 -0.8359839 -0.5474372 -0.02334976 -0.6863111 -0.7269333 -0.5717908 0.6818994 -0.4561452 -0.5070267 0.5066385 -0.6973102 -0.7679746 -0.007782399 -0.6404331 -0.8981236 0.4389935 -0.02566987 -0.891453 -0.45274 0.01838696 -0.6929941 0.7209427 -0.00100398 -0.6451538 0.7638364 0.01818215 -0.4863411 0.8737519 0.005487799 -0.756631 0.1792502 0.6287918 -0.5929676 0.7300924 0.3396388 -0.03443187 0.9994032 0.002783179 -0.02819901 0.9995927 -0.004413545 -0.07191818 0.9972529 0.01773327 -0.01910024 0.9997435 -0.01218128 -0.09690791 0.988906 0.1125776 -0.05276423 0.9983537 -0.02249121 -0.02525478 0.7334835 0.6792379 -0.03138267 0.7033758 0.7101251 -0.0215339 0.02921754 0.9993411 -0.02851754 -0.007814645 0.9995628 -0.4452925 0.7851936 0.4303318 -0.5018742 0.7204246 0.4786551 -0.03586024 -0.5848067 0.8103797 -0.03579235 -0.5843535 0.8107095 -0.7047347 0.03938233 0.7083771 -0.7063491 0.02557986 0.7074013 0.7997243 0.5445439 0.2528107 0.7994206 0.5449213 0.2529578 0.7995091 0.5447427 0.2530629 -0.5868272 -0.5724613 0.5726448 -0.5909675 -0.5621063 0.5786138 -0.9058029 0.02923983 0.4226893 -0.9833422 0.001654207 0.1817566 -0.9833422 0.001654207 0.1817566 -0.9833422 0.001654267 0.1817566 -0.7557114 -0.4541351 0.4718703 -0.7557116 -0.4541352 0.4718703 -0.7557116 -0.4541351 0.4718703 -0.04069411 -0.9991034 0.01167958 -0.02372646 -0.9997113 0.003796458 -0.03652667 -0.9993326 5.92515e-4 -0.03292012 -0.9994432 0.00545454 -0.02534759 -0.9996623 0.005746126 -0.1525268 -0.9744012 0.1651602 -0.5076249 -0.008612394 0.8615351 -0.5106586 0.002868115 0.859779 -0.82676 0.04470604 0.5607756 -0.8579236 -0.009781479 0.5136843 -0.185882 0.932428 0.3098807 -0.1860409 0.9323067 0.3101502 -0.3099625 0.9493562 -0.05144107 -0.689751 0.7227661 0.04304301 -0.7462522 -0.3633503 0.5577493 -0.1834826 -0.6163005 0.7658382 -0.2163909 0.3418441 0.9145041 -0.1465255 0.325613 0.9340806 -0.158428 0.3167201 0.9351947 -0.1654469 0.293722 0.9414641 -0.1610165 0.3499275 0.9228351 -0.2957967 0.318644 0.900539 -0.2957785 0.3186107 0.9005566 -0.295915 0.3187665 0.9004566 -0.3422284 0.1902102 0.9201629 -0.2963209 0.1866946 0.9366638 -0.400832 0.09016948 0.9117035 -0.53209 -0.009492754 0.8466346 -0.5335631 -0.008628487 0.8457163 -0.5326136 -0.009270429 0.8463077 -0.5407248 -0.02180922 0.8409168 -0.5375419 -0.02207839 0.8429481 -0.5412523 -0.02123045 0.8405922 -0.3699181 0.1648591 0.9143206 -0.1596186 0.3499947 0.9230523 -0.3217413 0.08957123 0.9425814 -0.3220222 0.08940619 0.9425011 -0.3220335 0.08943092 0.9424949 -0.02190178 0.2095881 -0.9775445 -0.04041528 0.8641248 -0.5016524 -0.0408892 0.8640732 -0.501703 -0.04090082 0.863832 -0.5021171 -0.7231191 0.6800622 0.1208898 -0.9470871 0.3169566 -0.05064195 -0.9469424 0.3174037 -0.05054724 -0.9469822 0.3172743 -0.05061602 -0.6640377 -0.7438037 0.07622349 -0.6610844 -0.7460654 0.07971137 -0.01046842 0.09842324 -0.9950896 -0.02457767 -0.7110658 -0.7026958 -0.03922438 -0.4440788 -0.8951287 -0.04094809 -0.4424822 -0.8958419 -0.04090404 -0.4424824 -0.8958438 -0.9994742 0.01292717 0.02973538 -0.9999853 -0.00541532 -5.71019e-4 -0.9996095 -0.001067698 0.02792203 -0.9999818 -0.005283653 0.002904593 -0.9999796 -0.005714476 -0.002843737 -0.9999824 -0.004906296 -0.003359615 0.01286351 -0.003682374 0.9999105 -0.06128847 -0.713563 0.6979051 -0.04968065 0.8872969 0.4585152 -0.02407878 0.2094683 0.977519 -0.9999611 -7.53732e-4 0.008789122 -0.999788 -0.01595222 0.01302278 -0.9997765 0.01659691 0.01310408 -0.9993512 -0.03299951 0.01443338 -0.9521338 0.1798858 0.2471484 -0.9520081 0.1798006 0.2476943 -0.9520995 0.1797614 0.2473712 -0.05562907 0.9984011 0.01003682 -0.08684504 0.9885277 0.1235759 -0.04823213 0.9988063 -0.007720232 -0.03257161 0.9994356 -0.008229792 -0.01047599 0.9992312 -0.03777992 -0.003432333 0.9999906 0.002649247 -0.009473919 0.9998269 0.01601856 -0.0396167 0.9992073 0.003931105 -0.0502721 0.8455383 0.531543 -0.05021977 0.8455931 0.5314605 -0.04979741 0.8458857 0.5310345 -0.0407648 0.2479075 0.9679257 0.006137549 0.44569 0.8951663 -0.6541367 0.4356458 0.6183186 -0.4528244 0.7736969 0.4431064 -0.452637 0.7734559 0.443718 -0.4527564 0.7733041 0.443861 -0.05540657 -0.2120316 0.9756909 2.32508e-4 -0.5169789 0.8559981 -0.04594779 -0.7961395 0.6033662 -0.6941032 0.03174889 0.7191752 -0.1900467 -0.7785641 0.5980973 -0.1900529 -0.778271 0.5984766 -0.04182714 -0.999125 3.88266e-6 -0.04220354 -0.9990676 0.009103 -0.01443886 -0.9993265 -0.0337364 -0.005681872 -0.9999837 6.3249e-4 -0.02559161 -0.9994452 0.02131587 -0.03381615 -0.9994195 0.004140675 -0.04372918 -0.9990251 0.006057262 -0.004168391 -0.9997553 -0.02172583 -0.1989986 -0.9798456 0.01738184 -0.6126027 -0.5103109 0.6035735 -0.5641064 -0.6425448 0.5185753 -0.5638465 -0.6430551 0.5182253 -0.9825468 0.001523554 0.1860097 -0.5201147 0.03192794 0.8534995 -0.464426 -0.05773144 0.8837283 -0.8091211 0.05396252 0.5851592 -0.8475567 0.001156508 0.5307039 -0.9992913 -0.003045022 0.03752064 -0.9987406 0.02535641 0.04329383 -0.9990647 -0.008024215 0.04248994 -0.9988734 0.02055269 0.04277449 -0.999195 -0.005292415 0.03976714 -0.9990654 -0.002885401 0.043127 -0.9991983 -0.003052413 0.03991913 -0.9990602 0.0109772 0.04193329 -0.9988688 0.02024728 0.04302829 -0.9991319 -0.002649664 0.04157555 -0.9992507 0.004418909 0.03845375 -0.9991886 -0.003899037 0.04008853 -0.9991906 -0.004029273 0.04002517 -0.9968659 0.06554812 0.04429227 -0.9991266 -0.001019835 0.04177314 -0.9993361 -0.003036439 0.03630602 -0.9986661 -6.11629e-5 0.05163592 -0.9830891 -0.002435743 0.1831117 -0.9977111 -0.007208466 0.0672357 -0.9963833 -0.01171082 0.08416241 -0.9963221 -0.0112937 0.08494043 -0.9963228 -0.01115036 0.08495157 -0.9964269 -0.01379656 0.08332645 -0.9986641 0.001660943 0.05164778 -0.9972649 -0.003443002 0.07383042 -0.9981701 9.62499e-4 0.06046038 -0.9972484 -0.004045665 0.07402193 -0.9972186 -0.003633677 0.07444435 -0.9972016 -0.003473579 0.07467943 -0.998169 0.001421868 0.06047254 -0.998195 9.77385e-4 0.06004858 -0.9981951 9.56352e-4 0.06004756 -0.9981823 -0.001904726 0.06023824 -0.9972712 -0.003520786 0.07374137 -0.9981415 0.001453876 0.06092393 -0.9981505 9.95613e-4 0.06078362 -0.9981708 0.001013815 0.06044918 -0.9983506 -0.001047432 0.05740219 -0.9983768 -0.001127004 0.05694413 -0.9983847 -0.001086592 0.05680513 -0.9983746 -0.001005172 0.05698549 -0.9986937 0.005684435 0.05078071 -0.9986948 0.005640566 0.05076301 -0.9986931 0.005708515 0.05078923 -0.9950718 -0.001365482 0.09914809 -0.9950718 -0.001372754 0.09914797 -0.9950718 -0.001367986 0.09914809 -0.9996706 9.02358e-4 -0.02565073 -0.9919417 -0.001985132 0.1266805 -0.9919417 -0.001985251 0.1266804 -0.9919417 -0.001985251 0.1266804 -0.9985085 6.38053e-4 0.05459415 -0.9985045 5.70597e-4 0.05466812 -0.9985117 7.48818e-4 0.05453348 -0.9973048 -7.89589e-4 0.0733667 -0.9973013 -7.85838e-4 0.07341462 -0.9973013 -7.84283e-4 0.07341456 -0.9993836 3.05963e-5 0.03510499 -0.9975972 0.0042755 0.06914907 -0.9936261 -0.002065122 0.112707 -0.9951476 -0.002173602 0.09837043 -0.9961419 0.01702183 0.08609008 -0.9999983 9.65543e-4 0.001634001 -0.9999983 9.66292e-4 0.001634001 -0.9999983 9.63964e-4 0.001633942 -0.9999486 9.55981e-4 0.0100966 -0.999952 9.64604e-4 0.009761154 -0.9999486 9.53691e-4 0.01009654 -0.997729 -0.001531362 0.06734043 -0.9998003 1.13856e-4 0.01998394 -0.9998555 0.001012146 0.01697301 -0.9993396 8.43905e-4 0.03632968 -0.9989297 -2.17013e-4 0.04625391 -0.9966045 -0.01201307 0.08145785 -0.9989129 -2.70538e-4 0.04661464 -0.4981117 0.7187742 0.4850243 -0.4508503 0.7855246 0.423893 -0.02986407 0.999553 0.001464784 -0.02742004 0.999606 0.005999445 -0.02490663 0.9996733 0.005747497 -0.02459496 0.9996803 0.005871653 -0.028656 0.9995844 0.003143608 -0.02635258 0.9996411 0.004814505 -0.03513962 0.9993801 0.0021829 -0.04960358 0.4398007 0.8967245 -0.03934389 0.9008944 0.4322516 -0.01065224 0.7912199 0.611439 -0.01064658 0.791513 0.6110596 -0.7108705 0.7033154 -0.00327903 -0.7112068 0.7029751 -0.003308832 -0.9151524 0.4026905 0.01834344 -0.5686783 0.8225298 0.007057249 -0.5677213 0.8231804 0.008160054 -0.5677497 0.8231632 0.007929444 -0.9620609 -0.1823108 -0.2029818 -0.9621144 -0.1818592 -0.2031333 -0.5000657 0.589465 0.6344016 -0.5001591 0.5894047 0.634384 -0.5001467 0.5894485 0.6343531 -0.7285888 0.3399034 0.5946631 -0.4029566 0.784008 0.472184 -0.02232968 0.01289075 0.9996677 -0.03351956 -0.02460819 0.9991351 -0.7049496 0.01094359 0.7091729 -0.7085356 -0.02013891 0.7053878 -0.8447036 -0.05055779 0.5328415 -0.8446996 -0.05061244 0.5328426 -0.8446495 -0.05059075 0.5329239 -0.7426106 0.06769281 0.6662936 -0.3645726 -0.06540769 0.928875 -0.02063035 -0.736888 0.6757 -0.02062439 -0.7368233 0.6757708 -0.02069675 -0.7368845 0.6757018 -0.03987127 -0.8035702 0.5938732 -0.4974087 -0.7283101 0.471327 -0.3497233 -0.8712615 0.3443793 -0.9990767 -0.04232668 0.007380247 -0.9999921 -0.0036574 0.001574814 -0.3957192 -0.7516046 0.5277281 -0.7347639 -0.4853091 0.4739169 -0.7347753 -0.4852219 0.4739884 -0.7346912 -0.4853861 0.4739507 -0.5930827 -0.5761337 0.5624259 -0.666814 -0.7452016 -0.005810439 -0.4228455 -0.9061426 0.01036375 -0.4235788 -0.9057892 0.01126539 -0.4237503 -0.9057099 0.01120007 -0.8491177 -0.5279749 0.01554685 -0.5328915 0.1904273 0.8244782 -0.9136511 -0.253512 0.3177633 -0.8592962 -0.507754 0.06161344 -0.9122551 -0.4050469 0.06105434 -0.9122624 -0.4049659 0.0614829 -0.9125636 -0.40424 0.06178772 -0.02382469 -0.9996923 0.006910026 -0.03793334 -0.9992727 0.003898918 -0.0292133 -0.9995446 0.00757426 -0.01685798 -0.9998536 -0.002962052 -0.0206598 -0.999785 0.001812875 -0.3284634 -0.2772086 0.9029215 -0.3307563 -0.31077 0.8910793 -0.8167018 0.07353937 0.572355 -0.7546626 -0.281005 0.5928918 -0.1828857 0.9818804 0.04963552 -0.5285067 0.8479557 0.04064548 -0.5282219 0.8481331 0.04064488 -0.6339502 0.7715284 0.05339658 -0.9364159 0.3493484 0.03287965 -0.9363746 0.3494501 0.03297436 -0.9364371 0.3492742 0.03306251 -0.9415742 0.336323 0.01802492 -0.8140681 0.579123 0.04370266 -0.2591667 0.9658082 0.006863713 -0.3683726 0.8925985 0.2599419 -0.5493097 0.6752412 0.4922481 -0.5871235 0.7869627 0.189673 -0.5871273 0.786952 0.1897055 -0.5868566 0.7871361 0.1897795 -0.3503272 0.8674526 0.3532662 -0.2364415 0.7602443 0.605082 -0.6708269 0.5618434 0.4840697 -0.671016 0.5615714 0.4841231 -0.2695201 0.868602 0.4158 -0.2693023 0.7272737 0.6313077 -0.2691804 0.7272825 0.6313495 -0.2691781 0.7275029 0.6310964 -0.4072615 -0.7487136 0.5230354 -0.009810984 -0.4894428 0.8719802 -0.02264904 0.1353349 0.9905411 -0.02153182 0.1349292 0.9906213 -0.02189314 0.1347786 0.9906339 0.002424657 0.6259053 0.7798953 -0.002862334 0.7814402 0.6239738 -6.63947e-4 0.9702096 0.2422665 -8.8956e-5 0.5153406 0.8569855 -8.2952e-5 0.5153405 0.8569856 -5.76145e-4 0.5149617 0.8572131 -8.35363e-5 0.5202502 0.8540139 0.003202438 0.6830391 0.7303749 0.002610266 0.9327527 0.3605076 0.002636969 0.9328732 0.3601955 0.4940295 0.6692228 0.5550456 0.4252931 0.8515923 0.3064579 0.1113264 0.5853673 0.8030889 0.2871492 0.7569054 0.5870601 0.4971271 0.6747025 0.5455651 0.6393525 0.7367357 0.2201116 0.6923683 0.6451838 0.3230544 0.2660071 0.936969 0.2265602 0.2659752 0.9369682 0.2266008 0.2658004 0.9370049 0.2266544 0.1405311 0.9071905 0.3965557 0.0125885 -0.4539916 0.8909171 0.6145101 -0.3871057 0.6874057 0.9247954 -0.05541944 0.376407 0.9247285 -0.05515891 0.3766096 0.9248647 -0.05551892 0.3762221 0.5104998 -0.7323179 0.4506668 0.2522248 -0.6114208 0.7500317 0.9330663 0.3588663 0.02454322 0.9329886 0.3590499 0.024809 0.9330196 0.3589727 0.02476125 0.5099701 0.8593511 0.03803211 0.1808212 0.9821053 0.05266016 0.1805125 0.9821859 0.05221366 0.180419 0.9821932 0.05239874 0.8980329 0.4369483 0.05111795 0.6536042 0.7545752 0.05846297 0.9175068 0.3836982 0.1046764 0.9868872 -0.1418971 0.07693517 0.9867656 -0.1413872 0.07939499 0.9869092 -0.1407548 0.07872992 0.8690714 -0.4910071 0.06022548 -0.1235433 -0.9079564 0.40044 -0.123988 -0.9079221 0.4003803 -0.1237211 -0.9080183 0.4002447 0.02140969 -0.999758 0.005078852 -0.03321242 -0.9983413 0.04702776 0.02470958 -0.9996947 -8.52273e-5 0.03281682 -0.9994242 0.008627295 0.0433914 -0.9989345 0.01572442 0.505268 -0.7134243 0.4855205 0.5036191 -0.7160989 0.483291 0.7231479 -0.1924592 0.6633375 0.01847571 0.5167772 0.8559206 -0.02917444 0.4893726 0.8715868 0.01032948 0.5123265 0.8587287 0.01920199 0.5143595 0.8573597 -0.006769955 0.5218841 0.8529896 -0.006988883 0.5215195 0.8532109 -0.006755053 0.5218773 0.8529938 8.63106e-4 0.5127866 0.8585157 -0.01151227 0.5054458 0.8627817 -0.00314635 0.5070001 0.8619404 0.003828406 0.5343416 0.84526 0.002964973 0.5385127 0.8426123 0.001135945 0.4574034 0.8892587 0.001169264 0.4569781 0.8894773 0.001471459 0.4574015 0.8892592 -0.02071756 0.505145 0.8627858 0.4324638 -0.9014807 0.01753658 0.6557239 -0.7550001 0.001036286 0.799965 -0.5998378 0.01582914 0.7997752 -0.6000878 0.01594769 0.7997622 -0.6001138 0.01561343 0.0375607 -0.6709429 0.7405571 0.0374844 -0.6712955 0.7402415 0.03755742 -0.6709426 0.7405576 0.02180397 -0.7241492 0.6892986 0.9999286 -0.01039952 0.005896031 0.9999564 -0.007592976 0.005459666 0.5417511 -0.5076103 0.6699535 0.7932225 -0.3915795 0.4663302 0.412536 -0.624937 0.6627728 0.4123147 -0.6250973 0.6627594 0.4125428 -0.6248824 0.6628201 0.4433956 -0.07913398 0.8928261 0.9077615 -0.05891013 0.4153296 0.9076874 -0.05885881 0.4154992 0.9077814 -0.05876833 0.4153062 0.8112652 0.09223604 0.5773572 0.8113191 0.09219795 0.5772876 0.8113057 0.09199529 0.5773386 0.0231586 -0.009115636 0.9996902 0.03744882 0.03695499 0.998615 0.4802689 0.5405011 0.690797 0.7882253 0.2598496 0.5578343 0.7883155 0.2596865 0.5577829 0.7882123 0.2598581 0.5578486 0.3833158 0.8452135 0.3724021 0.3833417 0.8451313 0.3725619 0.3833563 0.8451234 0.3725649 0.7073521 -0.00909096 0.706803 0.7075564 -0.007129073 0.7066209 0.008485198 0.679149 0.7339514 0.0556783 0.3966183 0.9162936 0.04783707 0.9297631 0.3650373 0.04831218 0.9297638 0.3649731 0.8852881 0.4647062 0.0176925 0.8853458 0.4646034 0.01751095 0.8849468 0.4653865 0.01686787 0.5655475 0.8245514 0.01646894 0.758095 0.6521224 0.005336701 0.5428678 0.6546552 0.526043 0.5361203 0.6674599 0.5167906 0.5361057 0.6674614 0.5168038 0.5360572 0.6671344 0.5172761 0.02057826 0.9997592 0.007632374 0.0281068 0.9995695 0.008428752 0.02611136 0.9996176 0.009098827 0.0259667 0.9996203 0.009230077 0.04959893 0.9987595 -0.004422008 0.02979648 0.9995483 0.003938376 0.5146828 -0.05305153 0.8557378 0.8403486 0.01030176 0.5419486 0.8233274 0.04013675 0.5661459 0.1769537 -0.8654874 0.4686352 0.1781054 -0.8649641 0.4691647 0.1774223 -0.8653776 0.4686608 0.1801735 -0.8223015 0.5397757 0.1957848 0.9806455 0.001653671 0.4187509 0.07548695 0.9049583 0.5919874 -0.01842981 0.8057365 0.5882517 -0.01837533 0.8084691 0.5881521 -0.01851809 0.8085383 0.6427254 -0.08048385 0.7618573 0.3665469 0.1943185 0.9098812 0.3641267 0.1966325 0.9103556 0.2986499 0.2075774 0.9315148 0.3067795 0.3166686 0.8975564 0.2262878 0.3533089 0.9077262 0.2269337 0.3539992 0.9072958 0.226374 0.3535979 0.9075921 0.1323175 0.3635063 0.922147 0.1699094 0.3023043 0.9379462 0.3496479 0.1289549 0.9279639 0.3704075 0.1472527 0.9171233 0.3220424 0.2310124 0.9181079 0.32094 0.2349651 0.9174906 0.3208771 0.2349548 0.9175152 0.1324715 0.3479498 0.9281069 0.167611 0.3071597 0.9367815 0.2815089 0.8309528 0.4798648 0.2813747 0.8311393 0.4796204 0.04406028 0.8352023 -0.548175 0.04406553 0.8350179 -0.5484554 0.04372507 0.835216 -0.5481811 0.0616998 -0.9972852 0.04019266 0.6104561 -0.7916504 0.02516448 0.610472 -0.7916543 0.02464932 0.6104922 -0.7916421 0.02453762 0.860845 -0.480197 0.1683951 0.9122084 0.4071787 -0.04562413 0.6807081 0.7237379 0.1133134 0.7130158 0.7001861 0.03671389 0.01976984 0.06404733 -0.997751 0.01317602 0.120472 -0.9926293 0.03470689 -0.5524799 -0.8328034 0.03469377 -0.5524801 -0.8328038 0.03383988 -0.551672 -0.8333745 0.02908223 -0.6236614 -0.7811535 0.9063553 0.4216713 0.02670741 0.9967009 0.0366773 -0.07240247 0.9997333 -0.02289676 0.003032267 0.9998586 0.01468026 -0.008212447 0.9998462 0.01508772 -0.008943974 0.9997712 -0.02123093 0.002629339 0.9995894 -0.02848595 0.003116667 0.03762954 0.902446 0.4291567 0.04174208 0.3775312 0.9250556 0.01336234 0.6118182 0.7908856 0.02706158 -0.3371592 0.9410586 0.01021707 -0.4680908 0.8836214 0.01020872 -0.4685991 0.883352 0.01079189 -0.4680684 0.8836264 0.04176199 -0.8242816 0.5646378 0.9995025 0.03044313 0.008243858 0.9999102 0.004916846 0.01246738 0.9998709 -0.01483392 0.006177246 0.9998656 -0.01527202 0.005975008 0.9993955 0.03472167 0.001758754 0.977666 -0.1178676 0.1740014 0.04767912 -0.9981089 0.0388 0.02469158 -0.9996191 0.01233327 0.04923301 -0.9966759 0.06490957 0.03634268 -0.9993343 0.003210484 0.01849389 -0.9998289 -5.90157e-4 0.01605063 -0.9998646 -0.003617167 0.01522237 -0.9996861 -0.01989942 0.02244937 -0.9997404 -0.00391829 0.03863453 -0.9992535 1.07308e-4 -0.00277549 -0.515005 0.8571827 0.0498014 -0.7783908 0.6258015 0.04984009 -0.7783873 0.6258031 0.04889094 -0.7779507 0.6264205 0.3986247 -0.8299624 0.3902058 0.3983978 -0.8299552 0.3904529 0.6273059 -0.5068954 0.5912228 0.05421751 -0.07255196 0.99589 -0.007411241 0.3912899 0.9202377 0.05393564 0.8146865 0.577388 0.05426681 0.8143854 0.5777818 0.05427992 0.814468 0.5776639 0.04755318 0.1397705 0.9890415 0.08078962 0.9915826 0.1011783 0.06027489 0.997792 0.02789402 0.008763909 0.9999609 0.001218736 0.04039925 0.9991729 0.004650473 0.01201653 0.9998116 -0.01524239 0.04670745 0.9989008 -0.003963708 0.003289282 0.9999811 -0.00521028 0.01492619 0.9998571 -0.007943093 0.695724 -0.04460686 0.7169229 0.558418 0.6209197 0.5501164 0.6683385 0.3844702 0.6367937 0.8300653 -0.01383024 0.5574948 0.8450454 0.0131185 0.5345336 0.5156891 0.0140776 0.8566602 0.5054334 -0.02263677 0.8625687 0.5163081 0.02576756 0.8560152 0.5132858 0.03373247 0.8575547 0.5572326 0.03040194 0.8297998 0.4826739 0.007209539 0.8757706 0.4823274 0.006940424 0.8759636 0.5508252 0.01851195 0.8344154 0.8867689 0.4618317 -0.01877337 0.9016579 0.4320041 0.0196377 0.9370936 -0.3489973 0.007525265 0.9152121 -0.4027086 -0.01458764 0.915212 -0.4027098 -0.01456046 0.9152118 -0.4027102 -0.01455461 0.02863454 0.006473302 -0.9995691 0.007388532 0.1311355 -0.991337 0.05020976 0.7048041 -0.7076229 0.02086704 -0.5408906 -0.8408341 0.02017951 -0.5403432 -0.8412027 0.02023959 -0.5403435 -0.8412011 0.04124319 -0.7889512 -0.6130702 0.5262506 0.5134373 -0.6778219 0.5259873 0.5132437 -0.6781727 0.5258624 0.5134655 -0.6781018 0.6549921 -0.2321215 -0.7191002 0.999154 0.01895976 0.03649359 0.9988915 -0.01594847 0.04428923 0.9986973 0.03351283 0.03847986 0.9990056 -0.005059301 0.04429644 0.9991193 -0.0085904 0.04107224 0.9991015 0.001511693 0.04235661 0.9990567 0.006941258 0.04286777 0.9992219 -0.003289699 0.03930574 0.9990676 -0.01323562 0.0410937 0.9992441 6.73262e-4 0.03886908 0.9991137 0.003103911 0.04197859 0.999205 0.00129801 0.03984743 0.9992267 0.001420557 0.03929632 0.9988852 -0.02352261 0.04092872 0.9982879 0.005609631 0.05822306 0.9988489 -0.0234543 0.04184293 0.9992887 0.00499773 0.03738069 0.9987938 0.001372337 0.04908466 0.9962524 -0.01408076 0.08534061 0.9977159 0.005087733 0.06735849 0.9984374 0.006261229 0.05553126 0.9984462 0.006276786 0.05537033 0.9984499 0.006151854 0.05531835 0.9990139 -2.17561e-4 0.04439973 0.9987462 0.002728462 0.04998844 0.9971699 0.00674045 0.07488012 0.9987011 0.0246011 0.04462176 0.9970733 0.01595139 0.07476997 0.9967914 0.008217275 0.07962048 0.9982573 -6.91066e-4 0.05900698 0.9978492 0.002441167 0.06550592 0.9982463 -2.98121e-4 0.05919677 0.9982532 0.006824314 0.05868583 0.9949979 1.49517e-4 0.09989619 0.9949978 1.77904e-4 0.09989732 0.9948185 -0.001626193 0.1016547 0.9997207 0.003084421 0.02343124 0.1254251 -0.0409528 -0.9912575 0.1254252 -0.04095274 -0.9912575 0.1254252 -0.04095262 -0.9912575 0.9994052 -0.004136919 0.03423827 0.999407 -0.003942608 0.03420877 0.9993333 -0.005543768 0.0360893 0.9808892 -0.002784669 -0.1945475 0.9808892 -0.002784729 -0.1945475 0.9808892 -0.002784669 -0.1945475 0.999997 0.002341628 7.62013e-4 0.9984501 -8.89274e-4 0.05565035 0.99736 2.10613e-4 -0.07261538 0.99736 2.10654e-4 -0.07261538 0.99736 2.10673e-4 -0.07261538 0.9997886 0.005594253 -0.01978749 0.9983074 -0.002316057 0.05811315 0.04416394 -0.01555305 -0.9989032 0.04416388 -0.01555311 -0.9989032 0.04416388 -0.01555299 -0.9989032 0.9992772 0.002759993 0.03791481 0.999274 0.003090381 0.03797346 0.9999183 0.004829108 0.0118407 0.9985448 0.01582092 0.05155688 0.9979016 0.009283542 0.0640816 0.9977434 0.003157317 0.06707012 0.9283698 -0.02434009 -0.37086 0.4695708 -0.0128594 -0.8828012 0.9948105 -0.001028716 -0.1017403 0.9954361 -0.005124866 -0.0952931 0.998602 0.007267296 -0.05235904 0.9905146 0.004345059 -0.1373385 0.9929888 -0.002244293 -0.1181874 0.9914705 -7.8703e-4 -0.1303294 0.095927 0.9891924 0.110889 0.01263368 0.9999122 -0.003996133 0.05326253 0.9984435 -0.01654791 0.06808966 0.9976058 0.01210969 0.03699773 0.999294 0.00655204 0.02551603 0.9996516 0.006759762 0.757646 0.6526648 -0.00101298 0.6866629 0.7269101 -0.009795725 0.6041709 0.7967668 0.01184743 0.5239047 0.8517679 0.003940403 0.5239024 0.8517691 0.003980815 0.5244214 0.8514521 0.003422141 0.9527907 0.303496 -0.008946537 0.9990383 -0.04193288 0.01281493 0.5687821 0.7215606 0.3947623 0.03106713 0.6296582 0.7762509 0.02552324 0.5968567 0.8019419 0.5848835 0.5805602 0.5664461 0.585151 0.5800929 0.5666487 0.5845353 0.5805908 0.5667741 0.5380341 0.6571552 0.5278886 0.02324509 -0.02179032 0.9994924 0.02525097 -0.03130859 0.9991908 0.5240983 -0.1760374 0.8332658 0.0315302 -0.9994967 0.003498673 0.02881258 -0.9995729 0.004891812 0.06178086 -0.9977099 0.02753359 0.01736259 -0.9998047 -0.009436011 0.0630685 -0.997402 0.03480792 0.04501891 -0.9988671 -0.01542109 0.7055678 -0.03110164 0.7079596 0.7040014 -0.04316848 0.7088854 0.05064648 -0.5534314 0.8313535 0.02314364 -0.7754525 0.6309817 0.02314347 -0.7752407 0.6312419 0.410897 -0.8230787 0.3920526 0.4106702 -0.8230742 0.3922998 0.4108734 -0.8228836 0.3924868 0.4649382 -0.7685348 0.4395303 0.4652842 -0.7685148 0.4391991 -0.3526221 0.5637394 -0.7468973 -5.62313e-5 0.3726688 -0.9279645 4.81109e-4 -0.5576484 -0.8300771 -0.1992805 -0.2250885 -0.9537413 0.001090288 0.218734 -0.975784 0.05756133 0.02134424 -0.9981139 0.0574609 0.02147346 -0.9981169 0.05743253 0.02161949 -0.9981154 0.004992783 -5.68566e-7 -0.9999876 -0.2127658 -0.002188742 -0.9771008 0.3913079 0.6593962 -0.6419306 0.8436347 2.45493e-5 -0.5369176 0.611081 0.1666837 -0.7738195 0.3691132 0.3724141 0.8515065 -0.1982134 0.2227625 -0.9545095 -0.9966682 -0.004695892 0.08142834 -0.729694 -1.9478e-4 0.6837738 -0.443787 -0.6135883 -0.6531175 -0.4437952 -0.6136624 -0.6530423 -0.443758 -0.6135241 -0.6531975 -3.29404e-4 -0.7225237 -0.6913461 0.2504879 -0.1370986 -0.9583631 0.5596805 -0.8136004 0.1575191 -0.001915276 0.9990296 0.04400038 8.45974e-6 0.9995424 0.03024995 0.007851541 0.9993844 0.0341953 -1.42967e-4 0.9996396 0.02684921 -6.34386e-4 0.9993969 0.0347222 3.77373e-4 0.9994267 0.03385621 -0.00469613 0.9986824 -0.05110281 -0.005029678 0.9986827 -0.05106592 -5.50379e-4 0.9979014 0.06475126 2.58223e-4 0.9998068 0.01965606 5.80518e-4 0.9997976 0.02011239 -8.79084e-5 0.9997981 0.02009916 0.002463042 0.02828973 0.9995967 0.001218199 0.09083241 0.9958655 -0.3359932 0.8720611 0.3558342 -0.3614013 0.8858476 -0.2909694 -0.9971198 0.07582926 -0.001496076 -0.9999173 0.0127173 -0.001915752 -0.9972711 0.07372087 0.003957211 -0.9980298 0.06274229 -1.25997e-4 0.996077 0.08768802 0.01189768 0.3727016 0.871257 0.319382 0.372917 0.8711543 0.3194109 0.372704 0.8712542 0.3193867 0.7971903 0.06253188 0.6004811 0.6933607 0.1013756 0.7134242 0.00214374 0.04618811 0.9989305 0.002464175 0.04740107 0.998873 -0.5819182 0.1014119 0.8068996 -0.7205688 0.05821675 0.6909352 -0.6850072 0.09112906 -0.7228145 -0.7364363 0.06916856 -0.6729617 -0.01093065 0.2508658 -0.9679602 0.002344846 0.6770169 -0.7359638 9.22732e-4 0.05105781 -0.9986953 0.003068864 0.04177403 -0.9991225 0.6068665 0.7365987 -0.2985554 0.7747372 0.07846045 -0.6273965 0.7166788 0.1030447 -0.6897487 0.9951379 0.0977562 0.01202034 0.9974399 0.07148063 0.002052187 3.62488e-4 0.9999995 -9.88962e-4 3.03619e-4 1 3.23518e-4 6.82479e-6 0.999989 -0.004683017 0.007914543 0.9999521 -0.005756795 -0.002212405 0.9999803 0.005870401 -0.006813824 0.9999765 -8.93534e-4 -0.003748416 0.999993 -6.28071e-5 -0.004260599 0.9998722 -0.01541554 1.0062e-4 1.50769e-4 -1 -7.37392e-5 -1.37192e-4 -1 1.00929e-4 1.54206e-4 -1 -0.07490217 -0.006912291 -0.9971669 -1.25139e-5 -0.002938091 -0.9999957 -0.01586443 -0.008128881 -0.9998412 1.58015e-4 0 -1 -0.0213055 -0.004671037 -0.9997622 -0.005961418 -0.009135425 -0.9999405 -1.16027e-4 -0.0341764 -0.9994159 -0.002652704 -0.04626226 -0.9989258 3.93106e-4 -0.0492103 -0.9987884 0.009607315 0.01801723 -0.9997915 0.01645797 8.37507e-5 -0.9998646 -9.02367e-4 -0.001746118 -0.9999981 0.015962 -0.05397897 -0.9984145 -0.001617789 -0.01474392 -0.99989 -8.17776e-5 0.03379511 -0.9994289 0.02267628 0.05761373 -0.9980814 0.001751601 0.2487057 -0.9685775 -0.03112578 0.01718598 -0.9993677 -0.008099079 0.113178 -0.9935417 0.01312208 7.15859e-4 -0.9999138 -0.001390159 5.33906e-4 -0.999999 -0.03171747 0.028068 -0.9991027 -0.01921474 0.02443009 -0.999517 -0.02433383 0.09588593 -0.9950949 -0.0151146 -0.01132261 -0.9998217 0.001006126 0.06637102 -0.9977945 -0.01228344 -0.003490447 -0.9999185 0.006111919 0.01990222 -0.9997833 -0.007245004 0.2087702 -0.9779379 -0.001012027 0.008222758 -0.9999657 8.09623e-5 -2.47035e-4 -1 -5.24268e-5 5.56938e-4 -0.9999999 -9.47091e-5 -4.95418e-5 -1 0.1883097 -0.01756161 -0.9819527 0.01423841 -0.009770214 -0.9998509 -1.97092e-4 3.98939e-6 -1 0.03901153 0.1266388 -0.9911816 0.04112601 0.03335994 -0.9985969 0.02855622 -0.003638088 -0.9995856 0.02437633 0.05383026 -0.9982526 0.007843852 -0.01625949 -0.9998371 0.01050662 0.03616577 -0.9992907 -0.02059584 0.005256891 -0.9997741 0.009863257 0.00498563 -0.999939 0.001411497 0.05086588 -0.9987045 0.7451656 -0.6582679 -0.1068256 0.744784 -0.6586983 -0.1068339 0.9246149 -0.3808495 0.006422996 0.1716305 0.9830718 -0.06413257 0.3889302 0.921216 0.009717285 -0.9413442 0.3352828 0.03816592 -0.4049687 -0.9113669 0.07355791 -0.9793325 -0.1779728 -0.09609234 -0.6889933 -0.1097106 -0.716416 0.1085386 0.6552866 -0.7475419 0.578125 -0.499256 -0.6453799 0.5777416 -0.4994975 -0.6455363 0.5780147 -0.4993609 -0.6453973 0.744367 -0.6591643 -0.106866 0.7443056 -0.6592677 -0.1066551 0.7443993 -0.6591281 -0.106864 0.9254177 -0.3788785 0.007297277 0.9254233 -0.3788667 0.007192313 0.9254188 -0.3788762 0.007285475 0.1716644 0.9830729 -0.06402409 0.3921515 0.9198353 0.01096898 -0.9434987 0.3290991 0.0387814 -0.408532 -0.9097041 0.07443279 -0.9794873 -0.1780863 -0.09428626 -0.688966 -0.109732 -0.716439 -0.6888977 -0.1100602 -0.7164543 0.1085643 0.6553106 -0.7475171 0.5777133 -0.4994944 -0.645564 0.7443677 -0.6592328 -0.1064373 0.7443698 -0.6592668 -0.106212 0.7443363 -0.6592655 -0.1064549 0.9260107 -0.3774067 0.008273363 0.9260147 -0.3773985 0.008198142 0.9260115 -0.3774049 0.008264541 0.1716579 0.9830594 -0.0642488 0.3976348 0.9174559 0.01270377 -0.9411453 0.3358595 0.03800213 -0.4006823 -0.9132158 0.07409834 -0.9793008 -0.178005 -0.09635418 -0.6889973 -0.1102059 -0.7163361 -0.6888611 -0.1102037 -0.7164675 -0.6890209 -0.1100543 -0.7163368 0.1085634 0.6553105 -0.7475174 0.1088962 0.6553035 -0.747475 0.1089978 0.655131 -0.7476115 0.5780892 -0.49924 -0.6454241 0.5780521 -0.4990314 -0.6456187 0.5780969 -0.4992816 -0.645385 0.744759 -0.6586901 -0.1070585 0.74476 -0.6587058 -0.1069546 0.7447592 -0.6586892 -0.1070622 0.9257982 -0.3779457 0.007408618 0.1716365 0.9829853 -0.06542927 0.3971624 0.9176781 0.0113613 -0.943055 0.3305853 0.03688913 -0.4056681 -0.9110671 0.0734182 -0.9793251 -0.1780149 -0.0960887 -0.6889694 -0.1097378 -0.7164348 0.1085641 0.655307 -0.7475203 0.5777092 -0.4994912 -0.64557 0.577983 -0.4993649 -0.6454227 -4.58811e-4 -7.8978e-4 -0.9999996 1.00674e-4 9.27231e-5 -1 5.86099e-4 -4.61258e-4 -0.9999998 -7.9787e-5 8.00811e-5 -1 5.00556e-5 -4.96089e-7 -1 2.20981e-6 9.37117e-7 -1 2.46912e-6 2.4603e-5 -1 1.45657e-6 1.9236e-7 -1 -1.11694e-5 2.98426e-6 -1 -1.05757e-5 -6.21961e-5 -1 -1.90438e-5 6.67697e-4 -0.9999998 0.1171839 -0.9785751 0.1692888 0.2861899 -0.9578444 -0.0250895 0.3844827 -0.9149115 0.1229234 -0.2811112 -0.8908475 0.3568858 -0.2112196 -0.9773601 0.01239454 -0.0246275 -0.9980553 -0.05726498 0.1103219 -0.9837116 0.141918 0.002755999 0.004458308 -0.9999864 0.001891255 -0.00691384 -0.9999743 0.001490712 0.002048909 -0.9999969 0.002631485 -0.004995405 -0.9999841 0.001193761 -7.95527e-5 -0.9999993 0.001540422 -9.18262e-4 -0.9999984 7.60987e-4 4.84538e-4 -0.9999997 3.16359e-4 0.001105964 -0.9999994 0.002526521 -0.001099944 -0.9999963 -0.001335322 0.001713931 -0.9999977 -0.00149399 0.001802265 -0.9999973 0.002478241 1.75558e-4 -0.999997 -0.003063917 0.001449644 -0.9999943 0.001613855 0.001086533 -0.9999981 -0.004696607 8.42467e-4 -0.9999886 0.002193033 0.001955986 -0.9999958 -0.003107011 2.61125e-4 -0.9999952 -0.001152396 0.001262426 -0.9999986 -0.01482105 -0.007978439 -0.9998584 -0.01278173 -0.006234824 -0.999899 -0.004142761 -0.02449709 -0.9996914 0.7783654 0.04622477 -0.6261076 0.8474262 0.2312869 -0.4778861 0.6378148 0.3940581 -0.6617482 0.4923006 0.5875114 -0.6422386 0.3096436 0.7152205 -0.6265625 0.06595623 0.7087303 -0.7023895 -0.1803473 0.7473322 -0.6395072 -0.3930944 0.6805847 -0.6182889 -0.5676656 0.6321537 -0.5273874 -0.6598945 0.4259294 -0.6189696 -0.8224309 0.3147798 -0.4738367 -0.7915205 0.09257519 -0.6040904 -0.8840293 0.06919842 -0.4622813 -0.927232 0.2219669 -0.3016153 -0.7237055 0.2984127 -0.6222541 -0.7253853 0.4441964 -0.5258381 -0.7194861 0.6133667 -0.3257625 -0.4934132 0.5765094 -0.6512913 -0.4470149 0.7285094 -0.5190876 -0.3639075 0.8749378 -0.3194608 -0.1791878 0.7448683 -0.6426998 -0.07639646 0.960549 -0.2674123 0.05939555 0.7716679 -0.6332464 0.2214317 0.9273223 -0.301731 0.3198494 0.774511 -0.5457374 0.4969535 0.8125376 -0.3046638 0.4753159 0.5581876 -0.6800746 0.7217573 0.6173872 -0.3128891 0.6283991 0.3854624 -0.6756726 0.8759236 0.3638213 -0.316847 0.7436934 0.1791139 -0.6440796 0.8373987 0.0672478 -0.5424401 0.9721295 0.2344431 -8.49843e-4 0.9722186 0.2340739 -5.5892e-4 0.9236006 0.3833562 -1.37581e-4 0.9234963 0.3836075 -3.47496e-4 0.8526533 0.5224772 -1.38676e-4 0.8523979 0.5228935 -5.15297e-4 0.7602978 0.6495747 2.38298e-6 0.7598719 0.6500728 -5.02867e-4 0.64827 0.7614107 1.62397e-6 0.6482836 0.761399 1.54217e-5 0.5219476 0.8529773 -5.96856e-4 0.5219688 0.8529644 -5.76794e-4 0.3836792 0.9234665 -1.69517e-4 0.3827309 0.9238594 -9.64037e-4 0.230175 0.9731489 -9.25243e-4 0.2314083 0.9728567 6.71471e-5 0.07862365 0.9969043 -5.2753e-4 0.07813346 0.9969425 -9.04381e-4 -0.07898098 0.9968761 -4.36064e-4 -0.07934123 0.9968473 -7.16418e-4 -0.2354192 0.971894 -2.72082e-4 -0.2349259 0.9720132 1.27447e-4 -0.3846168 0.9230759 -0.001012325 -0.3838754 0.9233849 -3.96718e-4 -0.5232542 0.8521768 -2.14419e-4 -0.5232669 0.8521689 -2.26562e-4 -0.6504198 0.7595749 -2.92224e-4 -0.6501649 0.7597933 -3.06203e-5 -0.7601317 0.649769 -3.30232e-4 -0.7604712 0.6493712 -7.36864e-4 -0.855427 0.5179216 -0.001442551 -0.854178 0.5199807 4.20684e-4 -0.9229865 0.3848324 3.41259e-4 -0.9240614 0.3822398 -0.001835227 -0.9723712 0.2334305 -0.002113938 -0.9727616 0.2318066 -8.24008e-4 -0.9970324 0.07698071 -6.73872e-4 -0.9972236 0.07445532 0.001280665 0.9968441 0.07938438 1.9803e-4 0.996834 0.07951164 1.00164e-4 -0.4637632 0.1801669 0.8674467 -0.3918517 0.3139734 0.8647965 -0.2515802 0.4085237 0.8773915 -0.04259902 0.4355534 0.8991544 0.1623768 0.4291709 0.8885079 0.4199236 0.1892471 0.887609 0.5203241 0.03904968 0.8530757 0.3420059 0.3966117 0.8518986 -0.487652 0.2016227 0.8494374 0.5070198 0.04228985 0.8608964 0.584825 0.140248 0.7989432 0.4645717 0.1929099 0.864268 0.5296294 0.3237388 0.7840191 0.5054495 0.4318258 0.7470257 0.3281106 0.3872866 0.8615987 0.3160658 0.514124 0.7973574 0.1931639 0.4655202 0.8637005 0.1397472 0.5954988 0.7911081 0.0500524 0.6246473 0.7793014 -0.03692775 0.4648986 0.8845936 -0.1440352 0.5900045 0.7944486 -0.2436409 0.5871672 0.7719286 -0.2521006 0.4103447 0.8763918 -0.3921923 0.4577142 0.7979242 -0.4167864 0.3577876 0.8356298 -0.5085132 0.3072553 0.8043684 -0.6138308 0.1478186 0.7754751 -0.6035988 0.04670679 0.795919 -0.997047 -0.07677429 0.001759588 -0.9968457 -0.07936477 -2.77488e-4 -0.972182 -0.2342238 -0.001137793 -0.9722541 -0.2339259 -9.02417e-4 -0.9241944 -0.3819223 -3.15829e-4 -0.9237842 -0.3829118 -0.001143932 -0.8520739 -0.5234213 -5.04867e-4 -0.8518464 -0.5237912 -8.40446e-4 -0.7598806 -0.6500626 -4.94875e-4 -0.7603116 -0.6495585 1.63279e-5 -0.648265 -0.7614148 4.93845e-5 -0.6482259 -0.7614482 1.10507e-5 -0.5219634 -0.8529649 -0.002283692 -0.5238867 -0.8517879 -5.48635e-4 -0.3828564 -0.9238054 -0.002133727 -0.3794468 -0.9252134 7.38837e-4 -0.2322299 -0.9726605 -9.10005e-4 -0.2343368 -0.9721552 7.59442e-4 -0.07778149 -0.9969676 -0.002398729 -0.07997018 -0.996797 -6.99288e-4 0.08211433 -0.9966228 6.66637e-4 0.07856172 -0.9969071 -0.002105772 0.2350675 -0.971979 -4.98089e-4 0.2330935 -0.9724537 0.001068711 0.3833002 -0.9236238 -4.92429e-4 0.3827818 -0.9238389 -5.97672e-5 0.5231518 -0.8522366 -0.002265155 0.5206633 -0.8537622 -1.15179e-5 0.6497843 -0.7601154 -0.002211391 0.6531097 -0.7572624 0.001190185 0.7608624 -0.6489132 -5.10926e-4 0.7591929 -0.6508641 0.001467823 0.8529036 -0.5220686 -4.56263e-4 0.8526744 -0.5224427 -1.18421e-4 0.9242158 -0.3818705 -4.83412e-4 0.9239622 -0.3824838 2.74707e-5 0.5008856 -0.118348 0.8573841 0.4340736 -0.2604994 0.8623921 0.3330413 -0.3854194 0.8605437 0.1799327 -0.464629 0.8670319 -0.02007311 -0.4729815 0.8808438 -0.4194172 -0.188982 0.887905 -0.5070664 -0.02014797 0.8616716 0.3268911 -0.3816676 0.8645647 -0.3286586 -0.3877463 0.8611832 -0.2093635 -0.5066406 0.8363507 -0.1811676 -0.4749988 0.8611356 -0.464403 -0.1926156 0.8644241 -0.5843283 -0.1404356 0.7992737 -0.5843284 -0.1399635 0.7993564 -0.4258512 -0.03573662 0.9040872 -0.5295831 -0.3242755 0.7838286 -0.5055915 -0.4319272 0.746871 -0.3281616 -0.3874089 0.8615244 -0.3237407 -0.525546 0.7867614 -0.1386178 -0.5791534 0.8033471 -0.04067957 -0.5202143 0.8530665 0.04887408 -0.6105657 0.7904561 0.144757 -0.6027563 0.7846848 0.1747057 -0.4215804 0.8898022 0.3132535 -0.5123913 0.7995796 0.4570125 -0.3906289 0.7990924 0.4432272 -0.2714976 0.8543061 0.5551675 -0.2298302 0.7993541 0.5056181 -0.1213402 0.854182 0.6003509 -0.04741889 0.7983297 -0.8433729 -0.07592898 -0.5319371 -0.6726754 -0.2700462 -0.6888997 -0.57883 -0.4867554 -0.6542363 -0.4285792 -0.6566259 -0.6206145 -0.3081529 -0.8105242 -0.4980888 -0.05349153 -0.7581408 -0.6498933 0.1891434 -0.7655886 -0.6148977 0.3913935 -0.6796886 -0.6203504 0.5649509 -0.6304823 -0.5322806 0.6558771 -0.4086875 -0.6346652 0.71157 -0.1750947 -0.6804483 0.9465531 -0.07383179 -0.3139843 0.7368525 -0.1761955 -0.6526896 0.8824751 -0.3646181 -0.2971388 0.6830859 -0.4183973 -0.5986128 0.72083 -0.6148139 -0.3200125 0.490558 -0.5745935 -0.65513 0.4495561 -0.7309458 -0.5134371 0.363068 -0.8750812 -0.3200228 0.1790764 -0.7444532 -0.6432116 0.07508188 -0.9511535 -0.299449 -0.057235 -0.723943 -0.6874815 -0.2202723 -0.9232726 -0.3147187 -0.2890669 -0.6994885 -0.6535719 -0.4496473 -0.735511 -0.5067948 -0.6222915 -0.7308602 -0.2803511 -0.5989342 -0.5122313 -0.6155461 -0.8083411 -0.4959894 -0.3171423 -0.711302 -0.2957896 -0.637619 -0.9239644 -0.2223463 -0.3112108 -0.8084702 -0.06479549 -0.5849596 0.9725539 -0.232677 -5.22026e-4 0.9724029 -0.2333079 -2.1115e-5 0.9969947 -0.07746869 -3.77706e-4 0.9969627 -0.07788139 -5.68783e-5 0.0805006 -0.01602226 0.9966259 0.05428355 -0.06740242 0.9962481 -0.01056945 0.06159985 0.998045 -0.09353792 -0.0435639 0.9946622 -0.08129072 -0.04001384 0.9958869 -0.01525825 -0.08267825 0.9964596 0.07732194 -0.1245678 0.9891938 -0.0742796 -0.08416438 0.9936795 -0.04100543 -0.05783301 0.9974839 0.01796376 -0.1937638 0.9808837 0.06894063 -0.04573893 0.9965718 -0.06069827 -0.158557 0.9854823 0.02488893 -0.08084988 0.9964156 -0.0509119 0.1309199 0.9900848 -0.0624141 0.06928521 0.9956426 -0.1062577 0.06377834 0.9922911 -0.06396722 0.02371567 0.9976702 0.1287116 -0.04790759 0.9905242 0.09442508 0.04394894 0.9945614 0.07391977 0.03783315 0.9965464 0.03994327 0.05432283 0.9977242 0.005472302 0.0716232 0.9974168 -0.06838643 0.0796687 0.9944729 0.08743256 -0.06914842 0.9937677 0.04829955 0.1205892 0.9915268 0.003996789 0.08377075 0.9964771 -0.08932614 0.02053636 0.9957907 -0.06927615 0.009477496 0.9975525 -0.1409586 -0.01089507 0.9899556 0.0601288 0.07108819 0.9956561 0.1344348 0.01300197 0.9908372 0.07788121 0.001895129 0.9969608 0.1563125 0.2181155 -0.9633234 -0.007788717 -0.02004748 0.9997687 -0.004075646 0.006966412 0.9999675 -0.01374882 -0.006963193 0.9998813 0.01100611 0.02524739 0.9996207 -0.02970796 0.007967889 0.9995269 -0.02963507 0.007905364 0.9995296 -0.02974331 0.007721781 0.9995278 0.5678502 0.8215199 -0.05149096 0.921679 -0.3873663 -0.02133619 0.936728 -0.3500341 0.004100203 0.3670314 -0.9271308 0.07560861 0.07642179 -0.996939 -0.0165019 0.07675582 -0.9969131 -0.01652091 0.9215738 0.3681497 0.1231569 0.252864 0.9630339 0.09287512 -0.7112923 -0.7028201 -0.01035678 -0.9977708 0.0635814 -0.02027308 -0.9977604 0.06371206 -0.02037668 -0.9977612 0.06372165 -0.02030372 -0.5000125 0.8660182 -2.06551e-4 -0.667739 0.7382503 0.09545361 -0.9467644 -0.3020916 0.1112554 -0.3066067 -0.9485107 0.07949781 -4.74274e-4 -0.03723663 0.9993064 -1.02158e-4 -0.004250049 0.999991 0.001028418 0.001881361 0.9999977 -1.02018e-4 0.002520263 0.9999969 5.01218e-5 0.002086997 0.9999979 1.23629e-5 0.001200616 0.9999993 -0.001726627 -0.001476526 0.9999974 -3.9942e-4 -4.25821e-4 0.9999998 1.24721e-5 0.001670002 0.9999986 9.28795e-5 -6.38595e-5 1 3.34457e-4 2.85527e-4 1 -1.25802e-4 -1.88382e-4 1 1.10596e-4 6.5794e-4 0.9999999 -0.009471774 0.008866965 0.9999159 -2.73025e-5 1.47819e-5 1 -1.29639e-4 9.62086e-5 1 1.56252e-4 -8.95551e-5 1 0.008041679 0.007284343 0.9999412 0.005486071 8.76784e-5 0.999985 -1.99531e-4 1.75549e-4 1 0.01230293 -8.15962e-4 0.999924 0.01230305 0.01573407 0.9998006 1.07554e-5 -2.39286e-4 1 3.83575e-4 -7.5397e-4 0.9999997 0.0020262 0.02297544 0.999734 8.64685e-5 -1.99336e-5 1 0.01667165 0.01647198 0.9997254 -0.003247141 0.04074281 0.9991644 8.10817e-4 -6.57596e-4 0.9999995 -0.01363199 0.0343765 0.999316 -0.009638071 0.004778683 0.9999421 -6.85628e-5 -3.07756e-5 1 3.41687e-7 -5.2915e-5 1 -0.002022624 0.04254883 0.9990924 -0.0186994 -0.01063579 0.9997687 7.68613e-5 3.93119e-5 1 -5.52178e-6 -5.58265e-6 1 -0.0179817 -0.009848952 0.9997898 -1.34292e-5 3.08569e-6 1 -0.003086805 0.03898668 0.999235 -0.001583635 2.18592e-4 0.9999988 -0.002114653 -2.26197e-4 0.9999977 -0.004098534 0.003002882 0.9999872 -0.005918979 -0.003336787 0.999977 -0.006671726 0.003358006 0.9999722 -0.01725709 -0.04460263 0.9988558 0.0487942 -0.2249751 0.973142 -0.008941948 -0.04766917 0.9988232 0.006746828 -5.12621e-4 0.9999772 0.01066553 -0.01392245 0.9998462 0.006420671 -0.002820611 0.9999755 0.00317353 0.004638314 0.9999842 -1.09441e-4 -1.68506e-4 1 0.003439843 0.003441154 0.9999882 0.008485496 -0.01469695 0.999856 -0.01438194 -0.1553296 0.9877581 1.55706e-4 -7.8586e-5 1 -5.45866e-4 -0.03901565 0.9992385 -0.004595696 -0.007107257 0.9999642 4.74889e-4 0.3066055 -0.9518367 -0.440288 -0.8504753 -0.2878166 -0.9271209 -0.2626077 0.2673652 0.4013483 -0.8768315 0.2647378 -0.492147 0.8610884 -0.1277422 0.9770352 0.2071222 -0.05002671 0.9454014 0.2943273 -0.1399561 -0.1578087 0.9783549 0.1338583 -0.15807 0.9782979 0.1339673 -0.1579347 0.9783442 0.1337887 0.0555756 -0.006279468 0.9984348 -0.01849782 0.03299659 0.9992843 0.444864 -0.8602367 -0.2491764 -0.968154 -0.1630771 0.1899573 0.1404355 -0.9898783 0.02046644 0.1403571 -0.989885 0.0206778 0.1402983 -0.9898968 0.02051711 0.9631386 -0.1427512 0.2280045 -0.9682382 0.2049319 -0.14324 0.1017683 0.9761478 0.191778 0.1019203 0.9760895 0.1919935 0.1016789 0.9761502 0.1918131 0.4925469 0.8619945 -0.119847 -0.003487348 -0.02063572 0.9997811 0.04453748 0.0275765 0.9986271 -0.7102656 -0.7018008 0.05475908 -0.7422333 -0.6654599 0.07907557 -0.9979768 0.06357467 6.70775e-4 -0.9979677 0.06371808 6.82613e-4 -0.9979829 0.06347984 7.16531e-4 -0.9672411 0.2428377 0.0739904 -0.5553408 0.8310715 0.0302782 -0.5666798 0.8231259 0.03657776 -0.7113083 -0.7028042 -0.01034122 -0.9977713 0.06357324 -0.02027046 -0.9977394 0.06404119 -0.02036958 -0.9977618 0.06371414 -0.02029782 -0.5553368 0.831071 0.03036677 -0.6674893 0.7384659 0.09553134 -0.6674172 0.7385254 0.09557503 -0.6673098 0.7386209 0.09558635 -0.9466632 -0.3024222 0.1112195 -0.9467592 -0.3021041 0.1112661 -0.2798342 -0.9563345 0.08436357 0.1836218 0.9822232 0.03899741 0.9318807 -0.3607798 0.03790158 0.9318717 -0.3607929 0.03799474 0.9318788 -0.3607831 0.03791421 0.8987861 -0.438386 -0.001171529 0.4058064 -0.9103395 0.0812602 0.07644873 -0.9969826 -0.0134685 0.9291531 0.3634796 0.06750619 0.8689872 0.4948065 0.005293726 0.8692233 0.494391 0.005330383 0.8689862 0.4948075 0.005338728 0.2533345 0.9648005 0.07058209 0.07616454 -0.0769537 0.9941213 -0.02495223 0.01620709 0.9995573 -0.005065619 0.004517495 0.9999771 0.009566962 0.02194666 0.9997134 -0.008717954 -0.02036678 0.9997546 -0.7113065 -0.7028058 -0.01035118 -0.9979735 0.0634855 -0.004316091 -0.9979674 0.06357932 -0.004355192 -0.9979734 0.06348913 -0.004283308 -0.9269028 0.3635324 0.09325009 -0.499912 0.8658856 -0.01816928 -0.2633181 0.9606677 0.08821207 -0.9131013 -0.3985171 0.08619946 -0.9130945 -0.398519 0.08626264 -0.9130621 -0.398606 0.08620285 -0.2793775 -0.9564611 0.08444112 0.5685566 0.8225901 -0.009440958 0.5363848 0.8433501 -0.03243863 0.5358416 0.8436874 -0.03264242 0.5362417 0.8434363 -0.03256124 0.9327407 -0.3600215 -0.01947963 0.9327805 -0.3599286 -0.01928895 0.9327356 -0.3600367 -0.01943981 0.9366587 -0.3500039 -0.01295697 0.4060944 -0.9101779 0.08163082 0.07644945 -0.9969868 -0.01315265 0.07678383 -0.9969609 -0.01316344 0.9376281 0.3266213 0.1190467 -0.001068174 0.02211785 0.9997549 0.07208663 -0.07211816 0.9947878 -0.007179498 -0.02369046 0.9996936 -0.02572524 0.01809126 0.9995054 -0.04396176 -0.01122045 0.9989702 -0.007336974 0.008538544 0.9999366 0.1836279 0.9822251 0.03891754 0.9177616 -0.3955569 0.03533458 0.8987172 -0.4383497 0.01253318 0.2494783 -0.9649604 0.08131384 0.0764302 -0.99707 -0.003159701 0.9250079 0.3750002 0.06111758 0.8689917 0.4948112 0.00393635 0.8689909 0.4948123 0.003963947 0.869062 0.4946873 0.003978908 0.2517219 0.9652811 0.06977361 0.005229771 0.002254128 0.9999839 0.004497945 0.01005476 0.9999394 -7.6718e-4 -0.004756748 0.9999884 -7.67048e-4 -0.004756808 0.9999884 -6.193e-4 -0.004855155 0.999988 -0.00721997 0.007252037 0.9999477 0.008145987 -0.002947926 0.9999626 0.03551816 0.01364433 0.9992759 0.03537565 -0.4778096 0.8777509 0.03537565 -0.4778096 0.8777509 0.03537559 -0.4778096 0.877751 0.02427107 0.02636843 0.9993577 -0.01488637 0.02529639 0.9995692 -0.005684614 -0.003224194 0.9999787 -0.1016176 0.09770435 0.9900141 -0.1016176 0.09770435 0.990014 -0.1016176 0.09770435 0.990014 0.009634077 0.01331287 0.9998651 0.03071862 0.09255707 0.9952334 3.16785e-4 3.84778e-4 1 -0.02173209 0.01598167 0.9996361 -0.01496934 0.06111419 0.9980186 -8.08532e-4 0.04549807 0.9989641 -0.02091366 0.01627469 0.9996488 6.12957e-4 0.001728355 0.9999983 -4.74814e-5 -0.001253008 0.9999992 8.41047e-4 -0.00261259 0.9999963 -5.42536e-5 -0.05912369 0.9982507 8.97028e-4 -0.001394987 0.9999986 0.005503237 -0.00664258 0.9999628 0.007611453 -0.003332555 0.9999655 0.01520979 0.001238644 0.9998836 -0.02578717 -0.007396638 0.9996401 0.006556689 0.009432315 0.999934 -3.11751e-4 -0.07639193 0.9970778 -0.01366174 0.01309043 0.9998211 -0.01478427 -0.03051465 0.9994251 0.00872761 0.008547604 0.9999254 -0.02451467 -0.01748728 0.9995466 -2.70448e-4 0.03933799 0.9992259 -0.0105918 -8.55326e-4 0.9999436 0.1261182 2.77921e-4 0.9920153 0.008441746 0.007505476 0.9999363 0.1186656 -0.1134884 0.9864274 0.001865446 -0.0156936 0.9998751 -0.01009804 1.94414e-4 0.999949 -0.06284517 0.005423843 0.9980086 -0.00224477 -0.01544362 0.9998783 -0.01045882 0.01000952 0.9998953 6.85314e-7 -0.02649241 0.9996491 -0.009456098 -1.81655e-4 0.9999553 -0.002174794 0.02370917 0.9997166 0.01476627 -0.01374906 0.9997965 -0.01157653 0.008205473 0.9998994 -8.21855e-4 1.75164e-4 0.9999997 0.01581305 -9.31291e-4 0.9998745 -3.06287e-4 3.06645e-5 1 -0.004844963 0.01444315 0.999884 0.01799333 -0.03378772 0.9992671 0.03774577 -0.01313221 0.9992011 -0.9945983 7.63254e-4 -0.1037955 -0.6638944 -0.7348595 -0.1386572 -0.4823235 -0.8759928 9.01177e-4 -0.4827393 -0.8757637 8.3535e-4 -0.4824491 -0.8759236 8.88078e-4 -0.895002 -0.4460126 0.006655871 -0.8951515 -0.4457123 0.006662845 -0.996701 7.76008e-4 -0.08115774 -0.9954719 -8.41192e-5 -0.09505665 -0.6942318 0.7135721 -0.09411329 -0.7698001 0.6382828 -0.001712262 0.001806497 0.981572 -0.1910844 -7.92331e-4 0.9988492 0.04795724 -0.002869665 -0.3269838 -0.9450257 -6.03273e-4 -0.5479843 -0.8364884 0.001164495 0.9996533 -0.02630341 -0.003769874 0.9932425 -0.1159963 0.1564761 0.26274 -0.952094 0.9999846 0.001725852 0.005273699 0.6506491 -0.008536159 -0.7593306 0.7965815 0.6037486 0.03075015 0.7962956 0.6041206 0.03084856 0.7964119 0.6039623 0.03094565 0.4114451 0.9080575 0.07838815 0.8580924 0.5051388 -0.09226292 0.7932861 4.00161e-4 0.608849 0.7929941 3.99796e-4 0.6092292 0.4644743 -0.6131556 -0.6389867 0.9929071 0.001055061 -0.118888 0.9946168 1.9504e-4 -0.1036215 0.555871 -0.8207577 -0.1317742 0.8917539 -0.4446639 0.08395951 0.8919056 -0.4443683 0.08391273 0.4259535 -0.9040098 -0.03646922 -5.27872e-4 -0.9982095 -0.05981218 -1.69203e-4 -0.9978433 -0.06564044 -0.1237069 -0.992127 0.01951766 -0.1233777 -0.9921669 0.01956933 -0.5848966 -0.7915871 -0.176878 -0.9133499 -0.4067044 0.01958566 -0.7152169 0.6854499 -0.136467 -0.7533998 0.650354 -0.09710121 0.7971563 0.5913736 -0.1217346 0.8757991 -0.4826145 -0.007703661 0.7131627 -0.6871536 -0.1386325 0.7131513 -0.6871261 -0.1388276 0.7131526 -0.6871201 -0.1388502 0.6269094 0.7774221 0.05098563 0.4556625 0.8831731 -0.1112526 0.8734377 -0.4805507 -0.07859879 0.805279 -0.5720904 -0.1556875 0.8053515 -0.5719494 -0.1558299 0.8052121 -0.5721181 -0.1559309 0.6273083 0.7778362 0.03815037 -0.1236672 -0.992132 0.0195102 -0.5848578 -0.7916146 -0.1768834 -0.9133595 -0.4066843 0.01955658 -0.8117552 0.583315 -0.02823388 -0.8115758 0.5835576 -0.02838069 -0.7534018 0.6503523 -0.09709548 0.7880226 0.5845724 -0.1931205 0.1155959 -0.9903963 0.07584828 0.708105 -0.6813667 -0.185275 0.9947337 0.07113057 0.07379281 -0.5846436 -0.7907083 -0.1815837 -0.584373 -0.7909066 -0.1815903 -0.9001247 -0.4347538 0.02765452 -0.70978 0.6807264 -0.1811739 -0.7100082 0.6804816 -0.1811995 -0.709672 0.6807975 -0.1813299 0.08596014 0.9933416 0.07670289 -0.8086013 0.5799067 -0.09935963 -0.1236731 -0.9921314 0.01950538 -0.5848699 -0.7916035 -0.1768938 -0.9133418 -0.4067233 0.01956415 -0.7148568 0.6858267 -0.1364609 -0.7148525 0.685792 -0.1366576 -0.7148579 0.6857797 -0.1366909 -0.7534009 0.6503515 -0.09710937 0.7971526 0.5913772 -0.1217408 0.8757953 -0.4826213 -0.007707536 0.7136368 -0.6866509 -0.1386839 0.6269057 0.7774236 0.05100971 -0.0496006 -0.02982687 -0.9983237 -0.1177731 0.001972019 -0.9930387 -0.05721485 0.1023238 -0.9931044 -0.0240128 -0.07118791 -0.9971739 -0.0509386 0.03909438 -0.9979364 0.06283223 -0.023732 -0.9977419 -0.03787767 -0.08049255 -0.9960352 0.05408573 -0.1170452 -0.9916528 0.04158228 0.04479146 -0.9981306 0.1249022 0.001502394 -0.992168 0.04412168 0.07962721 -0.9958478 -0.02706724 0.9941976 0.1041081 0.4673703 0.8440244 -0.2630359 0.705168 0.6994111 0.1164572 0.9584938 -0.2465699 0.1431536 0.4055054 -0.8738239 -0.268323 0.05416232 -0.9480183 0.3135725 0.9492111 0.01042777 -0.3144674 -0.4074208 -0.8592778 -0.3092733 -0.893816 -0.3514022 0.2785851 -0.9315307 0.0142014 -0.3633855 -0.750333 0.6532167 0.1015312 -0.4628579 0.8281589 -0.3160942 0.01237154 -0.1927329 -0.9811733 -0.05529737 -0.03236103 -0.9979454 -0.06330406 -0.08808606 -0.9940993 -0.1046866 0.009273827 -0.994462 -0.05721509 0.1023234 -0.9931045 -0.02290302 -0.06225138 -0.9977977 -0.05093902 0.0390945 -0.9979364 0.6007319 -0.3231095 -0.7312465 0.03922593 -0.04793703 -0.9980798 0.04158216 0.04479187 -0.9981306 0.1061294 0.01130479 -0.9942881 -0.5282306 -0.7394333 -0.4173858 -0.8982905 -0.3527012 0.2620614 -0.942758 0.08376312 -0.3227869 -0.7662444 0.6358259 0.09271007 -0.4610531 0.8249236 -0.3270034 -0.01493984 0.9953161 0.09551292 0.467368 0.8440186 -0.2630586 0.7112023 0.6907683 0.1305013 0.988261 -0.1412416 0.0582323 0.6270219 -0.735687 -0.2561411 -0.06616646 -0.9543223 0.2913607 0.6010687 -0.7429445 -0.2945333 0.9603353 0.1028079 -0.2592041 0.9603672 0.1024742 -0.2592182 -0.05472081 -0.02754056 -0.9981219 -0.1197713 0.002002358 -0.9927995 -0.05157905 0.09223276 -0.9944007 0.005020976 -0.06328445 -0.997983 0.006771028 0.06221026 -0.9980401 -0.0543574 0.03921204 -0.9977513 -0.04472827 -0.09493464 -0.9944782 0.04320967 -0.09367978 -0.9946643 0.07179844 0.007791697 -0.9973888 0.08839666 0.001126587 -0.9960848 0.05274802 0.09519952 -0.9940598 -0.4063643 -0.8570528 -0.3167473 -0.8702466 -0.4432114 0.2150221 -0.8040123 0.2271704 -0.549507 -0.999295 0.01517075 -0.03434473 -0.9993033 0.01485133 -0.03424215 -0.5588055 0.82449 -0.08917808 -0.5587911 0.8245108 -0.08907693 -0.5589101 0.8244317 -0.08906149 -0.475736 0.8511583 -0.2218216 0.09818381 0.9905523 0.09574067 0.4671108 0.8435019 -0.2651642 0.4673689 0.8433222 -0.2652812 0.7365251 0.6673051 0.1106106 0.9891482 -0.1446021 -0.02600121 0.6507458 -0.7575041 0.05213135 0.4054637 -0.8737461 -0.2686392 -0.06396812 -0.9862532 0.1523573 0.9523901 0.01047152 -0.3047024 -0.06585866 -0.03706336 -0.9971405 -0.00855565 0.2000926 -0.9797397 -0.02289235 -0.06215494 -0.997804 -0.007332861 -0.1009984 -0.9948596 -0.06803393 -0.04129475 -0.9968281 -0.0498014 0.03811055 -0.9980318 0.1330028 -0.06250226 -0.9891429 -0.09680914 0.03079843 -0.9948264 0.04508179 -0.042782 -0.9980668 0.03568065 0.03747272 -0.9986605 0.1238129 0.02707511 -0.9919362 -0.04292935 0.9145418 -0.4022072 0.700743 0.6632773 0.2627211 0.7008893 0.6632149 0.2624886 0.7007236 0.6633424 0.2626087 0.9870775 -0.1481428 0.06108772 0.5547029 -0.7845596 -0.2770761 0.7148679 -0.6791204 0.1666113 0.9026929 0.1996646 -0.3811557 0.9025794 0.1997948 -0.3813562 0.9026048 0.1996513 -0.3813712 -0.06893348 -0.9424519 -0.3271584 -0.8179882 -0.4977632 -0.2883178 -0.9141222 0.2926484 -0.2806023 -0.6922696 0.6949249 0.1945306 -0.6920363 0.6951161 0.1946775 -0.03843337 0.9183986 -0.3937852 -0.9960476 -0.04124069 0.07866698 -0.4612578 -0.8440781 0.2734476 0.002677261 -0.02611362 -0.9996554 0.0011608 0.007254779 -0.999973 -0.3249273 0.3851132 -0.8637767 -0.00930792 -0.001110017 -0.9999561 -7.67908e-5 0.04477167 -0.9989973 -0.02857792 0 -0.9995916 3.35842e-4 0.006954312 -0.9999758 -0.006391823 0.005342423 -0.9999653 0.0014925 0.00799632 -0.9999669 0.002017021 -0.00721693 -0.9999719 -0.00233072 -3.38358e-4 -0.9999973 -0.004943609 0.003072142 -0.9999831 -0.01629531 0.01889479 -0.9996887 0.01563555 0 -0.9998778 -0.003994166 -0.01143378 -0.9999267 0.004846572 0.005859375 -0.9999712 0.01488161 0.002943992 -0.999885 0.005163252 -0.01149463 -0.9999206 -0.2121273 0 -0.9772421 -0.1363069 0.01853638 -0.9904933 0.01101672 -0.01303291 -0.9998545 -0.03724884 0.06413739 -0.9972457 0.01140415 -0.01308798 -0.9998493 0.006101906 -0.005831897 -0.9999644 0.00977981 0.009005546 -0.9999117 0.2193276 0.7396554 -0.6362431 0.02639138 0.06351923 -0.9976317 0.0068475 0.001672387 -0.9999752 0 0 -1 -0.0291419 -0.05439996 -0.998094 -0.03279966 0.1062984 -0.9937933 -0.02254176 0.01767337 -0.9995898 -0.004403948 -0.003862261 -0.9999829 0.1051424 0.007627367 -0.9944279 -0.01108139 -0.004976034 -0.9999263 0.04449909 0.01046675 -0.9989547 0.01335275 0.002563357 -0.9999076 0.06744962 0.09894829 -0.992804 0.00645107 -0.01382362 -0.9998837 -0.005276322 -0.00722438 -0.9999601 -0.007653415 0.008003294 -0.9999387 -0.001845657 -0.03821563 -0.9992679 0.005847752 -0.001721322 -0.9999815 -8.64182e-4 -0.02502739 -0.9996865 0.009590864 0.006247401 -0.9999345 0.01054733 0.004314005 -0.9999351 -0.003184974 0.04555296 -0.9989569 -5.2505e-4 -0.04655563 -0.9989156 -0.01139503 0.03727763 -0.9992401 0.004762828 0.01141363 -0.9999236 -0.01316839 0.01155173 -0.9998466 -0.008214056 -0.01248019 -0.9998885 -0.02824759 0.04434829 -0.9986167 -0.01246923 0.04429423 -0.9989408 0.005537629 0.01153928 -0.9999181 -0.005531966 0.005949079 -0.999967 0.01259368 0.09295397 -0.9955908 -0.005320489 -0.001167595 -0.9999852 -0.01685798 0.00103718 -0.9998574 -0.0182181 0.00205183 -0.999832 0.03179383 0.009442389 -0.9994499 0.004179298 0.02049928 -0.9997812 -9.75127e-4 -0.1646546 -0.9863509 -0.01750522 0.002100408 -0.9998447 -0.4125655 -0.8295503 -0.3763455 0.01482337 0.006189286 -0.9998711 -0.01507401 -0.001059591 -0.9998859 -0.01041436 -0.0020051 -0.9999438 -0.0545842 0.006653189 -0.9984871 0.01382231 -4.20532e-4 -0.9999044 8.94369e-4 -0.004233539 -0.9999907 -0.05058479 -0.009228765 -0.9986771 0.02587068 -6.23057e-4 -0.9996652 -0.04452377 7.48829e-4 -0.9990081 0.01511573 0.03598344 -0.9992381 0.01567322 0.02194774 -0.9996364 -0.04576569 -3.64209e-4 -0.9989522 0.01649922 0.01904332 -0.9996826 -0.003108322 -0.01067316 -0.9999383 -0.02750301 -0.029666 -0.9991815 0.810961 -0.1198623 -0.5726913 0.810961 -0.1198622 -0.5726913 0.810961 -0.1198622 -0.5726913 -0.006381273 -0.005830109 -0.9999628 -0.1060031 -0.04707527 -0.9932509 0.01734095 -0.01319879 -0.9997626 -0.003907322 -0.01462888 -0.9998854 -0.004749 -0.009628593 -0.9999424 -0.005829572 -0.002794027 -0.9999792 -0.02538621 -0.004697382 -0.9996667 -0.004399716 0.01379066 -0.9998952 0.006299734 0.6379326 -0.7700665 6.95412e-4 -0.3903484 -0.9206671 -0.006504356 0.00334227 -0.9999733 0.01500207 0 -0.9998875 -7.10588e-4 0.001582324 -0.9999986 -0.03730499 -6.442e-4 -0.9993038 -0.01876246 -0.002471506 -0.9998209 -5.80283e-4 -0.002610564 -0.9999964 7.86117e-4 -0.009596347 -0.9999537 -0.01382666 0.01199412 -0.9998325 6.7434e-4 -0.01658612 -0.9998623 0.02460223 0.9926691 -0.118334 0.03121513 0.990399 -0.134668 2.67923e-7 0 -1 0 0 -1 0.6790534 -0.7253933 0.1126546 0.9581596 -0.07854521 -0.2752469 0.9488544 0.3001649 0.09785854 0.9488126 0.3002529 0.0979951 0.9488217 0.3002527 0.0979073 -0.04307556 -0.9815117 -0.1864925 -0.03195053 -0.98655 -0.1603069 -0.8551512 0.5174458 0.03109008 -0.8553878 0.5170646 0.03092098 -0.9497708 0.08332937 -0.3016483 -0.9013876 -0.4207445 0.1023452 -0.4519633 0.4270355 0.7831794 0.2990183 -0.9416478 -0.154556 0.9738183 -0.1555848 -0.1657446 0.9763067 0.1967671 0.09004539 0.9763139 0.1966895 0.09013569 0.9763156 0.1967608 0.08996272 0.5507372 0.8091841 -0.2047187 0.385268 0.9226333 -0.01778727 0.5410214 -0.8389387 0.05897319 -0.8017373 0.5629311 -0.2008131 -0.9516147 -0.3045515 0.04096364 -0.7567921 -0.6292324 -0.1770101 -0.4152499 -0.9078464 0.05815988 -0.8349694 0.5282031 -0.1543624 -0.5272526 0.8496249 0.01193618 0.3397824 -0.9395387 0.04260373 0.9857566 -0.1681206 -0.004402279 0.985676 -0.1685932 -0.004402399 0.9368054 -0.3460252 -0.05159664 0.9369227 -0.3457143 -0.05154991 0.547477 0.8355574 -0.04596602 0.6639565 0.7477668 -0.002586066 0.6637055 0.7479895 -0.002586483 -0.4873815 0.8725805 0.03259819 -0.999349 0.01188462 0.03406375 -0.346219 -0.9332623 -0.09567648 -0.3465304 -0.9331429 -0.09571367 -0.6329521 -0.7741584 -0.007104516 -0.6329522 -0.7741578 -0.007149994 -0.6330294 -0.7740943 -0.007203876 -0.841794 0.5325601 -0.08810621 -0.8416867 0.532715 -0.08819514 -0.8417904 0.5325565 -0.0881617 -0.2155726 -0.5960091 -0.7734996 -0.2154312 -0.5957956 -0.7737034 -0.2156354 -0.5960605 -0.7734425 -0.5347869 0.3445463 -0.771551 -0.5345069 0.3443734 -0.7718222 -0.5346891 0.3445882 -0.7716 0.3226951 0.4901127 -0.8097267 0.3225467 0.4900904 -0.8097994 0.3225492 0.4903531 -0.8096393 0.5492069 -0.2009099 -0.8111764 0.5489556 -0.2009668 -0.8113324 0.5491366 -0.2010042 -0.8112006 0.3587515 -0.9329544 0.0298897 0.944585 -0.3267296 -0.03173482 0.9443969 -0.3272732 -0.03173124 0.9373828 -0.3462741 -0.03751909 0.9374995 -0.3459646 -0.03746235 0.6566368 0.7531471 -0.03997027 -0.08877408 0.9958323 0.02090966 0.8354584 0.5493952 0.01319777 0.8352743 0.5496748 0.01322042 0.835195 0.5497951 0.01322054 -0.3421337 0.938502 -0.04646188 -0.9905932 0.1324748 0.03428608 -0.9870843 -0.1536686 -0.0452848 -0.9870615 -0.1538094 -0.04530477 -0.9870861 -0.1536754 -0.04522091 -0.180655 -0.9820393 -0.05443042 -0.1806554 -0.9820401 -0.05441468 -0.1803253 -0.9821007 -0.05441576 -0.534484 -0.8449872 0.01799505 -0.534403 -0.8450378 0.01801818 -0.5343219 -0.8450896 0.01799458 -0.105237 -0.5637807 -0.8191927 -0.1052712 -0.5635851 -0.8193228 -0.1052793 -0.5638529 -0.8191375 -0.5690364 -0.09281629 -0.8170574 -0.5687879 -0.09287476 -0.8172237 -0.5690888 -0.09275257 -0.8170282 -0.1905346 0.5351983 -0.8229577 -0.1905986 0.5350715 -0.8230254 -0.1908211 0.535214 -0.8228812 0.3608916 0.4173652 -0.8340046 0.3607106 0.4173274 -0.8341018 0.3609791 0.4173091 -0.8339949 0.549212 -0.2009174 -0.8111709 0.5489599 -0.200966 -0.8113296 0.5491708 -0.2008222 -0.8112225 -0.6741002 0.7385718 0.01002919 -0.6737461 0.7388948 0.01003986 -0.6739938 0.738669 0.01002335 -0.882307 -0.4653156 0.07082188 -0.8824637 -0.4650189 0.07081854 -0.3463798 -0.9322125 -0.1048849 -0.346294 -0.93225 -0.1048355 -0.3461549 -0.932297 -0.1048763 -0.8427163 0.533015 -0.07565951 -0.8427907 0.5328921 -0.07569628 -0.8427917 0.5328931 -0.07567751 0.2993068 -0.9529786 0.04740756 0.9833512 -0.1815649 -0.007397949 0.9833947 -0.1813302 -0.007368922 0.9833685 -0.1814711 -0.007387459 0.9367751 -0.346163 -0.05122286 0.9369427 -0.3457201 -0.05114811 0.5476593 0.8359096 -0.03639405 0.6139645 0.7892788 -0.009318768 0.3226165 0.4901852 -0.8097143 0.3223724 0.4901935 -0.8098064 0.322594 0.4902848 -0.8096629 0.5492081 -0.2010036 -0.8111523 0.5489639 -0.2009699 -0.811326 0.5491427 -0.2010049 -0.8111964 -0.215534 -0.5960369 -0.7734889 -0.2153413 -0.595829 -0.7737028 -0.215635 -0.5960612 -0.7734422 -0.534823 0.344347 -0.7716149 -0.5345671 0.3442809 -0.7718217 -0.5347551 0.3443455 -0.7716628 0.3032202 -0.9517717 0.04677903 0.9854406 -0.1699588 -0.004585921 0.9854406 -0.1699597 -0.004557132 0.9854406 -0.1699597 -0.004557132 0.9368168 -0.346024 -0.05139988 0.9369339 -0.3457141 -0.05134654 0.9368168 -0.3460238 -0.05140072 0.5477366 0.8359999 -0.03299957 0.6213153 0.7835559 -0.0027408 -0.6569539 0.7538259 0.0125854 -0.8806796 -0.4688143 0.0679444 -0.3461019 -0.9321486 -0.1063604 -0.346105 -0.9321514 -0.1063263 -0.3457906 -0.9322683 -0.1063243 -0.8425073 0.5327462 -0.07976895 -0.8423767 0.532947 -0.07980799 -0.8425064 0.532746 -0.0797801 -0.2155115 -0.5960674 -0.7734718 -0.2152146 -0.595883 -0.7736965 -0.2156235 -0.5960972 -0.7734176 -0.5347917 0.3445278 -0.7715559 -0.5344451 0.3444888 -0.7718135 -0.5346985 0.3445712 -0.7716011 0.3227933 0.4900109 -0.8097492 0.3230355 0.4897825 -0.8097907 0.5492105 -0.2010114 -0.8111488 0.5489664 -0.2009686 -0.8113246 0.5491433 -0.2010102 -0.8111946 -0.4721735 -0.6446444 0.601237 -0.8337249 -0.01175487 -0.5520552 -0.9000946 9.92035e-4 -0.4356934 -0.5663136 0.5432417 0.6198205 -4.89329e-5 -0.006006121 0.9999821 4.6129e-4 0.0237596 0.9997176 -5.89045e-5 -0.003045499 0.9999954 5.97578e-5 -0.004664957 0.9999892 0.001214206 0.0160551 0.9998705 2.36234e-5 -0.002827584 0.999996 -9.18357e-5 0.9245111 -0.381155 0.008636593 0.8364822 -0.5479263 0.7063294 0.4382312 0.5559248 1.78373e-4 -3.22248e-4 -1 -5.40563e-6 9.8005e-6 -1 0.5705226 -0.5511881 0.608848 0.001721024 -0.8677433 -0.4970096 0.004971206 -0.8343362 -0.5512337 0.8630998 -0.003093183 -0.5050239 0.8373493 -0.008022546 -0.5466095 0.5927501 0.1055351 0.798442 0.5927429 0.105636 0.798434 0.592636 0.1055691 0.7985224 0.5926059 0.1049489 0.7986264 -0.3585181 -0.08985382 -0.9291885 -0.3598679 -0.09135252 -0.9285203 -0.3613629 -0.09135448 -0.9279392 -0.3585659 -0.08985292 -0.92917 -0.3599174 -0.09131807 -0.9285045 -0.3614082 -0.09138697 -0.9279184 0.01585614 -0.008608222 0.9998373 0.01539391 -0.004413306 0.9998718 0.006584942 -0.01238566 0.9999017 0.01791954 -4.69531e-4 0.9998394 -0.01164811 -0.01185077 0.999862 0.003211498 -0.01084303 0.9999361 -0.009070932 -0.01451557 0.9998536 -0.01430279 -3.74246e-4 0.9998977 0.00297892 0.0178157 0.9998369 0.01896977 0.002611339 0.9998167 -3.20699e-5 -4.92745e-5 1 -0.006723761 0.01141786 0.9999123 -2.26241e-5 -5.76893e-5 1 -0.002183377 0.02080494 0.9997813 -0.0107159 0.0104385 0.9998881 0.03189677 -0.005679905 0.9994751 0.01227384 -0.01121771 0.9998618 0.01732236 0.008638739 0.9998127 0.01811355 0.004180312 0.9998272 0.01322698 -0.009642481 0.9998661 0.009036004 -0.01156431 0.9998923 -0.002903103 -0.01647704 0.9998601 0.01262879 -0.01078653 0.9998621 -0.006076991 -0.01504158 0.9998685 -0.01978045 0.004565596 0.999794 -0.01151198 0.00883305 0.9998947 0.01794838 -0.00138849 0.999838 7.42898e-4 -0.01062387 0.9999434 -0.01421272 -0.008798599 0.9998604 -0.01453465 -0.008703947 0.9998565 -0.01415109 -0.009274005 0.999857 0.006974816 -0.01213109 0.9999022 -0.007381021 -0.01263105 0.999893 -0.01046359 -0.01456278 0.9998393 -0.01511639 -0.008176088 0.9998524 -0.01511549 -0.008684575 0.9998481 -0.01516401 -0.008633077 0.9998478 -0.01855015 0.007056295 0.999803 -0.001063346 0.0212875 0.9997729 -4.72164e-4 0.02134746 0.9997721 -7.52036e-4 0.02116239 0.9997758 -0.01351135 -0.00324428 0.9999035 -0.01405423 -0.004117369 0.9998928 -0.01409274 -0.004006385 0.9998927 0.002097785 0.02045959 0.9997885 -0.01367592 0.006522834 0.9998852 -0.009217619 0.01060169 0.9999014 -0.004162728 0.01319801 0.9999042 -0.02006393 0.002459645 0.9997957 -0.01661616 0.02653211 0.9995099 -4.45804e-5 -4.17772e-5 1 0.01734608 0.008816003 0.9998107</float_array>
          <technique_common>
            <accessor source="#shape0-mesh-normals-array" count="5019" stride="3">
              <param name="X" type="float"/>
              <param name="Y" type="float"/>
              <param name="Z" type="float"/>
            </accessor>
          </technique_common>
        </source>
        <vertices id="shape0-mesh-vertices">
          <input semantic="POSITION" source="#shape0-mesh-positions"/>
        </vertices>
        <lines count="1">
          <input semantic="VERTEX" source="#shape0-mesh-vertices" offset="0"/>
          <p>599 600</p>
        </lines>
        <triangles material="silver_metal-material" count="3736">
          <input semantic="VERTEX" source="#shape0-mesh-vertices" offset="0"/>
          <input semantic="NORMAL" source="#shape0-mesh-normals" offset="1"/>
          <p>0 0 5 0 4 0 1 1 2 1 7 1 2 1 3 1 7 1 7 1 0 1 1 1 14 2 10 2 13 2 9 1 13 1 12 1 9 3 14 3 13 3 4 1 1 1 0 1 11 1 6 1 8 1 8 1 3 1 11 1 2 1 11 1 3 1 11 1 9 1 6 1 5 4 15 4 4 4 12 1 6 1 9 1 15 1 10 1 14 1 14 5 4 5 15 5 16 6 14 6 9 6 17 7 9 7 11 7 9 8 17 9 16 9 14 10 16 10 19 10 18 11 11 11 2 11 18 12 2 12 1 12 19 13 1 13 4 13 19 14 4 14 14 14 1 15 19 15 18 15 11 16 18 16 17 17 20 18 25 18 24 18 21 1 22 1 27 1 22 1 23 1 27 1 34 1 29 1 32 1 27 19 20 19 21 19 28 1 32 1 31 1 28 1 34 1 32 1 24 20 21 20 20 20 30 21 23 21 33 21 26 22 30 22 33 22 22 23 33 23 23 23 25 24 35 24 24 24 33 25 28 25 26 25 35 26 29 26 34 26 31 27 26 27 28 27 34 1 24 1 35 1 36 28 34 28 28 28 37 29 28 29 33 29 28 30 37 30 36 30 34 31 36 31 39 31 38 32 33 32 22 32 38 33 22 33 21 33 39 34 21 34 24 35 39 36 24 36 34 36 21 37 39 37 38 37 33 38 38 38 37 39 40 40 45 40 44 40 41 1 42 1 46 1 42 1 43 1 46 1 46 1 40 1 41 1 54 41 50 41 53 41 48 42 47 42 51 42 49 43 53 43 48 43 49 3 54 3 53 3 44 1 41 1 40 1 52 1 43 1 51 1 42 1 51 1 43 1 51 44 49 44 48 44 45 4 55 4 44 4 55 1 50 1 54 1 47 45 52 45 51 45 54 5 44 5 55 5 56 46 54 46 49 46 57 47 49 47 51 47 49 48 57 49 56 50 54 10 56 10 59 10 58 51 51 51 42 51 58 52 42 52 41 52 59 53 41 53 44 53 59 54 44 54 54 54 41 55 59 55 58 55 51 56 58 57 57 58 60 59 65 59 64 59 61 1 62 1 67 1 62 1 63 1 67 1 74 1 69 1 72 1 67 60 60 60 61 60 68 1 72 1 71 1 68 1 74 1 72 1 64 61 61 61 60 61 70 62 63 62 73 62 66 63 70 63 73 63 62 23 73 23 63 23 65 64 75 64 64 64 73 65 68 65 66 65 75 66 69 66 74 66 71 27 66 27 68 27 74 1 64 1 75 1 76 67 74 67 68 67 77 68 68 68 73 68 68 69 77 69 76 69 74 31 76 31 79 31 78 70 73 70 62 70 78 71 62 71 61 71 79 72 61 72 64 73 79 74 64 74 74 74 61 75 79 75 78 75 73 76 78 76 77 76 82 77 81 77 80 77 82 78 80 78 83 78 81 79 85 79 84 79 84 80 80 80 81 80 83 81 80 81 86 81 80 82 84 82 86 82 87 83 88 83 84 83 84 84 85 84 87 84 84 85 88 86 86 87 88 88 83 88 86 88 87 89 82 89 83 89 83 90 88 90 87 90 91 91 87 91 85 91 91 92 90 92 87 92 92 93 89 93 82 93 81 94 89 94 93 94 81 95 93 95 85 95 82 96 94 96 92 96 90 97 94 97 87 97 82 98 87 98 94 98 81 99 82 99 89 99 95 100 101 100 90 100 96 101 95 101 85 101 97 102 96 102 85 102 85 103 93 104 97 105 91 106 85 107 95 106 90 108 91 108 95 108 98 109 97 109 89 109 99 110 98 111 89 112 100 113 99 113 92 113 101 114 100 114 90 114 94 115 90 115 100 115 92 116 94 116 100 116 89 117 92 118 99 119 93 120 89 120 97 120 107 121 108 121 96 121 96 122 97 122 107 122 102 123 101 123 95 123 97 124 98 124 107 124 95 125 109 125 102 125 108 126 95 126 96 126 95 127 108 127 109 127 105 128 98 128 99 128 105 129 107 129 98 129 99 130 100 130 105 130 100 131 102 131 105 131 100 132 101 132 102 132 103 133 104 133 102 133 107 134 105 134 106 134 105 135 102 135 104 135 102 136 109 136 103 136 105 137 104 138 110 138 106 139 105 140 110 141 111 142 109 143 112 144 112 145 109 145 108 145 108 146 113 147 112 148 108 149 107 149 113 149 106 150 113 150 107 150 114 151 110 151 104 151 104 152 115 153 114 152 115 154 104 154 103 154 111 155 103 156 109 157 110 158 114 158 134 158 103 159 111 159 115 159 118 160 116 160 117 160 119 161 117 161 120 161 120 162 121 162 122 162 125 163 123 164 126 165 130 166 129 167 128 168 131 169 129 170 130 171 131 172 130 172 132 172 114 173 115 173 136 173 136 174 115 174 111 174 137 175 136 176 111 177 111 178 112 178 137 178 113 179 137 180 112 181 113 182 110 182 137 182 114 183 136 184 135 185 134 186 114 186 135 186 133 187 134 187 135 188 131 189 132 189 133 189 127 190 128 190 129 190 125 191 124 192 123 193 124 194 121 194 123 194 122 195 121 196 124 196 118 197 156 197 116 197 119 198 118 198 117 198 122 199 119 200 120 201 127 202 125 203 126 204 113 205 106 205 110 206 132 207 134 208 133 209 126 210 128 211 127 212 118 213 155 213 156 214 137 215 130 215 136 215 137 216 110 216 134 216 134 217 132 217 137 217 132 218 130 218 137 218 136 219 130 219 128 219 135 220 136 221 128 222 135 223 128 224 126 223 126 225 133 225 135 225 133 226 126 226 123 226 131 227 133 227 123 227 123 228 129 228 131 228 129 229 123 229 121 229 120 230 127 230 129 230 120 231 125 231 127 231 125 232 120 233 117 234 125 235 117 236 116 237 116 238 124 239 125 240 124 241 116 242 138 241 138 243 122 243 124 243 122 244 138 244 139 244 119 245 122 245 139 245 119 246 139 247 140 248 140 249 141 249 119 249 141 250 118 250 119 250 155 251 118 251 141 251 121 252 120 253 129 254 142 255 143 256 144 257 146 258 162 258 145 258 161 259 146 260 147 261 147 262 148 262 161 262 160 263 149 263 150 263 151 264 150 265 152 266 152 267 154 267 153 267 155 268 159 268 154 268 138 269 156 269 139 269 116 270 156 271 138 271 139 272 156 272 157 273 157 274 140 274 139 274 141 275 140 275 157 275 158 276 141 276 157 276 158 277 159 277 141 277 152 278 153 278 151 278 150 279 151 280 160 281 160 282 148 283 149 284 146 285 161 285 162 285 145 286 162 286 163 286 144 287 145 287 163 287 163 288 142 288 144 288 159 289 153 290 154 291 155 292 141 293 159 294 147 295 149 296 148 297 165 298 163 298 162 298 143 299 162 300 161 300 147 301 153 301 159 301 150 302 159 303 158 304 150 305 158 306 157 307 152 308 150 308 157 308 156 309 155 310 154 311 157 312 154 313 152 314 149 315 159 315 150 315 146 316 153 316 147 316 151 317 146 318 145 319 160 320 151 320 145 320 145 321 148 321 160 321 148 322 145 323 144 324 144 325 161 325 148 325 161 326 144 327 143 328 162 329 143 330 165 331 142 332 163 332 166 332 166 333 164 334 142 335 165 336 166 337 163 338 149 339 147 339 159 339 157 340 156 340 154 340 151 341 153 341 146 341 170 342 187 343 188 344 173 345 171 345 172 345 173 346 172 347 174 348 173 349 174 350 176 351 177 352 175 352 176 352 179 353 177 354 178 355 184 356 164 357 166 358 185 359 184 359 166 359 165 360 180 360 185 360 185 361 166 361 165 361 164 362 184 362 183 362 182 363 183 364 181 365 181 366 180 366 182 366 181 367 178 367 180 367 178 368 181 368 179 368 175 369 177 370 179 371 175 372 173 372 176 372 170 373 171 373 187 373 171 374 170 374 172 374 168 375 169 375 188 375 168 376 188 377 167 378 186 379 180 379 165 379 142 380 186 381 143 380 165 382 143 382 186 382 182 383 164 383 183 383 169 384 170 385 188 386 173 387 168 388 171 389 170 390 175 391 179 392 174 393 181 394 183 395 164 396 186 396 142 396 182 397 180 398 186 399 178 400 185 400 180 401 185 402 178 403 177 404 177 405 184 405 185 405 184 406 177 407 176 408 176 409 183 409 184 409 179 410 181 410 170 410 181 411 172 411 170 411 175 412 170 413 169 413 173 414 175 414 169 414 173 415 169 415 168 415 168 416 190 416 171 416 190 417 187 417 171 417 188 418 187 418 190 418 188 419 190 420 189 421 189 422 191 422 188 422 191 423 167 424 188 425 167 426 191 427 205 428 174 429 172 429 181 429 176 430 174 431 183 432 164 433 182 434 186 435 193 436 211 436 192 436 194 437 192 438 196 439 196 440 195 441 194 442 210 443 196 443 197 443 210 444 197 444 199 444 200 445 201 445 199 445 200 446 202 446 201 446 207 447 191 448 189 449 208 450 189 450 190 450 190 451 167 452 209 453 168 454 167 454 190 454 190 455 209 455 208 455 189 456 208 457 207 456 191 458 207 458 206 458 206 459 205 459 191 459 205 460 206 461 204 462 203 463 204 463 202 463 200 464 203 464 202 464 199 465 201 465 198 465 198 466 210 466 199 466 195 467 196 467 210 467 192 468 194 469 193 468 203 470 205 471 204 472 203 473 208 474 209 475 209 476 167 477 205 478 209 479 205 479 203 479 203 480 200 480 208 480 207 481 208 481 200 481 207 482 200 483 199 482 206 484 207 484 199 484 199 485 204 486 206 486 204 487 199 488 197 489 204 490 197 491 196 492 202 493 204 493 196 493 196 494 201 495 202 496 196 497 192 498 201 499 198 500 201 500 192 500 198 501 192 501 211 501 210 502 198 502 211 502 212 503 195 504 210 505 212 506 194 507 195 508 211 509 212 509 210 509 194 510 212 510 193 510 193 511 212 511 211 511 214 512 213 512 215 512 215 513 216 513 214 513 213 514 214 514 217 514 218 515 213 515 217 515 213 516 218 516 219 516 215 517 213 517 219 517 220 518 221 518 218 518 218 519 217 519 220 519 218 520 221 520 219 520 221 521 215 521 219 521 221 522 220 523 216 522 215 524 221 524 216 524 222 525 226 525 220 525 214 526 227 526 223 526 223 527 217 527 214 527 222 528 220 528 217 528 220 529 226 529 225 529 223 530 224 530 217 530 227 531 214 531 216 531 225 532 216 532 220 532 224 533 222 533 217 533 225 534 228 534 216 534 228 535 227 535 216 535 229 536 234 536 226 536 230 537 229 537 224 537 231 538 230 539 223 540 231 541 223 542 227 543 224 544 223 544 230 544 222 545 224 545 229 545 226 546 222 546 229 546 232 547 231 548 227 549 233 550 232 550 228 550 234 551 233 552 225 553 225 554 226 554 234 554 228 555 225 555 233 555 227 556 228 556 232 556 237 557 230 557 231 557 237 558 238 558 230 558 235 559 233 559 234 559 235 560 234 560 229 560 229 561 238 561 235 561 236 562 237 562 232 562 237 563 231 563 232 563 229 564 230 564 238 564 233 565 235 565 236 565 232 566 233 566 236 566 237 567 236 567 240 567 236 568 235 568 242 568 238 569 239 569 235 569 237 570 240 570 241 570 241 571 238 571 237 571 236 572 243 573 240 574 239 575 242 576 235 577 242 578 243 578 236 578 241 579 239 580 238 581 245 582 262 583 243 584 239 585 244 585 242 585 242 586 244 586 246 586 243 587 242 587 246 587 245 588 243 588 246 588 247 589 248 589 249 589 267 590 249 590 250 590 251 591 250 591 252 591 254 592 251 592 252 592 254 593 252 593 253 593 258 594 256 594 257 594 259 595 257 596 260 597 261 598 260 598 262 598 264 599 263 599 245 599 264 600 245 600 246 600 264 601 246 601 244 601 244 602 239 603 265 604 266 605 265 605 239 605 239 606 241 607 266 608 241 609 240 609 243 609 241 610 243 611 266 612 264 613 244 613 265 613 263 614 261 614 262 614 259 615 260 616 261 617 258 618 257 618 259 618 258 619 255 619 256 619 255 620 254 620 253 620 267 621 250 621 251 621 248 622 247 623 288 624 268 625 248 625 288 625 247 626 249 626 267 626 262 627 245 628 263 629 253 630 256 630 255 630 248 631 254 631 255 631 258 632 250 632 255 632 258 633 259 633 250 633 262 634 266 634 243 634 260 635 265 635 266 635 265 636 260 636 257 636 264 637 265 638 257 639 263 640 264 640 257 640 257 641 256 642 263 643 261 644 263 644 256 644 261 645 256 645 253 645 259 646 261 646 253 646 259 647 253 648 252 649 259 650 252 650 250 650 255 651 250 652 249 653 248 654 268 655 254 656 251 657 254 658 268 657 251 659 268 660 269 661 269 662 267 663 251 664 267 665 269 665 270 665 247 666 267 667 270 668 270 669 271 670 247 671 288 672 247 672 271 672 249 673 248 674 255 675 262 676 260 676 266 676 275 677 273 677 272 677 291 678 276 679 277 680 284 681 279 682 278 682 280 683 282 683 281 684 290 685 282 686 283 687 285 688 284 689 283 690 286 691 285 692 271 693 287 694 270 694 269 694 288 695 287 695 268 695 270 696 287 696 289 696 289 697 271 697 270 697 271 698 289 699 286 700 283 701 284 702 290 703 282 704 290 705 281 706 281 707 279 708 280 709 277 710 278 710 291 710 276 711 291 711 274 711 275 712 276 713 274 714 275 715 274 716 273 717 273 718 315 718 272 718 286 719 284 719 285 719 269 720 268 720 287 721 284 722 280 722 279 722 277 723 284 724 278 725 279 726 272 726 278 726 281 727 275 728 279 729 284 730 277 730 290 730 289 731 280 731 286 731 289 732 287 732 282 732 283 733 282 734 287 735 287 736 288 737 285 738 271 739 285 739 288 739 287 740 285 741 283 742 282 743 280 744 289 745 280 746 284 746 286 746 276 747 290 747 277 747 276 748 281 748 290 748 291 749 278 749 272 749 291 750 272 750 293 750 274 751 291 751 293 751 292 752 273 752 274 752 312 753 273 753 292 753 315 754 273 754 312 754 294 755 292 755 274 755 293 756 294 757 274 758 275 759 272 759 279 759 276 760 275 760 281 760 296 761 298 761 297 761 302 762 301 763 300 764 305 765 306 765 304 765 305 766 307 766 306 766 309 767 307 768 308 768 311 769 310 770 312 771 313 772 312 773 292 774 294 775 314 775 292 775 293 776 315 776 308 776 308 777 294 777 293 777 308 778 314 779 294 780 314 781 313 781 292 781 312 782 313 783 311 784 310 785 311 786 309 787 309 788 308 788 310 788 307 789 316 789 306 789 303 790 302 790 304 790 301 791 299 792 300 791 301 793 298 793 299 793 297 794 298 794 301 794 296 795 297 795 336 795 295 796 296 796 336 796 306 797 303 798 304 798 309 799 316 800 307 801 272 802 315 802 293 802 300 803 304 804 302 805 316 806 299 807 306 808 300 809 316 810 309 811 313 812 314 812 307 812 312 813 310 814 315 815 310 816 308 817 315 818 314 819 308 820 307 821 307 822 305 822 313 823 305 824 311 824 313 824 304 825 311 826 305 827 309 828 311 828 304 828 309 829 304 829 300 829 316 830 300 831 299 832 306 833 299 834 298 835 298 836 303 836 306 836 298 837 296 837 303 837 296 838 302 838 303 838 302 839 296 840 295 841 295 842 301 842 302 842 295 843 317 844 301 845 317 846 297 846 301 846 297 847 317 848 318 849 336 850 297 850 318 850 318 851 332 852 336 853 322 854 323 855 321 856 324 857 325 857 323 857 325 858 324 858 326 858 329 859 326 860 328 861 333 862 332 862 318 862 336 863 335 864 295 865 317 866 295 866 335 866 317 867 334 867 333 867 333 868 318 868 317 868 332 869 333 870 331 871 331 872 330 872 332 872 329 873 330 873 331 873 329 874 328 874 330 874 329 875 327 875 326 875 327 876 325 876 326 876 321 877 319 877 320 877 335 878 334 879 317 880 322 881 324 882 323 883 320 884 322 884 321 884 323 885 337 885 321 885 329 886 331 887 324 888 332 889 335 890 336 891 332 892 330 893 335 894 334 895 335 896 330 897 330 898 328 899 334 900 328 901 333 901 334 901 326 902 331 902 333 902 331 903 326 903 324 903 320 904 319 904 327 904 325 905 327 905 319 905 337 906 323 907 325 906 319 908 337 908 325 908 322 909 320 910 329 911 324 912 322 913 329 914 328 915 326 916 333 917 327 918 329 919 320 920 321 921 337 921 319 921 339 922 338 922 340 922 340 923 341 923 339 923 338 924 339 924 342 924 343 925 338 925 342 925 340 926 338 927 344 928 338 929 343 929 344 929 345 930 346 930 343 930 343 931 342 931 345 931 343 932 346 932 344 932 346 933 340 933 344 933 346 934 345 934 341 934 340 935 346 935 341 935 351 936 339 936 341 936 349 937 345 937 342 937 349 938 348 938 345 938 351 939 347 939 339 939 339 940 347 940 352 940 353 941 341 941 345 941 342 942 352 942 350 942 352 943 342 943 339 943 341 944 353 944 351 944 342 945 350 945 349 945 348 946 353 946 345 946 354 947 359 948 348 949 355 950 354 950 350 950 356 951 355 952 350 953 357 954 356 955 352 956 352 957 347 958 357 959 350 960 352 961 356 962 349 963 350 964 354 965 348 966 349 967 354 968 358 969 357 969 347 969 359 970 358 971 353 972 353 973 348 973 359 973 351 974 353 974 358 974 347 975 351 976 358 977 362 978 356 978 357 978 360 979 359 979 354 979 354 980 366 980 360 980 355 981 356 981 364 981 354 982 365 982 366 982 365 983 354 983 355 983 364 984 365 984 355 984 356 985 362 985 364 985 361 986 358 986 359 986 361 987 362 987 358 987 359 988 360 988 361 988 357 989 358 989 362 989 363 990 364 991 362 992 367 993 361 993 360 993 366 994 367 995 360 995 362 996 361 997 368 998 363 999 362 1000 368 1001 368 1002 392 1003 363 1004 367 1005 368 1005 361 1005 369 1006 366 1007 370 1008 370 1009 366 1009 365 1009 365 1010 392 1011 370 1012 365 1013 364 1014 392 1015 363 1016 392 1016 364 1017 372 1018 368 1018 367 1018 369 1019 367 1019 366 1019 371 1020 368 1020 372 1020 387 1021 368 1021 371 1021 387 1022 392 1023 368 1024 367 1025 369 1025 372 1025 374 1026 373 1026 375 1026 376 1027 377 1027 375 1027 377 1028 376 1028 378 1028 379 1029 377 1029 378 1029 381 1030 379 1030 380 1030 383 1031 381 1031 380 1031 385 1032 383 1033 382 1034 384 1035 385 1035 386 1035 388 1036 386 1037 387 1038 389 1039 388 1040 387 1041 390 1042 371 1043 372 1043 390 1044 372 1044 369 1044 391 1045 390 1045 369 1045 369 1046 370 1046 391 1046 392 1047 391 1047 370 1047 371 1048 390 1048 389 1048 383 1049 385 1049 384 1049 378 1050 380 1050 379 1050 393 1051 375 1052 377 1052 374 1053 375 1053 393 1053 388 1054 384 1055 386 1056 387 1057 371 1058 389 1059 380 1060 382 1061 383 1062 394 1063 373 1063 374 1063 383 1064 384 1064 376 1064 391 1065 385 1066 390 1067 392 1068 387 1068 386 1068 386 1069 391 1069 392 1069 386 1070 385 1070 391 1070 390 1071 385 1071 382 1071 389 1072 390 1072 382 1072 389 1073 382 1073 380 1073 380 1074 388 1074 389 1074 380 1075 384 1075 388 1075 376 1076 375 1077 383 1078 375 1079 381 1079 383 1079 381 1080 375 1080 373 1080 373 1081 379 1081 381 1081 377 1082 379 1082 394 1082 394 1083 395 1083 377 1083 395 1084 393 1084 377 1084 395 1085 396 1085 393 1085 374 1086 393 1087 396 1088 396 1089 397 1090 374 1091 373 1092 394 1092 379 1092 378 1093 376 1094 384 1095 380 1096 378 1097 384 1098 400 1099 402 1100 401 1101 402 1102 403 1103 415 1104 403 1105 404 1106 415 1107 403 1108 405 1109 404 1110 408 1111 407 1112 406 1111 410 1113 409 1114 411 1115 397 1116 414 1116 411 1116 396 1117 413 1117 397 1117 409 1118 396 1118 395 1118 412 1119 409 1120 395 1121 412 1122 395 1123 394 1124 374 1125 412 1126 394 1127 396 1128 409 1128 413 1128 411 1129 414 1130 410 1131 408 1132 409 1132 410 1132 407 1133 405 1133 406 1133 400 1134 401 1134 399 1134 398 1135 417 1135 399 1135 415 1136 401 1137 402 1138 407 1139 404 1140 405 1139 410 1141 407 1141 408 1141 413 1142 414 1142 397 1142 419 1143 399 1143 401 1143 402 1144 407 1144 410 1144 414 1145 403 1145 410 1145 413 1146 408 1146 406 1146 408 1147 413 1148 409 1149 397 1150 411 1151 412 1152 411 1153 409 1154 412 1155 413 1156 406 1156 405 1156 403 1157 414 1157 405 1157 410 1158 403 1159 402 1160 402 1161 400 1162 407 1163 404 1164 407 1164 400 1164 400 1165 399 1166 404 1167 399 1168 415 1168 404 1168 415 1169 399 1170 417 1171 418 1172 401 1172 415 1172 438 1173 398 1174 416 1175 419 1176 416 1177 399 1178 418 1179 419 1180 401 1181 417 1182 418 1183 415 1184 412 1185 374 1186 397 1187 414 1188 413 1189 405 1190 398 1191 399 1192 416 1193 424 1194 423 1194 422 1194 427 1195 425 1196 426 1196 427 1197 426 1198 428 1199 427 1200 428 1201 430 1202 431 1203 429 1203 430 1203 433 1204 431 1205 432 1206 438 1207 416 1207 439 1208 440 1209 439 1209 416 1209 398 1210 418 1210 417 1210 434 1211 419 1211 418 1211 419 1212 434 1212 440 1212 440 1213 416 1213 419 1213 438 1214 439 1214 437 1214 436 1215 437 1216 435 1217 435 1218 434 1218 436 1218 435 1219 432 1219 434 1219 432 1220 435 1220 433 1220 429 1221 431 1221 433 1221 429 1222 427 1223 430 1224 425 1225 424 1225 426 1225 423 1226 442 1227 422 1228 421 1229 422 1230 442 1231 421 1232 442 1232 420 1232 425 1233 423 1234 424 1235 441 1236 434 1236 418 1236 398 1237 441 1237 418 1237 436 1238 438 1238 437 1238 427 1239 421 1239 425 1239 424 1240 429 1240 433 1240 428 1241 435 1242 437 1241 438 1243 441 1243 398 1243 436 1244 434 1244 441 1244 432 1245 440 1245 434 1245 440 1246 432 1247 431 1248 431 1249 439 1249 440 1249 439 1250 431 1251 430 1252 430 1253 437 1253 439 1253 433 1254 435 1254 424 1254 435 1255 426 1256 424 1257 424 1258 422 1258 429 1258 427 1259 429 1259 422 1259 427 1260 422 1260 421 1260 421 1261 443 1262 425 1263 443 1264 423 1264 425 1264 423 1265 443 1266 444 1266 442 1267 423 1267 444 1267 444 1268 445 1269 442 1269 445 1270 420 1270 442 1270 420 1271 445 1271 459 1271 428 1272 426 1272 435 1272 430 1273 428 1274 437 1275 438 1276 436 1276 441 1276 447 1277 465 1277 446 1277 448 1278 446 1279 450 1280 450 1281 449 1281 448 1281 464 1282 450 1282 451 1282 464 1283 451 1283 453 1283 454 1284 455 1284 453 1285 454 1286 456 1286 455 1286 454 1287 457 1287 456 1287 461 1288 445 1289 444 1290 462 1291 444 1291 443 1291 443 1292 420 1293 463 1293 421 1294 420 1294 443 1294 443 1295 463 1295 462 1295 444 1296 462 1297 461 1298 445 1299 461 1299 460 1299 460 1300 459 1301 445 1302 459 1303 460 1304 458 1305 457 1306 458 1306 456 1306 453 1307 455 1307 452 1307 452 1308 464 1308 453 1308 449 1309 450 1310 464 1311 446 1312 448 1313 447 1314 457 1315 459 1316 458 1317 457 1318 462 1319 463 1320 463 1321 420 1321 459 1321 463 1322 459 1322 457 1323 461 1324 462 1325 457 1324 457 1326 454 1327 461 1328 461 1329 454 1329 453 1329 460 1330 461 1330 453 1330 453 1331 458 1331 460 1332 458 1333 453 1334 451 1335 458 1336 451 1337 450 1338 456 1339 458 1339 450 1339 450 1340 455 1341 456 1342 450 1343 446 1344 455 1345 452 1346 455 1346 446 1346 452 1347 446 1347 465 1347 464 1348 452 1348 465 1348 466 1349 449 1349 464 1349 466 1350 448 1350 449 1350 465 1351 466 1351 464 1351 448 1352 466 1352 447 1352 447 1353 466 1353 465 1353 469 1354 468 1354 467 1354 469 1355 467 1355 470 1355 468 1356 472 1356 471 1356 471 1357 467 1357 468 1357 470 1358 467 1358 473 1358 467 1359 471 1359 473 1359 474 1360 475 1360 471 1360 471 1361 472 1361 474 1361 471 1362 475 1363 473 1364 475 1365 470 1365 473 1365 474 1366 469 1366 470 1366 470 1367 475 1367 474 1367 478 1368 474 1368 472 1368 478 1369 477 1369 474 1369 479 1370 476 1370 469 1370 468 1371 476 1371 480 1371 468 1372 480 1372 472 1372 469 1373 481 1373 479 1373 477 1374 481 1374 474 1374 469 1375 474 1375 481 1375 468 1376 469 1376 476 1376 482 1377 488 1377 477 1377 483 1378 482 1379 478 1380 484 1381 483 1382 472 1383 472 1384 480 1385 484 1386 478 1387 472 1387 483 1387 477 1388 478 1388 482 1388 485 1389 484 1389 480 1389 486 1390 485 1391 476 1392 487 1393 486 1393 479 1393 488 1394 487 1394 477 1394 481 1395 477 1395 487 1395 479 1396 481 1396 487 1396 476 1397 479 1398 486 1399 480 1400 476 1400 485 1400 482 1401 494 1401 489 1401 489 1402 488 1402 482 1402 494 1403 482 1403 483 1403 492 1404 494 1404 483 1404 483 1405 484 1405 492 1405 484 1406 485 1406 492 1406 491 1407 485 1407 486 1407 488 1408 489 1408 490 1408 491 1409 492 1409 485 1409 486 1410 487 1410 491 1410 487 1411 490 1411 491 1411 487 1412 488 1412 490 1412 493 1413 494 1413 492 1413 494 1414 495 1415 489 1414 491 1416 496 1416 497 1416 492 1417 491 1418 497 1419 496 1420 490 1420 489 1420 495 1421 496 1421 489 1421 491 1422 490 1423 496 1423 498 1424 497 1424 496 1424 496 1425 499 1425 498 1425 497 1426 498 1426 516 1426 496 1427 495 1427 499 1427 501 1428 500 1429 502 1430 502 1431 504 1432 503 1433 509 1434 507 1434 506 1434 509 1435 506 1436 508 1437 512 1438 511 1439 510 1440 513 1441 512 1441 514 1441 515 1442 514 1443 516 1444 516 1445 517 1446 515 1447 498 1448 499 1449 518 1448 519 1450 518 1451 499 1450 519 1452 495 1452 494 1452 493 1453 519 1453 494 1453 493 1454 497 1454 519 1454 498 1455 518 1455 517 1455 516 1456 498 1456 517 1456 515 1457 513 1458 514 1459 513 1460 511 1461 512 1462 509 1463 510 1464 511 1464 507 1465 505 1466 506 1467 505 1468 504 1468 506 1468 501 1469 502 1469 503 1469 505 1470 503 1471 504 1472 493 1473 492 1473 497 1473 499 1474 495 1474 519 1474 508 1475 510 1476 509 1477 520 1478 500 1478 501 1478 519 1479 512 1480 518 1479 519 1481 497 1481 516 1481 519 1482 516 1482 514 1482 514 1483 512 1483 519 1483 518 1484 512 1484 510 1484 517 1485 518 1485 510 1485 517 1486 510 1486 508 1486 508 1487 515 1487 517 1487 515 1488 508 1489 506 1490 513 1491 515 1491 506 1491 513 1492 506 1492 504 1492 504 1493 511 1494 513 1495 502 1496 509 1497 511 1498 509 1499 502 1500 500 1501 507 1502 509 1502 500 1502 505 1503 507 1504 520 1505 520 1506 521 1506 505 1506 521 1507 503 1507 505 1507 501 1508 503 1509 521 1509 501 1510 521 1510 522 1510 522 1511 523 1512 501 1513 500 1514 520 1514 507 1514 504 1515 502 1516 511 1517 526 1518 528 1519 527 1520 528 1521 529 1521 541 1521 529 1522 531 1523 530 1524 534 1525 533 1526 532 1526 523 1527 540 1527 536 1527 522 1528 539 1528 523 1529 521 1530 539 1530 522 1530 538 1531 537 1532 521 1532 538 1533 521 1534 520 1535 501 1536 538 1536 520 1536 521 1537 537 1538 539 1539 536 1540 540 1541 535 1542 533 1543 531 1543 532 1543 530 1544 541 1544 529 1544 526 1545 527 1546 525 1547 524 1548 543 1548 525 1548 541 1549 527 1550 528 1551 533 1552 530 1553 531 1554 535 1555 533 1555 534 1555 539 1556 540 1556 523 1556 545 1557 525 1557 527 1557 528 1558 533 1559 535 1560 540 1561 529 1561 535 1561 539 1562 534 1562 532 1562 534 1563 539 1564 537 1565 523 1566 536 1567 538 1568 536 1569 535 1569 538 1569 537 1570 535 1570 534 1570 539 1571 532 1572 531 1573 529 1574 540 1574 531 1574 535 1575 529 1576 528 1577 528 1578 526 1579 533 1580 530 1581 533 1581 526 1581 526 1582 525 1583 530 1584 530 1585 525 1586 543 1587 543 1588 541 1588 530 1588 544 1589 527 1589 541 1589 564 1590 524 1590 542 1590 545 1591 542 1592 525 1593 544 1594 545 1595 527 1596 543 1597 544 1598 541 1599 538 1600 501 1601 523 1602 537 1603 538 1603 535 1603 540 1604 539 1605 531 1604 524 1606 525 1607 542 1608 550 1609 549 1610 548 1611 553 1612 551 1613 552 1614 553 1615 552 1616 554 1617 553 1618 554 1619 556 1620 557 1621 555 1621 556 1621 559 1622 557 1623 558 1624 564 1625 542 1626 565 1627 566 1628 565 1629 542 1630 524 1631 544 1631 543 1631 560 1632 545 1632 544 1632 545 1633 560 1633 566 1633 566 1634 542 1634 545 1634 564 1635 565 1635 563 1635 562 1636 563 1637 561 1638 561 1639 560 1639 562 1639 561 1640 558 1640 560 1640 558 1641 561 1641 559 1641 555 1642 557 1643 559 1644 555 1645 553 1645 556 1645 551 1646 550 1646 552 1646 549 1647 568 1648 548 1649 547 1650 548 1650 568 1650 547 1651 568 1652 546 1653 551 1654 549 1654 550 1654 567 1655 560 1655 544 1655 524 1656 567 1657 544 1656 562 1658 564 1658 563 1658 553 1659 547 1659 551 1659 550 1660 555 1660 559 1660 554 1661 561 1662 563 1663 564 1664 567 1664 524 1664 562 1665 560 1665 567 1665 558 1666 566 1666 560 1666 566 1667 558 1668 557 1669 557 1670 565 1670 566 1670 565 1671 557 1672 556 1673 556 1674 563 1674 565 1674 559 1675 561 1675 550 1675 561 1676 552 1677 550 1677 550 1678 548 1679 555 1680 553 1681 555 1681 548 1681 553 1682 548 1682 547 1682 547 1683 569 1683 551 1683 569 1684 549 1684 551 1684 549 1685 569 1686 570 1687 568 1688 549 1688 570 1688 570 1689 571 1690 568 1691 571 1692 546 1692 568 1692 546 1693 571 1693 584 1693 554 1694 552 1694 561 1694 556 1695 554 1696 563 1697 564 1698 562 1699 567 1700 574 1701 573 1702 576 1703 576 1704 575 1704 574 1704 589 1705 576 1705 577 1705 589 1706 577 1706 578 1706 580 1707 579 1707 578 1707 580 1708 582 1708 581 1708 586 1709 571 1709 570 1709 587 1710 570 1710 569 1710 569 1711 546 1711 588 1711 547 1712 546 1712 569 1712 569 1713 588 1713 587 1713 570 1714 587 1715 586 1714 571 1716 586 1716 585 1716 585 1717 584 1717 571 1717 584 1718 585 1718 583 1719 582 1720 583 1720 581 1720 581 1721 579 1721 580 1721 579 1722 589 1722 578 1722 575 1723 576 1724 589 1725 573 1726 574 1727 572 1728 582 1729 584 1730 583 1731 582 1732 587 1733 588 1734 588 1735 546 1735 584 1735 588 1736 584 1737 582 1738 586 1739 587 1739 582 1739 582 1740 580 1741 586 1742 586 1743 580 1743 578 1743 585 1330 586 1330 578 1330 578 1744 583 1744 585 1744 583 1745 578 1746 577 1745 577 1747 581 1747 583 1747 581 1748 577 1749 576 1750 576 1751 579 1751 581 1751 576 1752 573 1753 579 1754 579 1755 573 1755 572 1755 589 1756 579 1756 572 1756 589 1757 572 1757 590 1757 590 1758 575 1759 589 1760 590 1761 574 1761 575 1761 574 1762 590 1762 572 1762 593 1763 594 1763 591 1763 591 1764 594 1764 596 1764 596 1765 595 1765 591 1765 595 1766 597 1766 598 1766 598 1767 599 1767 595 1767 596 1768 597 1768 595 1768 592 1769 593 1769 591 1769 602 1770 601 1770 600 1770 603 1771 601 1771 602 1771 603 1772 606 1772 601 1772 601 1773 606 1773 605 1773 607 1774 605 1774 606 1774 605 1775 607 1775 604 1775 612 1776 600 1776 601 1776 611 1777 612 1777 609 1777 614 1778 600 1778 612 1778 612 1779 613 1779 614 1779 612 1780 611 1780 613 1780 609 1781 608 1781 610 1781 1005 1782 1013 1782 608 1782 608 1783 615 1783 1005 1783 617 1784 615 1784 621 1784 615 1785 618 1785 616 1785 1005 1786 615 1786 616 1786 615 1787 617 1788 618 1789 621 1790 615 1790 619 1790 619 1791 620 1791 621 1791 620 1792 623 1792 621 1792 624 1793 617 1793 621 1793 624 1794 621 1794 623 1794 622 1795 624 1795 623 1795 625 1796 626 1796 632 1796 627 1797 628 1797 632 1797 630 1798 619 1798 628 1798 619 1799 631 1799 620 1799 619 1800 630 1800 631 1800 628 1801 629 1801 630 1801 628 1802 627 1802 629 1802 632 1803 626 1803 627 1803 651 1804 633 1804 667 1804 667 1805 634 1805 651 1805 638 1806 625 1806 632 1806 635 1807 632 1807 633 1807 635 1808 636 1808 632 1808 633 1809 637 1809 635 1809 632 1810 636 1810 638 1810 641 1811 643 1812 642 1813 636 1814 640 1814 638 1814 625 1815 638 1815 639 1815 638 1816 640 1816 641 1816 642 1817 647 1817 645 1817 644 1818 642 1818 645 1818 644 1819 641 1819 642 1819 643 1820 641 1820 640 1820 641 1821 639 1821 638 1821 647 1822 642 1822 643 1822 643 1823 646 1823 647 1823 623 1824 649 1824 648 1824 649 1825 623 1825 620 1825 648 1826 646 1826 623 1826 647 1827 646 1827 648 1827 622 1828 623 1829 646 1828 651 1830 637 1830 633 1830 651 1831 652 1832 650 1833 651 1834 650 1834 637 1834 655 1835 656 1835 653 1835 653 1836 656 1836 658 1836 658 1837 657 1837 653 1837 657 1838 659 1838 660 1838 660 1839 634 1839 657 1839 658 1840 659 1840 657 1840 654 1841 655 1841 653 1841 663 1842 664 1842 662 1842 666 1843 667 1843 664 1843 669 1844 634 1844 667 1844 667 1845 668 1845 669 1845 667 1846 666 1846 668 1846 664 1847 665 1847 666 1847 664 1848 663 1848 665 1848 662 1849 661 1849 663 1849 662 1850 679 1850 661 1850 679 1851 662 1851 670 1851 674 1852 672 1852 673 1852 604 1853 673 1853 605 1853 693 1854 671 1854 672 1854 675 1855 672 1855 674 1855 674 1856 673 1856 678 1856 678 1857 690 1857 674 1857 677 1858 678 1858 673 1858 604 1859 677 1859 673 1859 672 1860 676 1860 693 1860 675 1861 676 1861 672 1861 690 1862 675 1862 674 1862 682 1863 681 1863 671 1863 681 1864 680 1864 679 1864 670 1865 681 1865 679 1865 670 1866 671 1866 681 1866 693 1867 682 1868 671 1869 693 1870 683 1870 682 1870 607 1871 684 1872 604 1873 607 1874 685 1874 684 1874 684 1875 685 1875 688 1875 685 1876 687 1876 686 1876 686 1877 688 1877 685 1877 689 1878 694 1878 690 1878 691 1879 692 1880 689 1881 683 1882 693 1882 692 1882 694 1883 689 1883 692 1883 692 1884 691 1884 683 1884 689 1885 687 1886 691 1887 686 1888 687 1888 689 1888 690 1889 686 1890 689 1889 696 1891 695 1891 601 1891 696 1892 601 1892 605 1892 697 1893 708 1893 671 1893 612 1894 601 1894 695 1894 667 1895 633 1895 698 1895 707 1896 700 1896 608 1896 609 1897 612 1897 701 1897 708 1898 672 1898 671 1898 702 1899 697 1899 662 1899 664 1900 667 1900 703 1900 696 1901 605 1901 673 1901 697 1902 670 1902 662 1902 699 1903 633 1903 632 1903 632 1904 705 1904 699 1904 673 1905 704 1905 696 1905 673 1906 672 1906 704 1906 664 1907 703 1907 702 1907 628 1908 619 1908 706 1908 700 1909 706 1909 619 1909 695 1910 701 1910 612 1910 671 1911 670 1911 697 1911 699 1912 698 1912 633 1912 619 1913 615 1913 700 1913 708 1914 704 1914 672 1914 705 1915 632 1915 628 1915 615 1916 608 1916 700 1916 702 1917 662 1917 664 1917 698 1918 703 1918 667 1918 707 1919 608 1919 609 1919 609 1920 701 1920 707 1920 706 1921 705 1921 628 1921 709 1922 704 1922 708 1922 710 1923 708 1923 697 1923 711 1924 697 1924 702 1924 712 1925 702 1925 703 1925 713 1926 703 1926 698 1926 714 1927 698 1927 699 1927 715 1928 699 1928 705 1928 705 1929 716 1929 715 1929 699 1930 715 1930 714 1930 698 1931 714 1931 713 1931 703 1932 713 1932 712 1932 702 1933 712 1933 711 1933 697 1934 711 1934 710 1934 708 1935 710 1935 709 1935 716 1936 705 1936 706 1936 717 1937 706 1937 700 1937 718 1938 700 1938 707 1938 719 1939 707 1939 701 1939 720 1940 701 1940 695 1940 721 1941 695 1941 696 1941 722 1942 696 1942 704 1942 704 1943 709 1943 722 1943 696 1944 722 1944 721 1944 695 1945 721 1945 720 1945 701 1946 720 1946 719 1946 707 1947 719 1947 718 1947 700 1948 718 1948 717 1948 706 1949 717 1949 716 1949 723 1950 724 1950 722 1950 727 1951 725 1951 716 1951 721 1952 722 1952 724 1952 730 1953 718 1953 719 1953 726 1950 717 1950 718 1950 727 1954 716 1954 717 1954 728 1955 709 1955 710 1955 729 1956 730 1956 719 1956 717 1957 726 1957 727 1957 734 1958 732 1958 714 1958 733 1959 722 1959 709 1959 719 1960 720 1960 729 1960 725 1961 731 1961 715 1961 731 1962 734 1962 715 1962 724 1950 720 1950 721 1950 714 1963 715 1963 734 1963 713 1950 714 1950 732 1950 732 1950 735 1950 713 1950 718 1950 730 1950 726 1950 711 1964 736 1964 710 1964 712 1950 713 1950 735 1950 736 1950 711 1950 712 1950 715 1965 716 1965 725 1965 722 1950 733 1950 723 1950 712 1950 735 1950 736 1950 737 1966 727 1966 726 1966 738 1967 726 1967 730 1967 739 1968 730 1968 729 1968 740 1969 729 1969 720 1969 741 1970 720 1970 724 1970 742 1971 724 1971 723 1971 743 1972 742 1972 723 1972 733 1973 744 1973 743 1973 745 1974 756 1974 725 1974 724 1975 742 1975 741 1975 720 1976 741 1976 740 1976 729 1977 740 1977 739 1977 730 1978 739 1978 738 1978 726 1979 738 1979 737 1979 727 1980 737 1980 745 1980 744 1981 733 1981 709 1981 709 1982 746 1982 744 1982 746 1983 709 1983 728 1983 728 1984 747 1984 746 1984 747 1985 728 1985 710 1985 747 1986 710 1986 736 1986 736 1987 748 1987 747 1987 736 1988 749 1988 748 1988 749 1989 736 1989 735 1989 735 1990 750 1990 749 1990 735 1991 732 1991 751 1991 732 1992 734 1992 753 1992 734 1993 731 1993 755 1993 731 1994 725 1994 756 1994 725 1995 727 1995 745 1995 743 1996 723 1996 733 1996 756 1997 755 1997 731 1997 755 1998 754 1998 734 1998 754 1999 753 1999 734 1999 753 2000 752 2000 732 2000 752 2001 751 2001 732 2001 751 2002 750 2002 735 2002 754 2003 752 2003 753 2003 752 2004 757 2004 751 2004 749 2005 750 2005 748 2005 744 2006 746 2006 743 2006 750 2007 751 2007 757 2007 745 2008 737 2008 756 2008 748 2009 767 2009 758 2009 754 2010 755 2010 759 2010 747 2011 761 2011 760 2011 747 2012 758 2012 761 2012 767 2013 748 2013 750 2013 756 2014 737 2014 769 2014 741 2015 764 2015 770 2015 746 2016 760 2016 766 2016 758 2017 747 2017 748 2017 752 2018 754 2018 759 2018 762 2019 759 2019 755 2019 755 2020 756 2020 768 2020 763 2021 769 2021 737 2021 741 2022 770 2022 774 2022 742 2023 765 2023 764 2023 766 2024 743 2024 746 2024 760 2025 746 2025 747 2025 737 2026 738 2026 763 2026 764 2027 741 2027 742 2027 743 2028 766 2028 765 2028 768 2029 762 2029 755 2029 772 2030 763 2030 738 2030 738 2031 739 2031 772 2031 739 2032 740 2032 773 2032 759 2033 771 2033 752 2033 773 2034 772 2034 739 2034 774 2035 740 2035 741 2035 771 2036 757 2036 752 2036 769 2037 768 2037 756 2037 765 2038 742 2038 743 2038 740 2039 774 2039 773 2039 757 2040 767 2040 750 2040 757 2041 771 2041 776 2041 771 2042 759 2042 777 2042 759 2043 762 2043 778 2043 762 2044 768 2044 779 2044 768 2045 769 2045 780 2045 769 2046 763 2046 781 2046 763 2047 772 2047 782 2047 772 2048 773 2048 783 2048 784 2049 783 2049 773 2049 783 2050 782 2050 772 2050 782 2051 781 2051 763 2051 781 2052 780 2052 769 2052 780 2053 779 2053 768 2053 779 2054 778 2054 762 2054 778 2055 777 2055 759 2055 777 2056 776 2056 771 2056 776 2057 775 2057 757 2057 775 2058 793 2058 757 2058 773 2059 774 2059 784 2059 774 2060 770 2060 785 2060 770 2061 764 2061 786 2061 764 2062 765 2062 787 2062 765 2063 766 2063 789 2063 766 2064 760 2064 790 2064 760 2065 761 2065 790 2065 761 2066 758 2066 791 2066 758 2067 767 2067 793 2067 767 2068 757 2068 793 2068 793 2069 792 2069 758 2069 792 2070 791 2070 758 2070 791 2071 790 2071 761 2071 790 2072 789 2072 766 2072 789 2073 788 2073 765 2073 788 2074 787 2074 765 2074 787 2075 786 2075 764 2075 786 2076 785 2076 770 2076 785 2077 784 2077 774 2077 789 2078 791 2078 792 2078 789 2079 790 2079 791 2079 792 2080 787 2080 788 2080 792 2081 786 2081 787 2081 784 2082 785 2082 792 2082 785 2083 786 2083 792 2083 780 2084 781 2084 782 2084 784 2085 777 2085 778 2085 788 2086 789 2086 792 2086 779 2087 783 2087 784 2087 779 2088 782 2088 783 2088 792 2089 793 2089 784 2089 782 2090 779 2090 780 2090 784 2091 778 2091 779 2091 775 2092 776 2092 784 2092 793 2093 775 2093 784 2093 776 2094 777 2094 784 2094 796 2095 797 2096 646 2097 640 2098 795 2098 806 2098 805 2099 852 2100 851 2101 636 2102 801 2102 794 2102 851 2103 796 2103 646 2103 794 2104 795 2105 640 2106 797 2107 622 2107 646 2107 805 2108 851 2108 643 2108 806 2109 805 2109 640 2109 794 2110 640 2110 636 2110 851 2111 646 2111 643 2111 797 2112 869 2112 622 2112 643 2113 640 2113 805 2113 794 2114 798 2115 804 2116 795 2117 794 2118 804 2119 799 2120 801 2120 800 2120 810 2121 802 2122 798 2123 802 2124 804 2125 798 2126 802 2127 803 2127 804 2127 806 2128 795 2128 804 2128 806 2129 807 2130 805 2131 807 2132 806 2133 808 2134 808 2135 806 2135 804 2135 808 2136 804 2136 803 2136 803 2137 809 2137 808 2137 802 2138 809 2138 803 2138 812 2139 813 2139 814 2139 810 2140 809 2140 802 2140 811 2141 813 2141 809 2141 814 2142 813 2142 811 2142 809 2143 810 2143 811 2143 815 2144 818 2144 814 2144 814 2145 811 2146 815 2147 811 2148 816 2148 815 2148 813 2149 812 2149 817 2149 812 2150 814 2150 818 2150 818 2151 817 2151 812 2151 819 2152 818 2152 815 2152 818 2153 819 2153 830 2153 815 2154 816 2155 829 2156 829 2157 819 2157 815 2157 805 2158 807 2158 820 2158 825 2159 820 2159 826 2159 808 2160 826 2160 820 2160 813 2161 817 2161 808 2161 808 2162 832 2162 826 2162 808 2163 809 2163 813 2163 820 2164 807 2164 808 2164 817 2165 832 2165 808 2165 826 2166 822 2166 823 2166 825 2167 823 2168 824 2167 825 2169 826 2169 823 2169 820 2170 825 2170 824 2170 822 2171 826 2171 821 2171 801 2172 829 2172 798 2172 829 2173 801 2173 799 2173 811 2174 810 2174 798 2174 798 2175 794 2175 801 2175 798 2176 829 2176 816 2176 798 2177 816 2177 811 2177 828 2178 829 2178 799 2178 827 2179 828 2180 799 2181 818 2182 830 2182 832 2182 832 2183 817 2183 818 2183 1045 2184 1046 2184 828 2184 828 2185 827 2185 1045 2185 1045 2186 827 2186 799 2186 799 2187 1047 2187 1045 2187 832 2188 830 2189 831 2190 821 2191 826 2192 832 2193 821 2194 832 2195 831 2196 822 2197 821 2197 835 2197 833 2198 835 2198 834 2198 836 2199 833 2199 837 2199 824 2200 836 2200 837 2200 824 2201 837 2201 820 2201 822 2202 836 2203 823 2204 824 2205 823 2206 836 2207 835 2208 833 2209 836 2210 835 2211 836 2211 822 2211 839 2212 831 2212 830 2212 839 2213 835 2213 821 2213 835 2214 839 2214 840 2214 840 2215 834 2215 835 2215 839 2216 821 2217 831 2216 838 2218 839 2218 830 2218 841 2219 849 2219 834 2219 834 2220 840 2220 841 2220 847 2221 845 2221 849 2221 844 2222 845 2222 843 2222 846 2223 848 2224 845 2225 844 2226 843 2226 842 2226 848 2227 854 2227 850 2227 850 2228 849 2228 845 2228 850 2229 845 2229 848 2229 847 2230 843 2230 845 2230 845 2231 844 2231 846 2231 820 2232 850 2232 854 2232 837 2233 849 2233 850 2233 849 2234 837 2234 833 2234 849 2235 833 2236 834 2237 854 2238 852 2239 805 2240 805 2241 820 2241 854 2241 850 2242 820 2242 837 2242 851 2243 852 2243 853 2243 854 2244 856 2245 853 2246 853 2247 852 2247 854 2247 856 2248 848 2248 846 2248 857 2249 846 2249 844 2249 855 2250 857 2250 842 2250 846 2251 857 2251 856 2251 848 2252 856 2252 854 2252 842 2253 857 2253 844 2253 855 2254 842 2255 861 2256 861 2257 858 2257 855 2257 847 2258 849 2258 841 2258 843 2259 847 2259 841 2259 841 2260 860 2260 843 2260 879 2261 880 2262 859 2263 880 2264 860 2264 859 2264 861 2265 842 2265 860 2265 880 2266 861 2267 860 2268 842 2269 843 2269 860 2269 862 2270 851 2271 853 2271 851 2272 862 2273 864 2274 864 2275 796 2275 851 2275 862 2276 867 2276 865 2276 865 2277 864 2277 862 2277 864 2278 797 2279 796 2280 864 2281 863 2281 797 2281 865 2282 866 2283 864 2284 863 2285 864 2285 866 2285 872 2286 866 2286 867 2286 865 2287 867 2287 866 2287 873 2288 872 2288 871 2288 867 2289 871 2289 872 2289 856 2290 857 2290 855 2290 856 2291 858 2291 862 2291 862 2292 853 2292 856 2292 871 2293 867 2293 862 2293 862 2294 858 2294 875 2294 862 2295 875 2295 871 2295 855 2296 858 2296 856 2296 874 2297 873 2298 871 2299 871 2300 875 2301 874 2302 874 2303 877 2303 873 2303 877 2304 876 2304 872 2304 872 2305 873 2305 877 2305 877 2306 879 2306 878 2306 877 2307 874 2307 879 2307 874 2308 875 2308 880 2308 874 2309 880 2310 879 2309 858 2311 880 2311 875 2311 861 2312 880 2313 858 2314 876 2315 877 2315 878 2315 876 2316 878 2316 881 2316 863 2317 881 2317 869 2317 881 2318 868 2318 870 2318 881 2319 870 2319 869 2319 868 2320 881 2320 882 2320 872 2321 876 2321 863 2321 863 2322 866 2322 872 2322 869 2323 797 2323 863 2323 876 2324 881 2324 863 2324 868 2325 882 2325 883 2325 885 2326 886 2326 868 2326 883 2327 882 2327 885 2327 868 2328 883 2328 885 2328 884 2329 885 2329 882 2329 893 2330 887 2330 886 2330 892 2331 890 2332 891 2333 892 2334 893 2335 890 2336 893 2337 892 2338 887 2337 888 2339 889 2339 895 2339 894 2340 888 2341 895 2342 897 2343 898 2343 895 2343 889 2344 899 2344 895 2344 899 2345 889 2345 891 2345 899 2346 891 2347 890 2348 890 2349 900 2349 899 2349 900 2350 890 2350 893 2350 897 2351 895 2351 899 2351 899 2352 901 2352 897 2352 902 2353 901 2353 900 2353 899 2354 900 2354 901 2354 901 2355 898 2355 897 2355 903 2356 901 2356 902 2356 904 2357 907 2357 908 2357 904 2358 908 2358 898 2358 901 2359 903 2359 904 2359 898 2360 901 2360 904 2360 893 2361 886 2361 911 2361 893 2362 911 2362 900 2362 911 2363 886 2363 885 2363 906 2364 903 2364 902 2364 900 2365 911 2365 906 2365 902 2366 900 2366 906 2366 884 2367 911 2367 885 2367 904 2368 906 2368 905 2368 906 2369 904 2370 903 2371 905 2372 906 2372 912 2372 911 2373 912 2373 906 2373 908 2374 907 2375 909 2376 905 2377 909 2377 907 2377 907 2378 904 2378 905 2378 905 2379 912 2379 910 2379 909 2380 910 2380 913 2380 910 2381 909 2381 905 2381 895 2382 914 2382 915 2382 915 2383 894 2383 895 2383 914 2384 895 2384 909 2384 898 2385 908 2385 909 2385 909 2386 895 2386 898 2386 909 2387 913 2387 914 2387 915 2388 896 2388 894 2388 915 2389 914 2389 917 2389 916 2390 917 2390 914 2390 870 2391 868 2391 887 2391 869 2392 870 2392 887 2392 887 2393 892 2393 869 2393 622 2394 892 2394 891 2394 892 2395 622 2395 869 2395 624 2396 891 2397 889 2398 617 2399 624 2399 889 2399 889 2400 888 2400 617 2400 618 2401 617 2401 888 2401 618 2402 919 2403 918 2404 919 2405 618 2405 896 2405 894 2406 896 2406 618 2406 888 2407 894 2407 618 2407 624 2408 622 2408 891 2408 886 2409 887 2409 868 2409 917 2410 919 2410 896 2410 896 2411 915 2411 917 2411 918 2412 919 2413 920 2414 918 2415 920 2415 921 2415 920 2416 929 2416 922 2416 921 2417 920 2418 922 2419 918 2420 921 2420 923 2420 923 2421 925 2421 918 2421 921 2422 922 2422 924 2422 924 2423 923 2423 921 2423 924 2424 926 2424 923 2424 929 2425 928 2425 922 2425 928 2426 924 2427 922 2427 928 2428 929 2428 931 2428 932 2429 931 2429 929 2429 926 2430 935 2430 927 2430 935 2431 926 2432 924 2433 924 2434 928 2435 935 2436 931 2437 935 2437 928 2437 930 2438 931 2438 932 2438 935 2439 931 2439 930 2439 920 2440 919 2440 917 2440 929 2441 920 2441 934 2441 934 2442 920 2442 916 2442 917 2443 916 2443 920 2443 916 2444 939 2444 934 2444 934 2445 932 2445 929 2445 934 2446 933 2446 930 2446 930 2447 932 2448 934 2449 933 2450 934 2450 940 2450 939 2451 940 2451 934 2451 935 2452 930 2452 933 2452 933 2453 936 2453 935 2453 927 2454 935 2454 936 2454 936 2455 943 2455 944 2455 926 2456 927 2456 936 2456 923 2457 944 2457 937 2457 936 2458 923 2458 926 2458 937 2459 925 2459 923 2459 944 2460 923 2460 936 2460 933 2461 940 2461 938 2461 939 2462 941 2463 940 2464 938 2465 940 2466 941 2467 941 2468 942 2468 938 2468 936 2469 938 2469 943 2469 938 2470 936 2470 933 2470 937 2471 944 2471 946 2471 946 2472 947 2472 937 2472 937 2473 947 2473 945 2473 945 2474 925 2474 937 2474 918 2475 925 2475 945 2475 945 2476 618 2476 918 2476 947 2477 953 2478 945 2479 951 2480 950 2480 948 2480 948 2481 949 2481 951 2481 950 2482 947 2483 946 2484 963 2485 953 2485 950 2485 950 2486 953 2486 947 2486 946 2487 948 2487 950 2487 950 2488 957 2488 963 2488 954 2489 945 2489 953 2489 955 2490 945 2491 954 2492 957 2493 950 2493 951 2493 956 2494 957 2494 951 2494 949 2495 960 2495 951 2495 960 2496 949 2496 952 2496 951 2497 960 2497 961 2497 961 2498 956 2498 951 2498 958 2499 961 2499 960 2499 960 2500 959 2500 958 2500 960 2501 952 2501 962 2501 962 2502 959 2502 960 2502 965 2503 963 2503 957 2503 966 2504 964 2504 958 2504 961 2505 958 2505 964 2505 956 2506 964 2506 965 2506 956 2507 961 2507 964 2507 965 2508 957 2508 956 2508 953 2509 963 2510 965 2510 965 2511 954 2511 953 2511 954 2512 965 2513 964 2514 964 2515 967 2515 954 2515 955 2516 967 2517 970 2518 955 2519 954 2520 967 2521 967 2522 964 2522 966 2522 969 2523 967 2523 966 2523 959 2524 968 2524 971 2524 959 2525 962 2525 968 2525 966 2526 958 2526 959 2526 959 2527 969 2527 966 2527 971 2528 969 2528 959 2528 971 2529 970 2529 969 2529 970 2530 967 2530 969 2530 972 2531 971 2532 968 2533 972 2534 968 2534 973 2534 971 2535 972 2535 974 2535 973 2536 974 2536 972 2536 975 2537 970 2537 971 2537 971 2538 974 2538 975 2538 975 2539 974 2539 976 2539 976 2540 977 2541 975 2542 975 2543 977 2544 1009 2545 980 2546 977 2547 976 2548 980 2549 981 2549 977 2549 1009 2550 978 2550 979 2550 1009 2551 977 2551 978 2551 981 2552 978 2552 977 2552 984 2553 999 2553 998 2553 978 2554 983 2554 984 2554 998 2555 978 2555 984 2555 978 2556 981 2556 983 2556 981 2557 980 2558 983 2559 986 2560 987 2560 984 2560 983 2561 985 2561 986 2561 984 2562 983 2562 986 2562 988 2563 985 2564 983 2565 980 2566 982 2566 988 2566 988 2567 983 2567 980 2567 974 2568 973 2568 990 2568 990 2569 976 2569 974 2569 980 2570 976 2570 990 2570 973 2571 995 2571 990 2571 990 2572 982 2572 980 2572 989 2573 985 2573 988 2573 982 2574 990 2574 989 2574 989 2575 988 2575 982 2575 989 2576 993 2576 985 2576 989 2577 990 2578 995 2579 995 2580 991 2581 989 2582 987 2583 986 2583 992 2583 993 2584 986 2584 985 2584 993 2585 992 2585 986 2585 991 2586 993 2586 989 2586 993 2587 991 2587 994 2587 993 2588 994 2588 996 2588 996 2589 992 2589 993 2589 997 2590 999 2590 992 2590 992 2591 996 2591 997 2591 984 2592 987 2592 992 2592 992 2593 999 2593 984 2593 978 2594 998 2595 979 2596 999 2597 997 2597 1001 2597 1001 2598 1000 2598 999 2598 1000 2599 998 2599 999 2599 1000 2600 979 2600 998 2600 1000 2601 1003 2601 979 2601 1003 2602 1002 2602 1004 2602 1006 2603 1007 2603 1008 2603 618 2604 945 2604 955 2604 616 2605 955 2605 1005 2605 1005 2606 1006 2606 1013 2606 955 2607 1007 2607 1006 2607 955 2608 970 2608 1007 2608 970 2609 975 2609 1009 2609 1007 2610 1009 2610 1010 2610 1011 2611 1015 2611 1014 2611 1004 2612 1012 2612 979 2612 1011 2613 1012 2613 1015 2613 979 2614 1012 2614 1011 2614 1017 2615 602 2616 1012 2617 1008 2618 1007 2618 1010 2618 1011 2619 1009 2619 979 2619 1004 2620 979 2620 1003 2620 600 2621 1012 2621 602 2621 1016 2622 1012 2622 600 2622 1015 2623 1012 2623 1016 2623 1012 2624 1004 2624 1017 2624 1010 2625 1009 2625 1011 2625 1009 2626 1007 2626 970 2626 1006 2627 1005 2628 955 2629 955 2630 616 2630 618 2630 1014 2631 1010 2631 1011 2631 1004 2632 1019 2633 1017 2632 1004 2634 1002 2634 1019 2634 1002 2635 1020 2635 1019 2635 1002 2636 1003 2636 1018 2636 1003 2637 1000 2637 1018 2637 1020 2638 1002 2639 1018 2640 1018 2641 1023 2641 1020 2641 1021 2642 1039 2642 1022 2642 1022 2643 1017 2644 1019 2645 1021 2646 1022 2647 1019 2648 1019 2649 1020 2650 1021 2651 1020 2652 1023 2652 1024 2652 1020 2653 1024 2653 1025 2653 1025 2654 1021 2655 1020 2656 1025 2657 1024 2657 1026 2657 1028 2658 1026 2658 1024 2658 1024 2659 1023 2659 1028 2659 1023 2660 1030 2660 1028 2660 1023 2661 1027 2662 1030 2663 1027 2664 1023 2664 1018 2664 1028 2665 1030 2665 1029 2665 1030 2666 1031 2667 1029 2668 1030 2669 1032 2670 1031 2671 1030 2672 1033 2673 1032 2674 1035 2675 1031 2676 1033 2677 1033 2678 1030 2679 1035 2680 1035 2681 1029 2682 1031 2683 1031 2684 1032 2685 1033 2686 1032 2687 1034 2688 1031 2689 1030 2690 1027 2691 1035 2692 1000 2693 1001 2693 1037 2693 1018 2694 1000 2694 1037 2694 1001 2695 1041 2695 1037 2695 1037 2696 1027 2696 1018 2696 1036 2697 1029 2697 1035 2697 1037 2698 1035 2698 1027 2698 1035 2699 1037 2699 1036 2699 1036 2700 1028 2700 1029 2700 1036 2701 1037 2701 1042 2701 1041 2702 1042 2702 1037 2702 1026 2703 1028 2703 1038 2703 1028 2704 1036 2704 1038 2704 1044 2705 1039 2705 1038 2705 1038 2706 1043 2706 1044 2706 1025 2707 1026 2707 1038 2707 1038 2708 1021 2708 1025 2708 1039 2709 1021 2709 1038 2709 1036 2710 1042 2710 1040 2710 1038 2711 1040 2711 1043 2711 1040 2712 1038 2713 1036 2714 1039 2715 1044 2715 1403 2715 1402 2716 1403 2716 1044 2716 1049 2717 1048 2717 1047 2717 1068 2718 1048 2718 1049 2718 1053 2719 1050 2720 1051 2721 1050 2722 1053 2723 1052 2724 1054 2725 1059 2725 1052 2725 1052 2726 1053 2726 1054 2726 1057 2727 1052 2727 1058 2727 1052 2728 1057 2728 1050 2728 1058 2729 1052 2729 1059 2729 1058 2730 1056 2731 1057 2732 1055 2733 1057 2734 1056 2735 1060 2736 1056 2736 1058 2736 1058 2737 1059 2737 1060 2737 1059 2738 1062 2738 1066 2738 1059 2739 1054 2739 1061 2739 1061 2740 1062 2740 1059 2740 1066 2741 1060 2741 1059 2741 1063 2742 1051 2742 1048 2742 1047 2743 1048 2743 1051 2743 1045 2744 1051 2744 1046 2744 1053 2745 1063 2745 1061 2745 1045 2746 1047 2746 1051 2746 1061 2747 1054 2747 1053 2747 1053 2748 1051 2748 1063 2748 1062 2749 1061 2749 1064 2749 1061 2750 1063 2751 1064 2752 1064 2753 1067 2753 1062 2753 1066 2754 1062 2754 1065 2754 1048 2755 1069 2755 1063 2755 1069 2756 1064 2756 1063 2756 1064 2757 1069 2757 1070 2757 1067 2758 1064 2758 1070 2758 1067 2759 1070 2760 1071 2761 1066 2762 1065 2762 1067 2763 1067 2764 1065 2764 1062 2764 1068 2765 1070 2766 1069 2765 1069 2767 1048 2767 1068 2767 1067 2768 1071 2769 1072 2769 1067 2770 1072 2770 1073 2770 1073 2771 1074 2771 1067 2771 1066 2772 1067 2772 1056 2772 1074 2773 1055 2773 1056 2773 1056 2774 1067 2774 1074 2774 1056 2775 1060 2775 1066 2775 1076 2776 1077 2776 1074 2776 1074 2777 1073 2777 1076 2777 801 2778 1068 2778 1049 2778 1049 2779 800 2779 801 2779 1068 2780 801 2780 635 2780 635 2781 1070 2781 1068 2781 1070 2782 635 2782 637 2782 637 2783 1071 2783 1070 2783 1078 2784 1075 2785 1072 2786 1072 2787 652 2788 1078 2789 1072 2790 1071 2790 650 2790 1072 2791 650 2791 652 2791 1071 2792 637 2792 650 2792 801 2793 636 2793 635 2793 800 2794 1049 2794 1047 2794 1047 2795 799 2795 800 2795 1076 2796 1073 2796 1072 2796 1072 2797 1075 2797 1076 2797 1083 2798 1080 2799 1081 2798 1080 2800 1083 2800 1082 2800 1083 2801 1081 2801 1077 2801 1087 2802 1086 2802 1083 2802 1085 2803 1077 2803 1076 2803 1083 2804 1085 2804 1087 2804 1076 2805 1075 2805 1085 2805 1077 2806 1085 2806 1083 2806 1084 2807 1078 2807 1079 2807 1078 2808 1084 2808 1085 2808 1075 2809 1078 2810 1085 2811 1084 2812 1094 2812 1087 2812 1087 2813 1085 2814 1084 2815 1082 2816 1086 2816 1088 2816 1086 2817 1082 2817 1083 2817 1089 2818 1086 2818 1095 2818 1087 2819 1095 2819 1086 2819 1089 2820 1088 2820 1086 2820 1088 2821 1089 2822 1090 2823 1082 2824 1088 2824 1090 2824 1090 2825 1091 2825 1082 2825 1082 2826 1100 2826 1080 2826 1082 2827 1091 2827 1100 2827 1092 2828 1090 2828 1099 2828 1090 2829 1092 2829 1091 2829 1091 2830 1092 2831 1093 2832 1093 2833 1100 2833 1091 2833 1087 2834 1094 2834 1095 2834 1098 2835 1094 2835 1084 2835 1084 2836 1096 2836 1098 2836 1096 2837 1079 2837 1102 2837 1096 2838 1084 2838 1079 2838 1096 2839 1097 2839 1098 2839 1095 2840 1094 2840 1098 2840 1095 2841 1090 2842 1089 2843 1090 2844 1095 2844 1098 2844 1098 2845 1097 2845 1099 2845 1099 2846 1090 2846 1098 2846 1093 2847 1101 2847 1103 2847 1096 2848 1102 2848 1101 2848 1097 2849 1096 2849 1092 2849 1092 2850 1096 2850 1101 2850 1101 2851 1093 2851 1092 2851 1092 2852 1099 2852 1097 2852 1105 2853 1104 2853 1101 2853 1103 2854 1101 2854 1104 2854 1101 2855 1102 2855 1110 2855 1110 2856 1105 2856 1101 2856 1102 2857 1079 2857 652 2857 1102 2858 1112 2859 1110 2860 1079 2861 1078 2861 652 2861 652 2862 1112 2862 1102 2862 1104 2863 1105 2863 1111 2864 1110 2865 1111 2865 1105 2865 1108 2866 1106 2866 1107 2866 1107 2867 1109 2867 1108 2867 1109 2868 1107 2868 1104 2868 1118 2869 1115 2869 1109 2869 1109 2870 1111 2870 1118 2870 1104 2871 1111 2871 1109 2871 1111 2872 1112 2873 1113 2874 1111 2875 1110 2876 1112 2877 1109 2878 1115 2878 1116 2878 1116 2879 1108 2879 1109 2879 1108 2880 1127 2880 1106 2880 1108 2881 1114 2881 1127 2881 1108 2882 1116 2882 1121 2882 1121 2883 1114 2883 1108 2883 1117 2884 1118 2884 1113 2884 1111 2885 1113 2886 1118 2887 1114 2888 1121 2888 1122 2888 1122 2889 1119 2889 1114 2889 1119 2890 1122 2890 1123 2890 1114 2891 1119 2891 1120 2891 1120 2892 1127 2893 1114 2894 1118 2895 1116 2895 1115 2895 1118 2896 1121 2896 1116 2896 1124 2897 1122 2898 1121 2899 1121 2900 1118 2900 1124 2900 1123 2901 1122 2901 1124 2901 1118 2902 1117 2903 1124 2904 1113 2905 1125 2905 1124 2905 1124 2906 1117 2906 1113 2906 1113 2907 1112 2908 1126 2909 1126 2910 1125 2910 1113 2910 1125 2911 1130 2911 1124 2911 1119 2912 1130 2912 1128 2912 1124 2913 1130 2913 1119 2913 1128 2914 1120 2914 1119 2914 1119 2915 1123 2915 1124 2915 1130 2916 1125 2916 1129 2916 1126 2917 1129 2918 1125 2919 1131 2920 1132 2920 1130 2920 1128 2921 1130 2921 1132 2921 1130 2922 1135 2922 1131 2922 1130 2923 1129 2923 1135 2923 1129 2924 1126 2924 1135 2924 1135 2925 1133 2925 1131 2925 1135 2926 1134 2926 1133 2926 1133 2927 1134 2927 1139 2927 1134 2928 1142 2928 1139 2928 1134 2929 1156 2930 1136 2931 1134 2932 1135 2932 1156 2932 1134 2933 1136 2933 1142 2933 1136 2934 1140 2934 1142 2934 1141 2935 1136 2936 1137 2937 1141 2938 1140 2938 1136 2938 1137 2939 1157 2939 1141 2939 1140 2940 1138 2941 1142 2942 1139 2943 1142 2944 1138 2945 1140 2946 1141 2946 1144 2946 1143 2947 1145 2947 1139 2947 1139 2948 1145 2948 1146 2948 1138 2949 1140 2949 1143 2949 1143 2950 1139 2951 1138 2952 1140 2953 1144 2953 1143 2953 1147 2954 1132 2954 1131 2954 1147 2955 1150 2955 1132 2955 1139 2956 1146 2956 1147 2956 1147 2957 1133 2957 1139 2957 1131 2958 1133 2958 1147 2958 1147 2959 1146 2959 1145 2959 1148 2960 1147 2960 1145 2960 1148 2961 1149 2961 1150 2961 1150 2962 1147 2963 1148 2964 1145 2965 1151 2965 1148 2965 1145 2966 1143 2966 1151 2966 1144 2967 1152 2967 1151 2967 1151 2968 1143 2968 1144 2968 1148 2969 1154 2969 1149 2969 1148 2970 1151 2970 1154 2970 1151 2971 1152 2971 1153 2971 1153 2972 1154 2972 1151 2972 1157 2973 1155 2973 1152 2973 1141 2974 1157 2974 1152 2974 1155 2975 1153 2975 1152 2975 1152 2976 1144 2976 1141 2976 1156 2977 1157 2977 1137 2977 1136 2978 1156 2978 1137 2978 1158 2979 1159 2979 1155 2979 1155 2980 1157 2980 1158 2980 1156 2981 1160 2981 1158 2981 1156 2982 1162 2982 1160 2982 1157 2983 1156 2983 1158 2983 1162 2984 1161 2984 1160 2984 1169 2985 1164 2985 680 2985 1135 2986 1126 2987 1165 2986 679 2988 1164 2988 1163 2988 1169 2989 1162 2990 1164 2991 1162 2992 1156 2992 1165 2992 1170 2993 1165 2993 1166 2993 1165 2994 1171 2994 1166 2994 1167 2995 1171 2996 1165 2997 1168 2998 1172 2998 1171 2998 1167 2999 1168 3000 1171 2999 1112 3001 1168 3001 1167 3001 652 3002 651 3003 1168 3004 651 3005 634 3005 1173 3005 1165 3006 1156 3006 1135 3006 1168 3007 1173 3007 1172 3007 1173 3008 1168 3008 651 3009 1167 3010 1126 3010 1112 3010 1165 3011 1164 3011 1162 3011 1170 3012 1163 3012 1164 3012 1164 3013 679 3013 680 3013 1163 3014 661 3014 679 3014 1168 3015 1112 3015 652 3015 1167 3016 1165 3016 1126 3016 1165 3017 1170 3017 1164 3017 1169 3018 1176 3018 1162 3018 1176 3019 1161 3019 1162 3019 1161 3020 1176 3021 1175 3022 1179 3023 1160 3024 1161 3025 1175 3026 1174 3026 1179 3026 1179 3027 1161 3027 1175 3027 1176 3028 1169 3028 1177 3028 1175 3029 1176 3029 1177 3029 1177 3030 1178 3030 1180 3030 1180 3031 1174 3031 1175 3031 1180 3032 1175 3033 1177 3034 1180 3035 1178 3035 1196 3035 1179 3036 1174 3036 1181 3036 1182 3037 1181 3038 1174 3039 1195 3040 1182 3040 1174 3040 1180 3041 1196 3041 1195 3041 1195 3042 1174 3042 1180 3042 1195 3043 1185 3044 1183 3045 1195 3046 1183 3046 1182 3046 1181 3047 1182 3047 1184 3047 1185 3048 1186 3048 1187 3049 1187 3050 1183 3051 1185 3052 1184 3053 1182 3054 1186 3055 1186 3056 1185 3056 1184 3056 1186 3057 1182 3058 1183 3059 1183 3060 1187 3061 1186 3062 1187 3063 1188 3064 1186 3065 1188 3066 1189 3067 1186 3068 1190 3069 1159 3069 1158 3069 1190 3070 1193 3070 1159 3070 1179 3071 1181 3071 1190 3071 1190 3072 1160 3072 1179 3072 1158 3073 1160 3073 1190 3073 1181 3074 1184 3074 1190 3074 1191 3075 1190 3075 1184 3075 1184 3076 1185 3076 1191 3076 1191 3077 1192 3077 1193 3077 1193 3078 1190 3078 1191 3078 1194 3079 1191 3079 1185 3079 1185 3080 1195 3080 1194 3080 1196 3081 1197 3081 1194 3081 1195 3082 1196 3082 1194 3082 1191 3083 1199 3083 1192 3083 1191 3084 1194 3084 1199 3084 1194 3085 1197 3085 1198 3085 1198 3086 1199 3087 1194 3086 1200 3088 1201 3088 1197 3088 1178 3089 1177 3089 1197 3089 1197 3090 1177 3090 1200 3090 1201 3091 1198 3091 1197 3091 1197 3092 1196 3092 1178 3092 1200 3093 1177 3093 1169 3093 1202 3094 1203 3094 1200 3094 1201 3095 1200 3096 1203 3097 1202 3098 1200 3098 1169 3098 1169 3099 1204 3099 1202 3099 1207 3100 1204 3100 1169 3100 1169 3101 680 3101 1207 3101 1207 3102 1206 3102 1205 3102 1205 3103 1204 3103 1207 3103 1205 3104 1212 3104 1213 3104 1207 3105 1208 3106 1206 3107 1208 3108 1209 3109 1206 3110 1206 3111 1211 3111 1212 3111 1212 3112 1205 3112 1206 3112 1209 3113 1210 3113 1211 3113 1206 3114 1209 3114 1211 3114 1215 3115 1213 3115 1212 3115 1212 3116 1211 3116 1215 3116 1215 3117 1211 3117 1210 3117 1215 3118 1210 3118 1217 3118 1218 3119 1217 3119 1210 3119 1213 3120 1216 3120 1214 3120 1213 3121 1215 3121 1216 3121 1217 3122 1216 3122 1215 3122 1216 3123 1217 3123 1218 3123 1219 3124 1214 3124 1216 3124 1220 3125 1224 3125 1203 3125 1213 3126 1214 3126 1220 3126 1205 3127 1203 3127 1202 3127 1220 3128 1205 3128 1213 3128 1202 3129 1204 3129 1205 3129 1203 3130 1205 3130 1220 3130 1221 3131 1220 3131 1214 3131 1214 3132 1219 3132 1221 3132 1222 3133 1221 3133 1219 3133 1219 3134 1216 3134 1222 3134 1220 3135 1223 3135 1224 3135 1223 3136 1220 3136 1221 3136 1225 3137 1222 3137 1216 3137 1216 3138 1218 3138 1225 3138 1221 3139 1228 3139 1223 3139 1221 3140 1222 3140 1228 3140 1226 3141 1224 3142 1223 3143 1222 3144 1225 3144 1227 3144 1227 3145 1228 3145 1222 3145 1223 3146 1228 3146 1229 3146 1229 3147 1226 3148 1223 3149 1227 3150 1229 3151 1228 3152 1209 3153 1208 3153 1230 3153 1210 3154 1209 3154 1225 3154 1225 3155 1209 3155 1230 3155 1230 3156 1227 3156 1225 3156 1225 3157 1218 3157 1210 3157 1208 3158 1231 3158 1230 3158 1231 3159 1208 3159 1232 3159 1232 3160 1233 3160 1231 3160 1233 3161 1234 3161 1231 3161 1230 3162 1231 3162 1234 3162 1232 3163 1235 3163 1233 3164 1235 3165 1236 3165 1237 3165 1236 3166 1238 3166 1237 3166 1241 3167 1240 3167 1239 3167 1240 3168 1241 3168 1242 3168 1243 3169 1275 3169 1242 3169 1242 3170 1241 3170 1243 3170 1241 3171 683 3171 1243 3171 683 3172 1241 3172 1239 3172 682 3173 1239 3173 1238 3173 682 3174 1238 3175 1236 3176 681 3177 1236 3177 1235 3177 681 3178 682 3178 1236 3178 680 3179 681 3179 1232 3179 680 3180 1208 3181 1207 3182 680 3183 1232 3184 1208 3185 1235 3186 1232 3186 681 3186 682 3187 683 3187 1239 3187 1267 3188 1242 3189 1275 3190 1237 3191 1248 3191 1244 3191 1237 3192 1244 3193 1245 3194 1238 3195 1246 3195 1237 3195 1246 3196 1238 3197 1239 3198 1246 3199 1239 3199 1240 3199 1240 3200 1247 3200 1246 3200 1248 3201 1237 3201 1246 3201 1246 3202 1247 3202 1249 3202 1246 3203 1249 3204 1248 3205 1251 3206 1252 3206 1253 3206 1249 3207 1245 3207 1244 3207 1244 3208 1248 3208 1249 3208 1252 3209 1250 3209 1253 3209 1249 3210 1250 3210 1252 3210 1252 3211 1245 3211 1249 3211 1254 3212 1255 3212 1253 3212 1254 3213 1253 3213 1250 3213 1252 3214 1251 3214 1255 3214 1251 3215 1253 3215 1255 3215 1257 3216 1255 3216 1254 3216 1254 3217 1264 3217 1257 3217 1255 3218 1257 3218 1259 3218 1256 3219 1264 3219 1254 3219 1259 3220 1257 3221 1258 3222 1237 3223 1234 3223 1233 3223 1233 3224 1235 3224 1237 3224 1234 3225 1237 3225 1260 3225 1260 3226 1237 3226 1255 3226 1255 3227 1259 3227 1260 3227 1245 3228 1252 3228 1255 3228 1255 3229 1237 3229 1245 3229 1260 3230 1263 3230 1234 3230 1259 3231 1258 3232 1260 3233 1258 3234 1257 3234 1261 3234 1261 3235 1260 3235 1258 3235 1262 3236 1260 3236 1261 3236 1260 3237 1262 3238 1263 3239 1261 3240 1257 3240 1264 3240 1264 3241 1265 3241 1261 3241 1265 3242 1264 3242 1256 3242 1261 3243 1270 3243 1262 3243 1242 3244 1267 3244 1240 3245 1240 3246 1267 3246 1247 3246 1267 3247 1269 3247 1247 3247 1265 3248 1256 3248 1254 3248 1269 3249 1267 3249 1268 3249 1249 3250 1247 3250 1254 3250 1247 3251 1269 3251 1265 3251 1254 3252 1247 3252 1265 3252 1254 3253 1250 3253 1249 3253 1269 3254 1268 3254 1271 3254 1261 3255 1265 3255 1269 3255 1269 3256 1270 3257 1261 3257 1270 3258 1266 3258 1262 3258 1268 3259 1267 3259 1275 3259 1275 3260 1273 3260 1268 3260 1273 3261 1272 3261 1268 3261 1271 3262 1268 3262 1272 3262 828 3263 1046 3263 1051 3263 1271 3264 1272 3264 1274 3264 1230 3265 1234 3265 1263 3265 1201 3266 1203 3266 1224 3266 1274 3267 1269 3267 1271 3267 1263 3268 1227 3268 1230 3268 1224 3269 1198 3269 1201 3269 1155 3270 1159 3270 1193 3270 1128 3271 1132 3271 1150 3271 1074 3272 1077 3272 1081 3272 1051 3273 829 3273 828 3273 1193 3274 1153 3274 1155 3274 1150 3275 1120 3275 1128 3275 1103 3276 1104 3276 1107 3276 1081 3277 1055 3277 1074 3277 1107 3278 1093 3278 1103 3278 1270 3279 1274 3279 1276 3279 1229 3280 1262 3280 1266 3280 1270 3281 1269 3281 1274 3281 1263 3282 1229 3283 1227 3284 1224 3285 1199 3285 1198 3285 819 3286 829 3286 1051 3286 1193 3287 1154 3287 1153 3287 1154 3288 1193 3288 1192 3288 1150 3289 1127 3290 1120 3291 1127 3292 1150 3293 1149 3294 1199 3295 1224 3295 1226 3295 1107 3296 1100 3296 1093 3296 1100 3297 1107 3298 1106 3299 1057 3300 1055 3300 1081 3300 819 3301 1051 3302 1050 3303 1229 3304 1263 3305 1262 3306 1226 3307 838 3308 1199 3309 838 3310 1226 3310 1229 3310 838 3311 1192 3312 1199 3313 1057 3314 1081 3315 1080 3316 1229 3317 1266 3318 838 3319 1306 3320 1270 3320 1276 3320 1266 3321 1270 3321 1306 3321 838 3322 1149 3322 1154 3322 838 3323 1106 3323 1127 3323 1306 3324 1276 3324 1295 3324 1154 3325 1192 3326 838 3327 1127 3328 1149 3329 838 3330 838 3331 1080 3331 1100 3331 1266 3332 1306 3332 838 3332 1100 3333 1106 3333 838 3333 1057 3334 1080 3334 838 3334 1050 3335 1057 3335 838 3335 830 3336 819 3336 838 3336 819 3337 1050 3337 838 3337 1277 3338 1276 3338 1274 3338 1274 3339 1278 3339 1277 3339 1278 3340 1272 3340 1273 3340 1243 3341 1285 3341 1278 3341 1278 3342 1275 3343 1243 3343 1278 3344 1274 3344 1272 3344 1273 3345 1275 3345 1278 3345 1243 3346 1280 3346 1285 3346 1282 3347 1281 3347 1277 3347 1285 3348 1282 3348 1278 3348 1277 3349 1278 3350 1282 3350 1284 3351 1280 3352 1279 3351 1279 3353 1283 3353 1284 3353 1280 3354 1284 3355 1285 3356 1279 3357 1293 3357 1294 3358 1281 3359 1282 3360 1284 3361 1283 3362 1281 3362 1284 3362 1282 3363 1285 3363 1284 3363 1288 3364 1277 3364 1281 3364 1281 3365 1290 3365 1288 3365 1295 3366 1277 3366 1288 3366 1277 3367 1295 3367 1276 3367 1283 3368 1292 3369 1291 3370 1291 3371 1281 3371 1283 3371 1281 3372 1291 3372 1290 3372 1290 3373 1287 3374 1288 3375 1287 3376 1290 3376 1286 3376 1288 3377 1287 3377 1295 3377 1296 3378 1295 3378 1287 3378 1283 3379 1279 3379 1294 3379 1294 3380 1292 3380 1283 3380 1289 3381 1286 3381 1290 3381 1291 3382 1292 3383 1289 3384 1290 3385 1291 3385 1289 3385 1289 3386 1294 3386 1314 3386 1314 3387 1286 3388 1289 3389 1294 3390 1289 3390 1292 3390 1294 3391 1293 3391 1314 3391 1297 3392 1295 3392 1296 3392 1301 3393 1297 3393 1296 3393 1298 3394 1301 3395 1296 3396 1300 3397 1298 3397 1299 3397 1299 3398 1296 3398 1287 3398 1314 3399 1299 3399 1287 3399 1298 3400 1296 3400 1299 3400 1287 3401 1286 3401 1314 3401 1302 3402 1300 3402 1299 3402 1299 3403 1303 3403 1302 3403 1298 3404 1302 3404 1301 3404 1300 3405 1302 3405 1298 3405 1311 3406 1308 3406 1304 3406 1304 3407 1305 3408 1311 3408 1301 3409 1311 3409 1305 3409 1307 3410 1295 3411 1297 3412 1295 3413 1307 3413 1306 3413 1305 3414 1307 3414 1301 3414 1297 3415 1301 3415 1307 3415 1309 3416 1308 3416 1311 3416 1302 3417 1310 3417 1309 3417 1301 3418 1309 3419 1311 3420 1310 3421 1308 3421 1309 3421 1310 3422 1303 3422 1312 3422 1301 3423 1302 3424 1309 3423 1312 3425 1308 3425 1310 3425 1303 3426 1310 3427 1302 3428 1314 3429 1293 3429 1313 3429 1314 3430 1313 3430 1299 3430 1313 3431 1303 3432 1299 3433 1303 3434 1320 3434 1319 3434 1319 3435 1312 3435 1303 3435 1316 3436 1308 3436 1312 3436 1313 3437 1293 3438 1335 3439 1303 3440 1313 3440 1335 3440 1335 3441 1320 3441 1303 3441 1312 3442 1319 3442 1316 3443 1323 3444 1324 3444 1318 3444 1318 3445 1317 3445 1315 3445 1319 3446 1320 3446 1323 3446 1319 3447 1323 3447 1318 3447 1317 3448 1318 3448 1324 3448 1315 3449 1317 3449 1325 3449 1325 3450 1317 3450 1324 3450 1315 3451 1316 3452 1318 3453 1316 3454 1319 3454 1318 3454 1335 3455 1334 3455 1320 3455 1323 3456 1321 3456 1324 3456 1322 3457 1325 3458 1324 3459 1322 3460 1324 3460 1321 3460 1321 3461 1323 3461 1320 3461 1329 3462 1331 3463 1327 3464 1315 3465 1327 3465 1328 3465 1328 3466 1316 3467 1315 3468 1327 3469 1325 3469 1329 3469 1315 3470 1325 3470 1327 3470 1326 3471 1327 3471 1331 3471 1322 3472 1330 3473 1329 3474 1329 3475 1325 3475 1322 3475 1329 3476 1330 3477 1331 3478 1322 3479 1321 3479 1333 3479 1321 3480 1320 3480 1333 3480 1333 3481 1330 3481 1322 3481 1334 3482 1341 3482 1333 3482 1333 3483 1320 3483 1334 3483 1332 3484 1331 3484 1330 3484 1330 3485 1333 3485 1332 3485 1336 3486 1334 3486 1335 3486 685 3487 1337 3487 1336 3487 1293 3488 1279 3488 691 3488 607 3489 1355 3489 1338 3489 1337 3490 685 3490 607 3490 691 3491 1279 3492 1280 3493 1338 3494 1337 3494 607 3494 1280 3495 683 3495 691 3495 691 3496 687 3496 1293 3496 1336 3497 1293 3497 687 3497 687 3498 685 3498 1336 3498 1336 3499 1335 3500 1293 3501 1280 3502 1243 3502 683 3502 1342 3503 1341 3503 1334 3503 1334 3504 1336 3504 1342 3504 1343 3505 1342 3506 1336 3507 1341 3508 1339 3509 1332 3510 1332 3511 1333 3511 1341 3511 1347 3512 1343 3512 1336 3512 1336 3513 1337 3513 1347 3513 1340 3514 1339 3514 1342 3514 1342 3515 1343 3515 1340 3515 1341 3516 1342 3517 1339 3518 1348 3519 1339 3519 1340 3519 1347 3520 1340 3521 1343 3522 1340 3523 1347 3524 1348 3525 1350 3526 1332 3526 1339 3526 1339 3527 1348 3527 1350 3527 1346 3528 1345 3528 1348 3528 1347 3529 1346 3530 1348 3531 1345 3532 1346 3533 1344 3534 1332 3535 1351 3535 1331 3535 1332 3536 1350 3536 1351 3536 1345 3537 1349 3537 1350 3537 1350 3538 1348 3538 1345 3538 1349 3539 1345 3540 1344 3540 1346 3541 1347 3542 1337 3543 1344 3544 1346 3544 1338 3544 1337 3545 1338 3545 1346 3545 1352 3546 1351 3546 1350 3546 1350 3547 1349 3548 1352 3549 1349 3550 1344 3550 1355 3550 1355 3551 1354 3551 1349 3551 1353 3552 1356 3552 1349 3552 1354 3553 1353 3553 1349 3553 1344 3554 1338 3554 1355 3554 1356 3555 1352 3555 1349 3555 1360 3556 1358 3556 1353 3556 1358 3557 1357 3557 1356 3557 1356 3558 1353 3558 1358 3558 1359 3559 1365 3560 1361 3561 1361 3562 1360 3562 1359 3562 1366 3563 1362 3563 1367 3563 603 3564 602 3564 1368 3564 602 3565 1400 3566 1397 3567 1397 3568 1368 3568 602 3568 603 3569 1368 3569 1367 3569 603 3570 1367 3570 1362 3570 1362 3571 606 3571 603 3571 606 3572 1362 3572 1363 3572 606 3573 1363 3574 1364 3575 1364 3576 607 3576 606 3576 1354 3577 1365 3577 1359 3577 1354 3578 1359 3578 1360 3578 1360 3579 1353 3579 1354 3579 1355 3580 1364 3581 1365 3582 1364 3583 1355 3583 607 3583 1365 3584 1354 3584 1355 3584 1369 3585 1367 3586 1368 3586 1370 3587 1371 3588 1366 3589 1372 3590 1361 3590 1365 3590 1365 3591 1364 3592 1372 3593 1373 3594 1372 3594 1364 3594 1364 3595 1363 3595 1373 3595 1373 3596 1363 3596 1362 3596 1362 3597 1366 3597 1373 3597 1371 3598 1374 3598 1373 3598 1373 3599 1366 3599 1371 3599 1374 3600 1375 3601 1373 3602 1375 3603 1372 3603 1373 3603 1376 3604 1379 3604 1370 3604 1380 3605 1377 3605 1378 3605 1380 3606 1378 3606 1375 3606 1374 3607 1370 3607 1379 3607 1370 3608 1374 3608 1371 3608 1375 3609 1374 3609 1380 3609 1379 3610 1380 3610 1374 3610 1379 3611 1376 3611 1381 3611 1383 3612 1380 3612 1379 3612 1379 3613 1381 3613 1383 3613 1377 3614 1380 3614 1383 3614 1383 3615 1382 3616 1377 3617 1382 3618 1378 3618 1377 3618 1391 3619 1386 3619 1383 3619 1384 3620 1391 3620 1383 3620 1382 3621 1383 3621 1387 3621 1383 3622 1386 3622 1387 3622 1383 3623 1381 3623 1384 3623 1385 3624 1387 3624 1386 3624 1372 3625 1357 3625 1360 3625 1358 3626 1360 3626 1357 3626 1360 3627 1361 3627 1372 3627 1357 3628 1372 3628 1388 3628 1388 3629 1372 3629 1382 3629 1382 3630 1387 3630 1388 3630 1375 3631 1378 3631 1382 3631 1382 3632 1372 3632 1375 3632 1388 3633 1393 3633 1357 3633 1389 3634 1388 3634 1385 3634 1387 3635 1385 3636 1388 3637 1388 3638 1390 3639 1393 3639 1390 3640 1388 3640 1389 3640 1385 3641 1386 3641 1389 3641 1391 3642 1392 3642 1389 3642 1392 3643 1391 3644 1384 3645 1389 3646 1386 3646 1391 3646 1366 3647 1367 3647 1369 3647 1369 3648 1396 3648 1366 3648 1392 3649 1384 3649 1381 3649 1396 3650 1395 3650 1392 3650 1370 3651 1366 3651 1381 3651 1392 3652 1366 3652 1396 3652 1381 3653 1366 3653 1392 3653 1381 3654 1376 3654 1370 3654 1389 3655 1394 3655 1390 3655 1395 3656 1394 3656 1392 3656 1389 3657 1392 3657 1394 3657 1398 3658 1399 3658 1369 3658 1396 3659 1369 3659 1399 3659 1398 3660 1369 3660 1368 3660 1368 3661 1397 3661 1398 3661 1403 3662 1401 3662 1022 3662 1022 3663 1039 3663 1403 3663 1401 3664 1400 3664 602 3664 1401 3665 1017 3665 1022 3666 602 3667 1017 3667 1401 3667 1400 3668 1401 3668 1404 3668 1404 3669 1405 3669 1400 3669 1400 3670 1405 3670 1406 3670 1397 3671 1400 3672 1406 3673 1407 3674 1411 3674 1405 3674 1405 3675 1404 3675 1407 3675 1408 3676 1407 3676 1404 3676 1411 3677 1406 3678 1405 3679 1406 3680 1411 3680 1410 3680 1407 3681 1409 3682 1411 3683 1411 3684 1409 3684 1410 3684 973 3685 968 3685 962 3685 1356 3686 1357 3686 1393 3686 946 3687 944 3687 943 3687 1001 3688 997 3688 996 3688 916 3689 914 3689 913 3689 943 3690 948 3690 946 3690 996 3691 1041 3691 1001 3691 962 3692 995 3692 973 3692 1402 3693 1044 3693 1043 3693 1396 3694 1399 3694 1424 3694 1393 3695 1352 3695 1356 3695 913 3696 939 3696 916 3696 1043 3697 1413 3697 1402 3697 884 3698 882 3698 881 3698 1042 3699 1041 3699 996 3699 1424 3700 1395 3700 1396 3700 881 3701 911 3701 884 3701 1042 3702 996 3702 994 3702 1424 3703 1423 3703 1395 3703 943 3704 949 3704 948 3704 1351 3705 1352 3706 1393 3707 1351 3708 1393 3708 1390 3708 912 3709 881 3709 878 3709 913 3710 941 3710 939 3710 962 3711 991 3712 995 3713 962 3714 952 3714 991 3714 1043 3715 1414 3715 1413 3715 1414 3716 1043 3716 1040 3716 912 3717 911 3717 881 3717 938 3718 942 3719 949 3720 1326 3721 994 3721 991 3721 1326 3722 1040 3723 1042 3724 910 3725 912 3726 941 3727 991 3728 952 3729 1326 3730 1042 3731 994 3731 1326 3731 943 3732 938 3732 949 3732 1326 3733 952 3734 949 3735 1390 3736 1394 3736 1326 3736 913 3737 910 3737 941 3737 1326 3738 942 3739 941 3740 949 3741 942 3742 1326 3741 1326 3743 1423 3743 1414 3743 1423 3744 1394 3745 1395 3746 1394 3747 1423 3747 1326 3747 941 3748 912 3748 1326 3748 1414 3749 1040 3749 1326 3749 1351 3750 1390 3750 1326 3750 1331 3751 1351 3751 1326 3751 859 3752 878 3752 879 3752 859 3753 912 3753 878 3753 912 3754 859 3754 1326 3754 1404 3755 1401 3755 1403 3755 1408 3756 1404 3756 1417 3756 1417 3757 1404 3757 1402 3757 1403 3758 1402 3758 1404 3758 1402 3759 1413 3759 1417 3759 1417 3760 1412 3760 1408 3760 1407 3761 1408 3761 1412 3761 1407 3762 1412 3762 1418 3762 1418 3763 1409 3763 1407 3763 1418 3764 1420 3765 1409 3766 1410 3767 1409 3767 1420 3767 1420 3768 1419 3768 1410 3768 1412 3769 1415 3769 1418 3769 1417 3770 1415 3770 1412 3770 1415 3771 1417 3771 1416 3771 1416 3772 1417 3773 1414 3774 1413 3775 1414 3775 1417 3775 1422 3776 1418 3776 1415 3776 1415 3777 1416 3777 1422 3777 1420 3778 1418 3778 1419 3778 1421 3779 1424 3779 1399 3779 1410 3780 1419 3780 1421 3780 1406 3781 1399 3781 1398 3781 1421 3782 1406 3782 1410 3782 1398 3783 1397 3783 1406 3783 1399 3784 1406 3784 1421 3784 1414 3785 1422 3785 1416 3785 1422 3786 1414 3786 1423 3786 1422 3787 1419 3787 1418 3787 1419 3788 1422 3789 1421 3788 1421 3790 1423 3791 1424 3792 1423 3793 1421 3794 1422 3794 1427 3795 1305 3795 1304 3795 1427 3796 1304 3796 1328 3796 840 3797 1426 3797 841 3797 840 3798 839 3798 1426 3798 1328 3799 1425 3799 1427 3799 1326 3800 1425 3801 1327 3802 839 3803 838 3803 1306 3803 1306 3804 1307 3804 839 3804 1328 3805 1327 3805 1425 3805 1428 3806 1326 3806 859 3806 1326 3807 1428 3807 1429 3807 1429 3808 1425 3808 1326 3808 1305 3809 1427 3809 1307 3809 1430 3810 1431 3810 839 3810 839 3811 1307 3811 1430 3811 839 3812 1431 3813 1426 3814 1432 3815 841 3815 1426 3815 860 3816 1432 3816 859 3816 1432 3817 860 3817 841 3817 1304 3818 1433 3818 1436 3818 1328 3819 1436 3819 1435 3819 1433 3820 1304 3820 1308 3820 1436 3821 1328 3821 1304 3821 1435 3822 1437 3822 1316 3822 1435 3823 1316 3823 1328 3823 1308 3824 1434 3825 1433 3825 1308 3826 1316 3826 1434 3826 1437 3827 1434 3828 1316 3829 1443 3830 1438 3830 1435 3830 1435 3831 1436 3831 1443 3831 1438 3832 1439 3832 1435 3832 1437 3833 1440 3833 1441 3833 1437 3834 1435 3834 1439 3834 1439 3835 1440 3835 1437 3835 1439 3836 1445 3836 1449 3836 1449 3837 1440 3837 1439 3837 1433 3838 1442 3838 1436 3838 1442 3839 1443 3840 1436 3841 1446 3842 1443 3842 1442 3842 1443 3843 1446 3843 1447 3843 1443 3844 1447 3844 1444 3844 1444 3845 1438 3845 1443 3845 1438 3846 1444 3846 1445 3846 1439 3847 1438 3847 1445 3847 1449 3848 1448 3848 1441 3848 1441 3849 1440 3849 1449 3849 1434 3850 1437 3850 1441 3850 1441 3851 1450 3851 1434 3851 1441 3852 1448 3852 1452 3852 1452 3853 1450 3853 1441 3853 1434 3854 1450 3854 1433 3854 1433 3855 1450 3855 1451 3855 1450 3856 1452 3856 1451 3856 1442 3857 1433 3857 1451 3857 1451 3858 1446 3858 1442 3858 1446 3859 1451 3859 1453 3859 1453 3860 1444 3860 1447 3860 1453 3861 1452 3861 1448 3861 1448 3862 1449 3862 1453 3862 1447 3863 1446 3863 1453 3863 1453 3864 1449 3864 1445 3864 1445 3865 1444 3865 1453 3865 1452 3866 1453 3866 1451 3866 1430 3867 1455 3867 1454 3867 1454 3868 1456 3868 1430 3868 1457 3869 1455 3869 1430 3869 1458 3870 1464 3870 1430 3870 1457 3871 1430 3871 1475 3871 1464 3872 1458 3872 1459 3872 1456 3873 1458 3873 1430 3873 1460 3874 1464 3874 1459 3874 1459 3875 1461 3875 1460 3875 1461 3876 1480 3876 1460 3876 1432 3877 1426 3877 1462 3877 1463 3878 1462 3878 1426 3878 1464 3879 1463 3879 1431 3879 1464 3880 1431 3880 1430 3880 1460 3881 1480 3881 1432 3881 1426 3882 1431 3882 1463 3882 1462 3883 1460 3883 1432 3883 1427 3884 1475 3884 1466 3884 1427 3885 1466 3885 1465 3885 1467 3886 1475 3886 1430 3886 1465 3887 1307 3887 1427 3887 1468 3888 1430 3888 1307 3888 1430 3889 1468 3889 1467 3889 1467 3890 1466 3890 1475 3890 1307 3891 1465 3891 1468 3891 1469 3892 1471 3892 1429 3892 1471 3893 1425 3893 1429 3893 1470 3894 1469 3894 1428 3894 1427 3895 1425 3895 1471 3895 1429 3896 1428 3896 1469 3896 1475 3897 1472 3897 1470 3897 1470 3898 1428 3898 1475 3898 1471 3899 1472 3899 1427 3899 1428 3900 1473 3900 1474 3900 1474 3901 1475 3901 1428 3901 1428 3902 1476 3902 1473 3902 1428 3903 1481 3903 1477 3903 1481 3904 1482 3904 1477 3904 1477 3905 1476 3905 1428 3905 859 3906 1478 3906 1481 3906 1478 3907 859 3907 1432 3907 1481 3908 1428 3908 859 3908 1432 3909 1480 3909 1483 3909 1480 3910 1482 3910 1481 3910 1432 3911 1483 3911 1479 3911 1432 3912 1479 3912 1478 3912 1480 3913 1481 3913 1483 3913 1472 3914 1475 3914 1427 3914 1464 3915 1486 3916 1484 3915 1484 3917 1463 3917 1464 3917 1484 3918 1485 3918 1462 3918 1462 3919 1463 3919 1484 3919 1485 3920 1460 3920 1462 3920 1486 3921 1464 3921 1460 3921 1485 3922 1486 3922 1460 3922 1487 3923 1486 3923 1485 3923 1487 3924 1485 3924 1484 3924 1487 3925 1484 3926 1486 3927 1465 3928 1490 3929 1488 3930 1488 3931 1468 3932 1465 3933 1488 3934 1489 3934 1467 3934 1467 3935 1468 3935 1488 3935 1489 3936 1466 3936 1467 3936 1490 3937 1465 3937 1466 3937 1489 3938 1490 3938 1466 3938 1491 3939 1490 3940 1489 3939 1491 3941 1489 3941 1488 3941 1491 3942 1488 3942 1490 3942 1471 3943 1494 3944 1492 3945 1492 3946 1472 3947 1471 3948 1492 3949 1493 3949 1470 3949 1470 3950 1472 3950 1492 3950 1493 3951 1469 3951 1470 3951 1494 3952 1471 3952 1469 3952 1493 3953 1494 3953 1469 3953 1495 3954 1494 3955 1493 3956 1495 3957 1493 3958 1492 3959 1495 3960 1492 3961 1494 3962 1481 3963 1498 3964 1496 3965 1496 3966 1483 3966 1481 3966 1496 3967 1497 3967 1479 3967 1479 3968 1483 3968 1496 3968 1497 3969 1478 3969 1479 3969 1498 3970 1481 3970 1478 3970 1497 3971 1498 3971 1478 3971 1499 3972 1498 3972 1497 3972 1499 3973 1497 3973 1496 3973 1499 3974 1496 3974 1498 3975 1474 3976 1473 3976 1475 3976 1459 3977 1458 3977 1461 3977 1455 3978 1456 3978 1454 3978 1482 3979 1480 3979 1477 3979 1475 3980 1473 3980 1476 3980 1456 3981 1476 3981 1480 3981 1476 3982 1456 3982 1455 3982 1480 3983 1461 3983 1456 3983 1480 3984 1476 3984 1477 3984 1455 3985 1475 3985 1476 3985 1458 1950 1456 1950 1461 1950 1475 3986 1455 3986 1457 3986 1501 3987 1502 3987 1507 3987 1502 3988 1501 3988 1503 3988 1502 3989 1503 3989 1504 3989 1507 3990 1505 3990 1506 3990 1507 3991 1506 3991 1508 3991 1508 3992 1500 3992 1507 3992 1500 3993 1501 3993 1507 3993 1509 3994 1511 3994 1510 3994 1509 3995 1512 3995 1511 3995 1509 3996 1513 3996 1512 3996 1509 3997 1514 3997 1513 3997 1509 3998 1515 3998 1514 3998 1509 3999 1516 3999 1515 3999 1509 4000 1517 4000 1516 4000 1509 4001 1518 4001 1517 4001 1509 4002 1519 4002 1518 4002 1509 4003 1520 4003 1519 4003 1509 4004 1521 4004 1520 4004 1509 4005 1522 4005 1521 4005 1509 4006 1523 4006 1522 4006 1509 4007 1524 4007 1523 4007 1509 4008 1525 4008 1524 4008 1509 4009 1526 4009 1525 4009 1509 4010 1527 4010 1526 4010 1509 4011 1528 4011 1527 4011 1509 4012 1529 4012 1528 4012 1509 4013 1530 4013 1529 4013 1509 4014 1510 4014 1531 4014 1582 4015 1527 4015 1528 4015 1551 4016 1528 4016 1529 4016 1549 4017 1529 4017 1530 4017 1547 4018 1530 4018 1509 4018 1545 4019 1509 4019 1531 4019 1543 4020 1531 4020 1510 4020 1541 4021 1510 4021 1511 4021 1539 4022 1511 4022 1512 4022 1538 4023 1512 4023 1513 4023 1536 4024 1513 4024 1514 4024 1535 4025 1514 4025 1515 4025 1533 4026 1515 4026 1516 4026 1516 4027 1532 4027 1533 4027 1515 4028 1533 4028 1534 4028 1515 4029 1534 4029 1535 4029 1514 4030 1535 4030 1536 4030 1513 4031 1536 4031 1537 4031 1513 4032 1537 4032 1538 4032 1512 4033 1538 4033 1539 4033 1511 4034 1539 4034 1540 4034 1511 4035 1540 4035 1541 4035 1510 4036 1541 4036 1542 4036 1510 4037 1542 4037 1543 4037 1531 4038 1543 4038 1544 4038 1531 4039 1544 4039 1545 4039 1509 4040 1545 4040 1546 4040 1509 4041 1546 4041 1547 4041 1530 4042 1547 4042 1548 4042 1530 4043 1548 4043 1549 4043 1529 4044 1549 4044 1550 4044 1529 4045 1550 4045 1551 4045 1528 4046 1551 4046 1582 4046 1553 4047 1552 4047 1551 4047 1551 4048 1550 4048 1553 4048 1554 4049 1553 4049 1550 4049 1550 4050 1549 4050 1554 4050 1555 4051 1554 4051 1549 4051 1549 4052 1548 4052 1555 4052 1556 4053 1555 4053 1548 4053 1548 4054 1547 4054 1556 4054 1557 4055 1556 4055 1547 4055 1547 4056 1546 4056 1557 4056 1558 4057 1557 4057 1546 4057 1546 4058 1545 4058 1558 4058 1559 4059 1558 4059 1545 4059 1545 4060 1544 4060 1559 4060 1560 4061 1559 4061 1544 4061 1544 4062 1543 4062 1560 4062 1561 4063 1560 4063 1543 4063 1543 4064 1542 4064 1561 4064 1562 4065 1561 4065 1542 4065 1542 4066 1541 4066 1562 4066 1563 4067 1562 4067 1541 4067 1541 4068 1540 4068 1563 4068 1564 4069 1563 4069 1540 4069 1540 4070 1539 4070 1564 4070 1565 4071 1564 4071 1539 4071 1539 4072 1538 4072 1565 4072 1566 4073 1565 4073 1538 4073 1538 4074 1537 4074 1566 4074 1567 4075 1566 4075 1537 4075 1537 4076 1536 4076 1567 4076 1568 4077 1567 4077 1536 4077 1536 4078 1535 4078 1568 4078 1535 4079 1569 4079 1568 4079 1569 4080 1535 4080 1534 4080 1569 4081 1534 4081 1533 4081 1533 4082 1570 4082 1569 4082 1570 4083 1533 4083 1532 4083 1532 4084 1581 4084 1570 4084 1552 4085 1571 4085 1582 4085 1582 4086 1551 4086 1552 4086 1569 4087 1572 4087 1573 4087 1567 4088 1573 4088 1574 4088 1565 4089 1574 4089 1575 4089 1562 4090 1575 4090 1576 4090 1559 4091 1576 4091 1577 4091 1554 4092 1578 4092 1579 4092 1552 4093 1579 4093 1580 4093 1557 4094 1577 4094 1578 4094 1568 4095 1569 4095 1573 4095 1580 4096 1571 4096 1552 4096 1579 4097 1552 4097 1553 4097 1579 4098 1553 4098 1554 4098 1578 4099 1554 4099 1555 4099 1578 4100 1555 4100 1556 4100 1578 4101 1556 4101 1557 4101 1577 4102 1557 4102 1558 4102 1577 4103 1558 4103 1559 4103 1576 4104 1559 4104 1560 4104 1576 4105 1560 4105 1561 4105 1576 4106 1561 4106 1562 4106 1575 4107 1562 4107 1563 4107 1575 4108 1563 4108 1564 4108 1575 4109 1564 4109 1565 4109 1574 4110 1565 4110 1566 4110 1574 4111 1566 4111 1567 4111 1573 4112 1567 4112 1568 4112 1572 4113 1569 4113 1570 4113 1572 4114 1570 4114 1581 4114 1532 4115 1584 4115 1581 4115 1584 4116 1532 4116 1583 4116 1583 4117 1585 4117 1584 4117 1585 4118 1583 4118 1586 4118 1586 4119 1587 4119 1585 4119 1587 4120 1586 4120 1588 4120 1588 4121 1590 4121 1589 4121 1589 4122 1587 4122 1588 4122 1590 4123 1591 4123 1592 4123 1592 4124 1589 4124 1590 4124 1591 4125 1594 4125 1593 4125 1593 4126 1592 4126 1591 4126 1594 4127 1596 4127 1595 4127 1595 4128 1593 4128 1594 4128 1596 4129 1597 4129 1595 4129 1598 4130 1595 4130 1597 4130 1597 4131 1599 4131 1600 4131 1600 4132 1598 4132 1597 4132 1599 4133 1602 4133 1601 4133 1601 4134 1600 4134 1599 4134 1603 4135 1604 4135 1601 4135 1601 4136 1602 4136 1603 4136 1603 4137 1606 4137 1605 4137 1605 4138 1604 4138 1603 4138 1606 4139 1607 4139 1608 4139 1608 4140 1605 4140 1606 4140 1607 4141 1610 4141 1609 4141 1609 4142 1608 4142 1607 4142 1610 4143 1611 4143 1609 4143 1612 4144 1609 4144 1611 4144 1611 4145 1613 4145 1614 4145 1614 4146 1612 4146 1611 4146 1613 4147 1616 4147 1615 4147 1615 4148 1614 4148 1613 4148 1616 4149 1617 4149 1618 4149 1618 4150 1615 4150 1616 4150 1627 4151 1580 4151 1619 4151 1615 4152 1619 4152 1620 4152 1609 4153 1620 4153 1621 4153 1608 4154 1621 4154 1622 4154 1601 4155 1622 4155 1623 4155 1587 4156 1625 4156 1626 4156 1584 4157 1626 4157 1572 4157 1620 4158 1609 4158 1612 4158 1593 4159 1624 4159 1625 4159 1624 4160 1595 4160 1598 4160 1598 4161 1623 4161 1624 4161 1585 4162 1587 4162 1626 4162 1584 4163 1585 4164 1626 4164 1581 4165 1584 4165 1572 4165 1625 4166 1587 4166 1589 4166 1625 4167 1589 4167 1592 4167 1625 4168 1592 4168 1593 4168 1624 4169 1593 4169 1595 4169 1623 4170 1598 4170 1600 4170 1623 4171 1600 4171 1601 4171 1601 4172 1604 4172 1622 4172 1622 4173 1604 4173 1605 4173 1622 4174 1605 4174 1608 4174 1621 4175 1608 4175 1609 4175 1620 4176 1612 4176 1614 4176 1620 4177 1614 4177 1615 4177 1619 4178 1615 4178 1618 4178 1619 4179 1618 4179 1627 4179 1580 4180 1627 4180 1571 4180 1532 4181 1516 4181 1517 4181 1586 4182 1517 4182 1518 4182 1590 4183 1518 4183 1519 4183 1594 4184 1519 4184 1520 4184 1596 4185 1520 4185 1521 4185 1599 4186 1521 4186 1522 4186 1603 4187 1522 4187 1523 4187 1607 4188 1523 4188 1524 4188 1610 4189 1524 4189 1525 4189 1613 4190 1525 4190 1526 4190 1617 4191 1526 4191 1527 4191 1527 4192 1582 4192 1628 4192 1527 4193 1628 4193 1617 4193 1526 4194 1617 4194 1616 4194 1526 4195 1616 4195 1613 4195 1525 4196 1613 4196 1611 4196 1525 4197 1611 4197 1610 4197 1524 4198 1610 4198 1607 4198 1523 4199 1607 4199 1606 4199 1523 4200 1606 4200 1603 4200 1522 4201 1603 4201 1602 4201 1522 4202 1602 4202 1599 4202 1521 4203 1599 4203 1597 4203 1521 4204 1597 4204 1596 4204 1520 4205 1596 4205 1594 4205 1519 4206 1594 4206 1591 4206 1519 4207 1591 4207 1590 4207 1518 4208 1590 4208 1588 4208 1518 4209 1588 4209 1586 4209 1517 4210 1586 4210 1583 4210 1517 4211 1583 4211 1532 4211 1617 4212 1628 4212 1627 4212 1627 4213 1618 4213 1617 4213 1628 4214 1582 4214 1571 4214 1571 4215 1627 4215 1628 4215 1572 4216 1629 4216 1637 4216 1574 4217 1636 4217 1632 4217 1622 4218 1633 4218 1630 4218 1635 4219 1579 4219 1578 4219 1578 4220 1631 4220 1635 4220 1576 4221 1634 4221 1638 4221 1632 4222 1575 4222 1574 4222 1631 4223 1578 4223 1577 4223 1577 4224 1638 4224 1631 4224 1634 4225 1576 4225 1575 4225 1573 4226 1637 4226 1636 4226 1638 4227 1577 4227 1576 4227 1575 4228 1632 4228 1634 4228 1633 4229 1622 4229 1621 4229 1620 4230 1640 4230 1633 4230 1640 4231 1620 4231 1619 4231 1619 4232 1642 4232 1640 4232 1637 4233 1573 4233 1572 4233 1639 4234 1626 4234 1625 4234 1625 4235 1643 4235 1639 4235 1624 4236 1641 4236 1643 4236 1623 4237 1630 4237 1641 4237 1633 4238 1621 4238 1620 4238 1636 4239 1574 4239 1573 4239 1641 4240 1624 4240 1623 4240 1630 4241 1623 4241 1622 4241 1642 4242 1619 4242 1580 4242 1580 4243 1635 4243 1642 4243 1635 4244 1580 4244 1579 4244 1643 4245 1625 4245 1624 4245 1572 4246 1639 4246 1629 4246 1639 4247 1572 4247 1626 4247 1643 4248 1641 4248 1644 4248 1647 4249 1646 4249 1649 4249 1647 4250 1651 4250 1646 4250 1647 4251 1649 4251 1648 4251 1650 4252 1651 4252 1647 4252 1647 4253 1648 4254 1645 4255 1650 4256 1652 4256 1657 4256 1652 4257 1647 4257 1645 4257 1645 4258 1653 4258 1652 4258 1653 4259 1645 4259 1648 4259 1648 4260 1654 4261 1653 4260 1650 4262 1647 4262 1652 4262 1651 4263 1650 4263 1657 4263 1649 4264 1655 4264 1654 4264 1646 4265 1656 4266 1655 4267 1657 4268 1656 4268 1651 4268 1646 4269 1651 4269 1656 4269 1649 4270 1646 4270 1655 4270 1648 4271 1649 4271 1654 4271 1659 4272 1694 4272 1696 4272 1660 4273 1661 4273 1662 4273 1661 4274 1658 4274 1662 4274 1662 4275 1659 4275 1660 4275 1664 4276 1665 4276 1663 4276 1663 4277 1660 4277 1659 4277 1664 4278 1666 4278 1665 4278 1660 4279 1665 4279 1666 4279 1663 4280 1659 4280 1664 4280 1666 4281 1661 4281 1660 4281 1652 4282 1666 4282 1664 4282 1666 4283 1652 4283 1653 4283 1664 4284 1657 4284 1652 4284 1666 4285 1670 4285 1669 4285 1668 4286 1661 4286 1666 4286 1666 4287 1669 4287 1668 4287 1658 4288 1661 4288 1671 4288 1674 4289 1672 4289 1673 4289 1674 4290 1698 4290 1672 4290 1666 4291 1678 4291 1677 4291 1673 4292 1675 4292 1674 4292 1675 4293 1673 4293 1676 4293 1667 4294 1677 4294 1680 4294 1698 4295 1674 4295 1678 4295 1676 4296 1667 4296 1680 4296 1677 4297 1667 4297 1666 4297 1679 4298 1675 4298 1676 4298 1676 4299 1680 4299 1679 4299 1678 4300 1666 4300 1698 4300 1682 4301 1683 4301 1681 4301 1685 4302 1681 4302 1683 4302 1666 4303 1688 4303 1686 4303 1667 4304 1684 4304 1689 4304 1687 4305 1667 4305 1682 4305 1683 4306 1686 4306 1685 4306 1666 4307 1689 4307 1688 4307 1667 4308 1687 4308 1684 4308 1686 4309 1683 4309 1666 4309 1689 4310 1666 4310 1667 4310 1682 4311 1681 4311 1687 4311 1666 4312 1683 4312 1690 4312 1666 4313 1690 4313 1691 4313 1691 4314 1670 4314 1666 4314 1670 4315 1693 4315 1692 4315 1692 4316 1669 4316 1670 4316 1693 4317 1670 4317 1694 4317 1694 4318 1658 4318 1695 4318 1694 4319 1695 4319 1693 4319 1655 4320 1656 4320 1697 4320 1696 4321 1697 4321 1656 4321 1655 4322 1697 4322 1698 4322 1698 4323 1666 4323 1654 4323 1666 4324 1653 4324 1654 4324 1654 4325 1655 4325 1698 4325 1656 4326 1657 4326 1696 4326 1657 4327 1664 4327 1696 4327 1671 4328 1695 4328 1658 4328 1696 4329 1664 4329 1659 4329 1694 4330 1659 4330 1658 4330 1667 4331 1676 4331 1682 4331 1700 4332 1665 4332 1660 4332 1665 4333 1700 4333 1701 4333 1699 4334 1700 4334 1660 4334 1663 4335 1665 4335 1701 4335 1702 4336 1660 4336 1663 4336 1660 4337 1702 4337 1699 4337 1701 4338 1702 4339 1663 4340 1700 4341 1699 4341 1702 4341 1701 4342 1700 4342 1702 4342 1662 4343 1658 4343 1703 4343 1662 4344 1704 4344 1705 4344 1703 4345 1704 4346 1662 4347 1706 4348 1703 4348 1658 4348 1659 4349 1662 4349 1705 4349 1659 4350 1705 4351 1706 4352 1706 4353 1658 4353 1659 4353 1703 4354 1705 4354 1704 4354 1703 4355 1706 4355 1705 4355 1707 4356 1661 4356 1668 4356 1661 4357 1707 4357 1708 4357 1708 4358 1671 4359 1661 4360 1671 4361 1708 4361 1709 4361 1695 4362 1671 4362 1710 4362 1709 4363 1710 4363 1671 4363 1712 4364 1684 4364 1687 4364 1713 4365 1689 4366 1684 4367 1688 4368 1689 4368 1714 4368 1713 4369 1714 4370 1689 4371 1712 4372 1713 4373 1684 4373 1711 4374 1712 4374 1687 4374 1714 4375 1686 4375 1688 4375 1685 4376 1716 4377 1717 4378 1717 4379 1681 4379 1685 4379 1681 4380 1717 4380 1711 4380 1711 4381 1687 4381 1681 4381 1715 4382 1716 4382 1685 4382 1715 4383 1685 4384 1686 4385 1714 4386 1715 4386 1686 4386 1716 4387 1711 4387 1717 4387 1712 4388 1711 4388 1716 4388 1716 4389 1714 4389 1713 4389 1714 4390 1716 4390 1715 4390 1713 4391 1712 4391 1716 4391 1719 4392 1675 4392 1679 4392 1720 4393 1674 4394 1675 4395 1674 4396 1720 4396 1721 4396 1678 4397 1674 4397 1721 4397 1678 4398 1721 4398 1722 4398 1719 4399 1720 4400 1675 4401 1718 4402 1719 4402 1679 4402 1722 4403 1677 4403 1678 4403 1677 4404 1722 4405 1723 4406 1677 4407 1724 4408 1725 4409 1725 4410 1680 4410 1677 4410 1680 4411 1725 4411 1718 4411 1718 4412 1679 4413 1680 4412 1723 4414 1724 4414 1677 4414 1724 4415 1722 4415 1721 4415 1724 4416 1718 4416 1725 4416 1724 4417 1720 4417 1719 4417 1724 4418 1719 4418 1718 4418 1724 4419 1723 4419 1722 4419 1721 4420 1720 4420 1724 4420 1710 4421 1693 4421 1695 4421 1692 4422 1727 4422 1728 4422 1728 4423 1669 4423 1692 4423 1669 4424 1728 4424 1707 4424 1707 4425 1668 4425 1669 4425 1726 4426 1727 4426 1692 4426 1726 4427 1692 4428 1693 4429 1710 4430 1726 4430 1693 4430 1708 4431 1727 4431 1726 4431 1728 4432 1727 4432 1708 4432 1708 4433 1707 4434 1728 4435 1709 4436 1708 4436 1710 4436 1726 4437 1710 4437 1708 4437 1736 4438 1730 4438 1731 4438 1694 4439 1734 4440 1733 4441 1736 4442 1729 4442 1730 4442 1732 4443 1731 4443 1694 4443 1694 4444 1733 4444 1732 4444 1732 4445 1735 4446 1731 4447 1731 4448 1735 4448 1736 4448 1734 4449 1729 4449 1736 4449 1736 4450 1733 4450 1734 4450 1741 4451 1739 4451 1738 4451 1737 4452 1740 4452 1741 4452 1731 4453 1738 4453 1739 4453 1738 4454 1737 4454 1741 4454 1739 4455 1742 4455 1731 4455 1743 4456 1741 4456 1740 4456 1694 4457 1731 4457 1742 4457 1743 4458 1740 4458 1694 4458 1742 4459 1743 4459 1694 4459 1740 4460 1697 4460 1696 4460 1698 4461 1697 4461 1740 4461 1698 4462 1740 4462 1746 4462 1750 4463 1748 4463 1747 4463 1746 4464 1749 4464 1673 4464 1696 4465 1694 4465 1740 4465 1745 4466 1744 4466 1746 4466 1744 4467 1745 4467 1748 4467 1749 4468 1676 4468 1673 4468 1748 4469 1750 4469 1744 4469 1749 4470 1682 4470 1676 4470 1746 4471 1740 4471 1745 4471 1672 4472 1698 4472 1746 4472 1673 4473 1672 4473 1746 4473 1749 4474 1750 4474 1747 4474 1749 4475 1747 4475 1682 4475 1670 4476 1691 4476 1734 4476 1752 4477 1734 4477 1690 4477 1694 4478 1670 4478 1734 4478 1751 4479 1752 4479 1683 4479 1747 4480 1754 4480 1753 4480 1734 4481 1691 4481 1690 4481 1682 4482 1747 4482 1751 4482 1755 4483 1753 4483 1754 4483 1752 4484 1690 4484 1683 4484 1747 4485 1753 4485 1751 4485 1755 4486 1756 4486 1734 4486 1752 4487 1755 4487 1734 4487 1683 4488 1682 4488 1751 4488 1757 4489 1756 4489 1755 4489 1754 4490 1757 4490 1755 4490 1740 4491 1737 4491 1745 4491 1748 4492 1758 4492 1759 4492 1759 4493 1747 4494 1748 4495 1758 4496 1748 4497 1745 4496 1745 4498 1737 4498 1761 4498 1761 4499 1758 4499 1745 4499 1738 4500 1760 4500 1761 4500 1761 4501 1737 4501 1738 4501 1760 4502 1766 4502 1762 4502 1766 4503 1767 4503 1762 4503 1759 4504 1836 4504 1764 4504 1764 4505 1763 4505 1759 4505 1766 4506 1760 4506 1738 4506 1738 4507 1731 4507 1766 4507 1766 4508 1765 4508 1767 4508 1768 4509 1765 4509 1770 4509 1770 4510 1769 4510 1768 4510 1729 4511 1765 4512 1766 4513 1766 4514 1731 4514 1730 4514 1766 4515 1730 4515 1729 4515 1756 4516 1729 4516 1734 4517 1769 4518 1770 4518 1763 4518 1770 4519 1765 4519 1729 4519 1729 4520 1756 4520 1770 4520 1757 4521 1763 4521 1770 4521 1770 4522 1756 4523 1757 4522 1763 4524 1757 4524 1754 4524 1759 4525 1763 4525 1754 4525 1754 4526 1747 4526 1759 4526 1735 4527 1775 4527 1771 4528 1736 4529 1735 4529 1771 4529 1736 4530 1771 4530 1772 4530 1733 4531 1736 4531 1773 4531 1772 4532 1773 4532 1736 4532 1774 4533 1732 4533 1733 4533 1732 4534 1774 4534 1775 4534 1735 4535 1732 4536 1775 4537 1773 4538 1774 4538 1733 4538 1776 4539 1741 4539 1743 4539 1741 4540 1777 4540 1778 4540 1739 4541 1741 4542 1778 4543 1776 4544 1777 4544 1741 4544 1739 4545 1778 4545 1779 4545 1742 4546 1739 4546 1779 4546 1742 4547 1779 4547 1780 4547 1743 4548 1742 4548 1776 4549 1780 4550 1776 4550 1742 4550 1781 4551 1751 4551 1753 4551 1782 4552 1783 4552 1752 4552 1752 4553 1751 4553 1782 4553 1781 4554 1782 4554 1751 4554 1755 4555 1752 4556 1783 4556 1755 4557 1783 4557 1784 4557 1753 4558 1755 4559 1785 4560 1785 4561 1781 4561 1753 4561 1784 4562 1785 4562 1755 4562 1746 4563 1790 4563 1786 4563 1749 4564 1746 4564 1786 4564 1749 4565 1786 4565 1787 4565 1750 4566 1749 4567 1788 4568 1787 4569 1788 4569 1749 4569 1789 4570 1744 4570 1750 4570 1744 4571 1789 4571 1790 4571 1746 4572 1744 4572 1790 4572 1788 4573 1789 4573 1750 4573 1794 4574 1772 4574 1771 4574 1772 4575 1794 4575 1792 4575 1773 4576 1792 4576 1791 4576 1793 4577 1771 4577 1775 4577 1773 4578 1772 4578 1792 4578 1795 4579 1775 4579 1774 4579 1793 4580 1794 4580 1771 4580 1775 4581 1795 4581 1793 4581 1774 4582 1773 4582 1796 4582 1796 4583 1795 4583 1774 4583 1791 4584 1796 4584 1773 4584 1791 4585 1802 4585 1797 4585 1796 4586 1791 4586 1797 4586 1797 4587 1798 4587 1796 4587 1795 4588 1798 4588 1799 4588 1793 4589 1795 4589 1799 4589 1799 4590 1800 4590 1793 4590 1795 4591 1796 4591 1798 4591 1800 4592 1794 4592 1793 4592 1794 4593 1800 4593 1801 4593 1801 4594 1792 4594 1794 4594 1792 4595 1801 4595 1802 4595 1802 4596 1791 4596 1792 4596 1800 4597 1799 4597 1767 4597 1804 4598 1780 4598 1779 4598 1806 4599 1804 4599 1779 4599 1780 4600 1804 4600 1805 4600 1776 4601 1805 4601 1803 4601 1806 4602 1779 4602 1778 4602 1776 4603 1780 4603 1805 4603 1806 4604 1778 4604 1777 4604 1807 4605 1806 4605 1777 4605 1777 4606 1776 4606 1808 4606 1808 4607 1807 4607 1777 4607 1803 4584 1808 4584 1776 4584 1804 4608 1806 4608 1809 4608 1804 4609 1809 4609 1810 4609 1810 4610 1805 4610 1804 4610 1805 4611 1810 4611 1811 4611 1811 4612 1803 4612 1805 4612 1803 4613 1811 4613 1812 4613 1808 4614 1803 4614 1812 4614 1812 4615 1813 4615 1808 4615 1807 4616 1813 4616 1814 4616 1814 4617 1815 4617 1807 4617 1815 4618 1809 4618 1806 4618 1806 4619 1807 4619 1815 4619 1807 4620 1808 4620 1813 4621 1819 4622 1784 4622 1783 4622 1784 4623 1819 4623 1817 4623 1785 4624 1817 4624 1816 4624 1818 4625 1783 4625 1782 4625 1781 4626 1785 4626 1816 4626 1785 4627 1784 4627 1817 4627 1818 4628 1819 4628 1783 4628 1782 4629 1820 4629 1818 4629 1821 4630 1782 4630 1781 4630 1821 4631 1820 4631 1782 4631 1816 4632 1821 4632 1781 4632 1822 4633 1819 4633 1818 4633 1819 4634 1822 4634 1823 4634 1819 4635 1823 4635 1824 4635 1824 4636 1817 4636 1819 4637 1817 4638 1824 4639 1825 4640 1825 4641 1816 4641 1817 4641 1816 4642 1825 4642 1826 4642 1821 4643 1816 4643 1826 4644 1826 4645 1827 4645 1821 4645 1820 4646 1827 4646 1828 4646 1828 4647 1829 4647 1820 4647 1818 4648 1820 4648 1829 4648 1829 4649 1822 4649 1818 4649 1820 4650 1821 4650 1827 4650 1830 4651 1787 4651 1786 4651 1788 4652 1832 4652 1831 4652 1833 4653 1786 4653 1790 4653 1790 4654 1834 4654 1833 4654 1833 4655 1830 4655 1786 4655 1788 4656 1787 4656 1832 4656 1834 4657 1790 4657 1789 4657 1787 4658 1830 4658 1832 4658 1835 4659 1834 4659 1789 4659 1789 4660 1788 4660 1831 4660 1831 4661 1835 4661 1789 4661 1831 4662 1842 4662 1836 4662 1836 4663 1837 4664 1831 4665 1835 4666 1837 4666 1838 4666 1838 4667 1839 4667 1835 4667 1834 4668 1835 4668 1839 4668 1835 4669 1831 4670 1837 4671 1839 4672 1833 4672 1834 4672 1840 4673 1830 4673 1833 4673 1841 4674 1832 4674 1830 4674 1841 4675 1842 4675 1832 4676 1831 4677 1832 4677 1842 4677 1840 4678 1841 4678 1830 4678 1839 4679 1840 4679 1833 4679 1844 4680 1798 4680 1849 4680 1849 4681 1846 4681 1844 4681 1847 4682 1798 4682 1848 4682 1798 4683 1847 4683 1849 4683 1844 4684 1846 4684 1850 4684 1761 4685 1845 4685 1852 4685 1853 4686 1852 4686 1854 4686 1850 4687 1855 4687 1857 4687 1853 4688 1854 4688 1856 4688 1857 4689 1845 4689 1850 4689 1850 4690 1856 4690 1855 4690 1856 4691 1850 4691 1853 4691 1852 4692 1858 4692 1854 4692 1859 4693 1852 4693 1845 4693 1857 4694 1859 4694 1845 4694 1859 4695 1858 4695 1852 4695 1850 4696 1848 4696 1860 4696 1862 4697 1853 4697 1860 4697 1860 4698 1863 4698 1864 4698 1863 4699 1866 4699 1864 4699 1860 4700 1865 4700 1862 4700 1863 4701 1868 4701 1866 4701 1860 4702 1864 4702 1865 4702 1853 4703 1862 4703 1867 4703 1853 4704 1867 4704 1868 4704 1868 4705 1863 4705 1853 4705 1861 4706 1879 4706 1764 4706 1853 1950 1863 1950 1869 1950 1863 4707 1871 4707 1869 4707 1853 4708 1869 4708 1764 4708 1768 4709 1870 4709 1851 4709 1768 4710 1871 4710 1870 4710 1871 4711 1860 4711 1872 4711 1873 4712 1848 4712 1851 4712 1874 4713 1860 4713 1848 4713 1873 4714 1874 4714 1848 4714 1874 4715 1872 4715 1860 4715 1875 4716 1876 4716 1852 4716 1876 4717 1861 4717 1852 4717 1852 4718 1877 4718 1875 4718 1878 4719 1877 4719 1853 4719 1853 4720 1879 4720 1878 4720 1877 4721 1852 4721 1853 4721 1881 4722 1880 4722 1811 4722 1811 4723 1843 4723 1881 4723 1845 4724 1811 4724 1880 4724 1845 4725 1880 4725 1882 4725 1850 4726 1845 4726 1882 4726 1882 4727 1844 4727 1850 4727 1762 4728 1811 4728 1810 4728 1813 4729 1845 4729 1761 4729 1811 4730 1845 4730 1812 4730 1761 4731 1814 4731 1813 4731 1814 4732 1761 4732 1760 4732 1760 4733 1815 4733 1814 4733 1813 4734 1812 4734 1845 4734 1760 4735 1762 4735 1809 4735 1809 4736 1815 4736 1760 4736 1810 4737 1809 4737 1762 4737 1801 4738 1800 4738 1765 4738 1768 4739 1802 4739 1801 4739 1797 4740 1768 4740 1798 4740 1799 4741 1798 4741 1762 4741 1762 4742 1767 4742 1799 4742 1801 4743 1765 4743 1768 4743 1767 4744 1765 4744 1800 4744 1797 4745 1802 4745 1768 4745 1828 4746 1827 4746 1871 4746 1871 4747 1768 4747 1829 4747 1824 4748 1769 4748 1763 4748 1829 4749 1828 4749 1871 4749 1822 4750 1829 4750 1768 4750 1769 4751 1824 4751 1823 4751 1869 4752 1871 4752 1827 4752 1768 4753 1769 4753 1822 4753 1869 4754 1826 4754 1825 4754 1825 4755 1763 4755 1869 4755 1769 4756 1823 4756 1822 4756 1827 4757 1826 4757 1869 4757 1763 4758 1825 4758 1824 4758 1759 4759 1758 4759 1837 4759 1838 4760 1837 4761 1852 4762 1840 4763 1861 4763 1764 4763 1837 4764 1836 4764 1759 4764 1839 4765 1838 4765 1852 4765 1839 4766 1852 4766 1861 4766 1861 4767 1840 4767 1839 4767 1764 4768 1841 4768 1840 4768 1758 4769 1852 4769 1837 4769 1842 4770 1841 4770 1764 4770 1842 4771 1764 4771 1836 4771 1763 4772 1764 4772 1869 4772 1853 4773 1764 4773 1879 4773 1871 4774 1863 4774 1860 4774 1860 4775 1853 4775 1850 4775 1852 4776 1758 4776 1761 4776 1768 4777 1851 4777 1798 4777 1851 4778 1848 4778 1798 4778 1798 4779 1844 4779 1762 4779 1844 4780 1843 4780 1762 4780 1843 4781 1811 4781 1762 4781 1886 4782 1871 4782 1872 4782 1872 4783 1884 4783 1886 4783 1885 4784 1886 4784 1884 4784 1884 4785 1883 4785 1885 4785 1883 4786 1874 4786 1873 4786 1883 4787 1884 4787 1874 4787 1884 4788 1872 4789 1874 4790 1883 4791 1873 4791 1851 4791 1851 4792 1885 4792 1883 4792 1886 4793 1870 4794 1871 4794 1886 4795 1885 4795 1870 4795 1851 4796 1870 4796 1885 4796 1887 4797 1856 4797 1854 4797 1888 4798 1889 4798 1857 4798 1889 4799 1890 4799 1859 4799 1890 4800 1858 4801 1859 4802 1858 4803 1890 4803 1891 4803 1854 4804 1858 4804 1891 4804 1859 4805 1857 4805 1889 4805 1891 4806 1892 4806 1887 4806 1892 4807 1855 4807 1856 4807 1892 4808 1888 4808 1855 4808 1888 4809 1857 4809 1855 4809 1856 4810 1887 4810 1892 4810 1887 4811 1854 4811 1891 4811 1892 1950 1889 1950 1888 1950 1892 1950 1891 1950 1890 1950 1892 1950 1890 1950 1889 1950 1893 4812 1862 4812 1865 4812 1894 4813 1867 4813 1862 4814 1862 4815 1893 4816 1894 4816 1894 4817 1895 4817 1868 4817 1894 4818 1868 4819 1867 4818 1895 4820 1866 4820 1868 4820 1896 4821 1864 4821 1866 4821 1865 4822 1896 4822 1893 4823 1865 4824 1864 4825 1896 4826 1895 4827 1896 4828 1866 4829 1897 4830 1893 4831 1896 4832 1896 4833 1895 4834 1897 4835 1897 4836 1895 4837 1894 4838 1894 4839 1893 4840 1897 4841 1898 4842 1875 4842 1877 4842 1899 4843 1876 4843 1875 4844 1875 4845 1898 4846 1899 4846 1899 4847 1900 4847 1861 4847 1879 4848 1861 4848 1900 4848 1899 4849 1861 4850 1876 4851 1900 4852 1901 4852 1879 4852 1901 4853 1878 4853 1879 4853 1878 4854 1901 4855 1902 4856 1877 4857 1902 4858 1898 4859 1877 4860 1878 4861 1902 4862 1903 4863 1898 4864 1902 4865 1903 4866 1902 4867 1901 4868 1903 4869 1901 4870 1900 4871 1903 4872 1900 4873 1899 4874 1899 4875 1898 4876 1903 4877 1847 4878 1848 4879 1904 4880 1905 4881 1849 4881 1847 4882 1849 4883 1905 4884 1906 4885 1904 4886 1905 4887 1847 4888 1906 4889 1846 4889 1849 4889 1907 4890 1850 4891 1846 4892 1846 4893 1906 4894 1907 4894 1907 4895 1904 4895 1848 4895 1907 4896 1848 4896 1850 4896 1908 4897 1904 4898 1907 4899 1907 4900 1906 4901 1908 4902 1908 4903 1906 4904 1905 4905 1905 4906 1904 4907 1908 4908 1909 4909 1881 4909 1843 4909 1910 4910 1880 4911 1881 4912 1881 4913 1909 4914 1910 4915 1910 4916 1911 4916 1882 4916 1910 4917 1882 4917 1880 4917 1844 4918 1882 4918 1911 4918 1912 4919 1843 4919 1844 4919 1843 4920 1912 4921 1909 4922 1911 4923 1912 4924 1844 4925 1913 4926 1909 4927 1912 4928 1912 4929 1911 4930 1913 4931 1913 4932 1911 4933 1910 4933 1910 4934 1909 4935 1913 4936 1914 4937 1916 4937 1917 4937 1916 4938 1919 4938 1920 4938 1920 4939 1917 4939 1916 4939 1919 4940 1918 4940 1920 4940 1916 4941 1914 4941 1915 4941 1919 4942 1922 4942 1923 4942 1921 4943 1922 4943 1919 4943 1915 4944 1921 4944 1916 4944 1923 4945 1918 4945 1919 4945 1919 4946 1916 4946 1921 4946 1923 4947 1924 4947 1920 4947 1920 4948 1918 4948 1923 4948 1923 4949 1922 4949 1924 4949 1917 4950 1920 4950 1924 4950 1924 4951 1925 4951 1917 4951 1921 4952 1915 4952 1925 4952 1917 4953 1925 4953 1915 4953 1915 4954 1914 4954 1917 4954 1921 4955 1925 4955 1924 4955 1924 4956 1922 4956 1921 4956 1926 4957 1927 4958 1928 4959 1929 4960 1930 4960 1931 4960 1933 4961 1934 4962 1932 4963 1936 4964 1937 4965 1935 4966 1636 4967 1950 4967 1949 4967 1637 4968 1951 4968 1950 4968 1632 4969 1947 4969 1946 4969 1629 4970 1952 4970 1951 4970 1631 4971 1941 4971 1940 4971 1634 4972 1946 4972 1945 4972 1638 4973 1942 4973 1941 4973 1635 4974 1938 4974 1965 4974 1641 4975 1958 4975 1957 4975 1639 4976 1952 4976 1629 4976 1644 4977 1956 4977 1955 4977 1633 4978 1961 4978 1960 4978 1644 4979 1957 4979 1956 4979 1630 4980 1959 4980 1958 4980 1640 4981 1962 4981 1633 4981 1644 4982 1954 4982 1643 4982 1636 4983 1948 4983 1632 4983 1639 4984 1954 4984 1953 4984 1639 4985 1953 4985 1952 4985 1636 4986 1637 4986 1950 4986 1632 4987 1948 4987 1947 4987 1638 4988 1944 4988 1943 4988 1636 4989 1949 4989 1948 4989 1638 4990 1943 4990 1942 4990 1642 4991 1965 4991 1964 4991 1640 4992 1963 4992 1962 4992 1637 4993 1629 4993 1951 4993 1634 4994 1945 4994 1944 4994 1635 4995 1631 4996 1939 4997 1634 4998 1632 4998 1946 4998 1638 4999 1634 4999 1944 4999 1631 5000 1638 5000 1941 5000 1631 5001 1940 5002 1939 5003 1642 5004 1635 5004 1965 5004 1641 5005 1630 5006 1958 5007 1635 5008 1939 5009 1938 5010 1630 5011 1633 5011 1959 5011 1640 5012 1964 5012 1963 5012 1633 5013 1962 5013 1961 5013 1633 5014 1960 5014 1959 5014 1640 5015 1642 5015 1964 5015 1644 5016 1641 5016 1957 5016 1644 5017 1955 5017 1954 5017 1639 5018 1643 5018 1954 5018</p>
        </triangles>
      </mesh>
    </geometry>
    <geometry id="shape0_002-mesh" name="shape0.002">
      <mesh>
        <source id="shape0_002-mesh-positions">
          <float_array id="shape0_002-mesh-positions-array" count="375">-0.02152329 0.001374304 0.0212481 -0.01897829 0.007356584 0.02124887 -0.008066058 0.01665395 0.02124828 -3.14721e-4 0.01815944 0.02124804 0.008015573 0.01674473 0.02124696 0.01602846 0.01133471 0.02124702 0.02086007 0.003449261 0.02124738 0.02224069 -0.004911601 0.02124971 0.01937156 -0.01477962 0.02124816 0.01267713 -0.02206212 0.02124828 0.006067395 -0.02519804 0.02124887 -0.008882462 -0.02422863 0.02124673 -0.01615756 -0.01904094 0.02124905 -0.02178937 -0.007914066 0.02124911 0.02120542 -0.009557068 0.02378755 0.0217449 -0.004785001 0.02525269 0.01853466 -0.01539671 0.02505123 0.01557141 -0.0191735 0.02503907 0.01141214 -0.02252209 0.02514928 0.0198481 -0.01073682 0.02837187 0.01987415 -0.002959728 0.0310139 0.003265619 -0.02547019 0.02495706 0.007776618 -0.02331024 0.02867066 0.01481401 -0.01737934 0.03072381 -4.89862e-4 -0.02601504 0.02124816 0.01819401 -0.008698403 0.03281694 -0.002867639 -0.02559214 0.02476793 0.01056528 -0.02085185 0.03072685 0.016424 -0.01233077 0.03343874 -0.007087171 -0.02439093 0.0259605 0.001940429 -0.02403193 0.03024017 0.01694124 -0.003053486 0.03550839 -0.01345551 -0.02112627 0.02499753 -0.001747786 -0.024226 0.02977901 0.01325988 -0.01460367 0.0353142 -0.01825273 -0.01573616 0.02540689 -0.01606506 -0.01836168 0.02596622 0.01015138 -0.01669669 0.03620398 0.01436376 -0.008289694 0.03751492 -0.0209825 -0.01127326 0.02124834 0.003800094 -0.02127408 0.03443288 0.007448673 -0.01981419 0.03464001 -0.02180653 -0.003237307 0.0246067 -0.009518802 -0.0219227 0.02985024 -0.005422115 -0.0224356 0.03207284 -0.02105718 -0.007337093 0.02717763 0.009510993 -0.01164186 0.03972959 -0.01801115 -0.0143994 0.02879524 -0.00302577 -0.0206229 0.03547561 -0.01328307 -0.01860857 0.03102594 0.005725443 -0.01674097 0.03827774 -0.009846746 -0.01874846 0.03436648 9.17838e-4 -0.01883739 0.03756386 0.009920716 -0.007342696 0.04065728 -0.01785933 -0.009807705 0.03298699 -0.01880317 -0.006587088 0.03254514 -0.01594036 -0.01368409 0.03300255 -0.006376445 -0.01824134 0.03683936 -0.01228302 -0.01578748 0.03525495 0.003212571 -0.01362174 0.04087775 -0.001795709 -0.01661849 0.03921067 0.006820023 -0.007479131 0.04193902 -0.01246523 -0.01263815 0.03728765 -0.008827924 -0.0132662 0.03927177 0.001581013 -0.01145178 0.04193437 -0.003722131 -0.01374113 0.04069155 -0.01542919 -0.005803704 0.03690093 -0.01303768 -0.009910404 0.03804415 -0.00440526 -0.01037901 0.04192405 -0.0131551 -0.005845427 0.03888887 -0.00902158 -0.008381426 0.04086869 -0.009694099 -0.00466758 0.04105943 -0.00756973 -0.005236089 0.04191792 0.02051275 0.003503978 0.02450364 0.01863455 0.00767076 0.02358686 0.02086251 6.03081e-4 0.02725237 0.01412153 0.01272422 0.02514946 0.01778501 0.006844401 0.02886009 0.01121562 0.01393681 0.02780252 0.007504582 0.01649129 0.02520138 0.003431797 0.01765513 0.02429014 -0.00147593 0.01799875 0.02363818 0.01397353 0.01023918 0.03088355 0.01625949 0.004464328 0.03375071 0.005157113 0.01630789 0.02848452 5.23961e-4 0.01676654 0.02912497 0.01123845 0.01044142 0.03383797 -0.00703907 0.01677703 0.02430653 0.007467389 0.01296097 0.03352403 -0.004470527 0.01628279 0.02917218 -0.01020509 0.01463639 0.02756041 -0.01429575 0.01209765 0.02672749 -0.01419335 0.01311326 0.02124959 -0.0185554 0.007341802 0.02577477 0.01323419 0.003219783 0.0375148 0.002844691 0.01391673 0.03396499 -0.02117896 0.001771271 0.02383589 0.01140475 -0.00264132 0.04019141 0.007986307 0.006704509 0.03894519 -0.002017498 0.01308053 0.03523153 0.009669125 0.001606464 0.04031366 0.002791643 0.01064378 0.03764683 -0.006164371 0.0122016 0.03512394 -0.009757041 0.01213753 0.03289151 -0.02046751 8.37985e-4 0.02809906 -0.012501 0.009858787 0.03314679 -0.01570975 0.007772505 0.03145617 -0.01824975 0.003614366 0.03123712 -0.02003353 -0.00213629 0.03046065 0.003516197 0.006448805 0.04042291 -0.01641243 0.003425717 0.0340873 0.007187843 -0.001237452 0.0419287 0.004466295 0.002229273 0.04193127 -0.001916587 0.007994055 0.03976529 -0.006386399 0.008123278 0.03859609 -0.01189905 0.00679785 0.03657662 -0.01750075 -0.002643287 0.0346769 4.61842e-4 0.003810346 0.04190188 -0.01122879 0.004664123 0.03821837 -0.01467937 3.86964e-4 0.03723359 -0.003526329 0.002917826 0.04193872 -0.006804287 0.003960013 0.04073655 -0.009265899 4.73101e-4 0.04081368 -0.01215785 -0.001260757 0.03944313 -0.006922543 -9.4468e-4 0.04194313</float_array>
          <technique_common>
            <accessor source="#shape0_002-mesh-positions-array" count="125" stride="3">
              <param name="X" type="float"/>
              <param name="Y" type="float"/>
              <param name="Z" type="float"/>
            </accessor>
          </technique_common>
        </source>
        <source id="shape0_002-mesh-normals">
          <float_array id="shape0_002-mesh-normals-array" count="375">0.2287948 0.0782836 0.970322 0.527524 0.05022585 0.8480542 0.4291538 0.263653 0.8638947 0.9600988 -0.268935 0.07670962 0.8708751 -0.488583 0.05351138 0.9968855 -0.02770221 0.07383704 0.8337783 -0.5142198 0.2009773 0.5073642 -0.8423336 0.1818125 0.5813892 -0.8124985 0.04281288 0.7062409 -0.6903067 0.1571636 0.8927609 -0.3093173 0.3275682 0.9770868 -0.03474444 0.2099863 0.3359513 -0.8809556 0.3332477 0.2886452 -0.9525651 0.09645599 0.6737319 -0.607115 0.4213038 0.8291742 -0.1979521 0.522767 0.8948349 0.04718232 0.4438968 -0.1266509 -0.9804974 0.1502814 -0.02738386 -0.9980693 0.05574738 0.1481554 -0.973254 0.1755753 0.4924417 -0.753143 0.4362072 0.08833897 -0.9072459 0.411219 -0.07748824 -0.918713 0.3872492 0.6020818 -0.475743 0.6412224 0.7454863 -0.3877516 0.5421244 -0.7193048 -0.6547732 0.2321052 -0.7329499 -0.679037 0.04114937 -0.590263 -0.7913402 0.1592813 -0.325241 -0.920263 0.2175648 0.4615036 -0.5801576 0.6711421 0.1640324 -0.7921855 0.5878227 0.3414299 -0.7253705 0.5977151 -0.2456066 -0.8381923 0.4869405 -0.9466121 -0.1729067 0.2720824 -0.9843254 -0.1437458 0.1021804 -0.9242938 -0.3535055 0.143927 -0.8217786 -0.4556999 0.3420783 -0.8450451 -0.5114222 0.1560325 -0.1250219 -0.7635482 0.6335327 0.6499106 -0.195958 0.7343137 0.758925 0.0521112 0.6490896 -0.6106898 -0.6623954 0.4339243 -0.4385312 -0.8124791 0.3841458 0.2582814 -0.5786681 0.7735852 0.05218708 -0.67233 0.7384098 0.4590623 -0.1375274 0.8776947 0.4257387 -0.3570093 0.8314392 -0.8036738 -0.2707905 0.5298877 -0.4380251 -0.6728616 0.596147 -0.8554928 -0.1116821 0.5056275 -0.7122378 -0.4494973 0.5391378 0.1521966 -0.4394111 0.8852989 0.214354 -0.1179848 0.969604 -0.5765815 -0.3945011 0.7154878 -0.5526729 -0.540685 0.6342023 -0.162603 -0.4519538 0.8770964 -0.296014 -0.6371023 0.7116717 -0.08119517 -0.5680688 0.818966 -0.7081438 -0.08675467 0.7007183 -0.6001501 -0.2638958 0.755102 -0.3911022 -0.4297162 0.8138692 -0.1482979 -0.2069306 0.967051 0.04492855 -0.2370365 0.9704614 -0.5920707 -0.07832437 0.8020708 -0.4071503 -0.2135579 0.8880437 -0.4446566 -0.01965665 0.8954855 -0.2246679 -0.04012018 0.9736092 -0.4053234 -0.9117112 0.06705075 -0.7917148 0.06829261 0.6070618 -0.9052204 0.07725971 0.41786 -0.9908687 0.03133982 0.131138 0.9378319 0.2108522 0.2757042 0.9472522 0.3158164 0.05452924 0.6353005 0.7553517 0.1607391 0.8422518 0.5341613 0.07268941 0.7200708 0.6921899 0.04869449 0.8061578 0.4829494 0.3418617 0.3595365 0.9145948 0.1850675 0.380552 0.9227672 0.06067037 0.6412046 0.6364224 0.4287461 0.4909245 0.8155722 0.306325 0.7419252 0.3699085 0.5592091 0.2424755 0.9067298 0.3450316 0.1491103 0.9820028 0.1159173 0.5077387 0.6331806 0.584195 0.3371497 0.7612042 0.5539841 -0.2077208 0.9059497 0.3689271 -0.08928316 0.9895369 0.1133378 -0.3159776 0.9381048 0.1418367 -0.4613229 0.8403553 0.284577 -0.3782603 0.92269 0.07458233 -0.6347819 0.7647749 0.1103239 -0.8346889 0.5113115 0.2045857 -0.8511378 0.5191217 0.07795697 0.601303 0.3264664 0.7292835 0.1200072 0.8155484 0.566109 -0.9508692 0.2754798 0.1412754 0.3695004 0.4908963 0.7889806 -0.08795654 0.7717772 0.6297806 0.02036678 0.9306898 0.365242 0.1338033 0.6564842 0.7423781 -0.4392819 0.7348716 0.5167158 -0.9269376 0.2257641 0.2996953 -0.7116336 0.5366704 0.4533901 -0.6487941 0.7185937 0.2503783 -0.569064 0.6305261 0.5278286 -0.8317216 0.3364038 0.4416692 0.1597421 0.4719682 0.8670229 0.1520022 0.1997712 0.9679808 -0.08792126 0.5472671 0.8323273 -0.2797689 0.7261039 0.6280944 -0.535234 0.4933034 0.685694 -0.7360143 0.3283258 0.592018 0.01198035 0.2560536 0.9665884 -0.5039067 0.3687714 0.7810798 -0.2931215 0.5540946 0.7791399 -0.6615844 0.1960524 0.7237884 -0.1067345 0.2206548 0.9694943 -0.3076436 0.3651869 0.8786319 -0.4257996 0.1994627 0.8825585 -0.5550938 0.1202606 0.8230483 -0.2104413 0.08375567 0.974012 -0.007407367 0.9997329 0.02189135 -0.9710338 0.2317567 0.05815792 0.9274393 0.3384828 0.1590149</float_array>
          <technique_common>
            <accessor source="#shape0_002-mesh-normals-array" count="125" stride="3">
              <param name="X" type="float"/>
              <param name="Y" type="float"/>
              <param name="Z" type="float"/>
            </accessor>
          </technique_common>
        </source>
        <vertices id="shape0_002-mesh-vertices">
          <input semantic="POSITION" source="#shape0_002-mesh-positions"/>
        </vertices>
        <triangles material="green_glass-material" count="231">
          <input semantic="VERTEX" source="#shape0_002-mesh-vertices" offset="0"/>
          <input semantic="NORMAL" source="#shape0_002-mesh-normals" offset="1"/>
          <p>111 0 97 1 100 2 14 3 8 4 7 5 16 6 8 4 14 3 18 7 9 8 17 9 19 10 16 6 14 3 19 10 14 3 15 11 22 12 10 13 18 7 23 14 17 9 16 6 23 14 16 6 19 10 25 15 19 10 20 16 26 17 24 18 21 19 21 19 10 13 22 12 27 20 22 12 18 7 27 20 18 7 23 14 30 21 21 19 22 12 33 22 26 17 30 21 34 23 23 14 28 24 36 25 12 26 32 27 33 22 29 28 26 17 37 29 23 14 34 23 40 30 30 21 22 12 41 31 22 12 27 20 44 32 29 28 33 22 45 33 13 34 39 35 47 36 39 35 35 37 48 38 33 22 30 21 97 1 38 39 31 40 49 41 36 25 32 27 49 41 32 27 43 42 50 43 40 30 41 31 50 43 41 31 37 29 47 36 35 37 36 25 52 44 48 38 40 30 52 44 40 30 50 43 53 45 46 46 38 39 54 47 45 33 47 36 51 48 43 42 44 32 55 49 45 33 54 47 56 50 47 36 49 41 59 51 50 43 46 46 61 52 46 46 53 45 62 53 56 50 58 54 65 55 57 56 60 57 65 55 60 57 59 51 66 58 55 49 54 47 67 59 54 47 62 53 62 53 58 54 63 60 68 61 65 55 64 62 69 63 66 58 67 59 70 64 67 59 63 60 70 64 63 60 68 61 71 65 69 63 70 64 71 65 70 64 72 66 35 37 39 35 12 26 12 26 11 67 32 27 24 18 10 13 21 19 9 8 18 7 10 13 7 5 15 11 14 3 97 1 111 0 61 52 53 45 97 1 61 52 61 52 64 62 59 51 70 64 68 61 72 66 9 8 8 4 17 9 11 67 24 18 26 17 67 59 70 64 69 63 65 55 68 61 63 60 62 53 63 60 67 59 54 47 67 59 66 58 55 49 66 58 116 68 59 51 64 62 65 55 57 56 65 55 63 60 56 50 62 53 54 47 51 48 57 56 63 60 51 48 63 60 58 54 46 46 61 52 59 51 48 38 60 57 57 56 52 44 59 51 60 57 52 44 60 57 48 38 50 43 59 51 52 44 49 41 51 48 58 54 49 41 58 54 56 50 47 36 56 50 54 47 44 32 48 38 57 56 44 32 57 56 51 48 45 33 55 49 108 69 37 29 46 46 50 43 38 39 97 1 53 45 43 42 51 48 49 41 36 25 49 41 47 36 39 35 47 36 45 33 34 23 46 46 37 29 30 21 40 30 48 38 33 22 48 38 44 32 38 39 46 46 34 23 13 34 45 33 42 70 28 24 38 39 34 23 29 28 44 32 43 42 29 28 43 42 32 27 27 20 37 29 41 31 22 12 41 31 40 30 25 15 31 40 38 39 25 15 38 39 28 24 23 14 37 29 27 20 12 26 36 25 35 37 11 67 29 28 32 27 20 16 31 40 25 15 21 19 30 21 26 17 26 17 29 28 11 67 19 10 25 15 28 24 19 10 28 24 23 14 17 9 23 14 18 7 15 11 20 16 19 10 16 6 17 9 8 4 75 71 7 5 6 72 76 73 74 74 5 75 77 76 74 74 76 73 20 16 15 11 75 71 79 77 76 73 4 78 82 79 77 76 76 73 82 79 76 73 78 80 83 81 75 71 77 76 84 82 79 77 80 83 31 40 20 16 83 81 86 84 82 79 78 80 88 85 78 80 84 82 89 86 81 87 87 88 90 89 2 90 92 91 86 84 83 81 82 79 93 92 92 91 1 93 94 94 31 40 83 81 95 95 88 85 84 82 94 94 83 81 86 84 93 92 1 93 96 96 97 1 31 40 94 94 98 97 94 94 86 84 98 97 86 84 88 85 99 98 85 99 89 86 101 100 88 85 95 95 103 101 89 86 90 89 104 102 93 92 96 96 106 103 91 104 93 92 108 69 104 102 42 70 105 105 91 104 106 103 107 106 93 92 104 102 109 107 98 97 101 100 112 108 100 2 98 97 113 109 101 100 99 98 113 109 99 98 102 110 115 111 102 110 103 101 115 111 103 101 105 105 115 111 105 105 106 103 115 111 106 103 110 112 117 113 109 107 113 109 116 68 108 69 55 49 118 114 114 115 115 111 119 116 115 111 110 112 119 116 110 112 116 68 120 117 117 113 113 109 121 118 113 109 114 115 121 118 114 115 118 114 122 119 121 118 118 114 123 120 118 114 119 116 69 63 119 116 66 58 124 121 120 117 121 118 71 65 123 120 69 63 124 121 122 119 72 66 74 74 6 72 5 75 76 73 5 75 4 78 80 83 4 78 3 122 81 87 3 122 2 90 109 107 117 113 112 108 42 70 0 123 13 34 122 119 71 65 72 66 123 120 71 65 122 119 121 118 122 119 124 121 119 116 69 63 123 120 118 114 123 120 122 119 116 68 66 58 119 116 113 109 121 118 120 117 115 111 119 116 118 114 107 106 116 68 110 112 102 110 115 111 114 115 108 69 116 68 107 106 102 110 114 115 113 109 101 100 113 109 109 107 98 97 109 107 112 108 100 2 112 108 111 0 104 102 108 69 107 106 107 106 110 112 106 103 95 95 99 98 101 100 42 70 45 33 108 69 93 92 107 106 106 103 91 104 105 105 103 101 94 94 98 97 100 2 94 94 100 2 97 1 90 89 91 104 103 101 89 86 103 101 102 110 89 86 102 110 99 98 88 85 101 100 98 97 96 96 42 70 104 102 85 99 99 98 95 95 0 123 42 70 96 96 0 123 96 96 1 93 92 91 93 92 91 104 87 88 90 89 89 86 84 82 85 99 95 95 92 91 91 104 90 89 2 90 90 89 87 88 81 87 89 86 85 99 80 83 85 99 84 82 78 80 88 85 86 84 77 76 82 79 83 81 2 90 87 88 81 87 81 87 85 99 80 83 79 77 84 82 78 80 75 71 83 81 20 16 3 122 81 87 80 83 4 78 80 83 79 77 76 73 79 77 78 80 73 124 77 76 75 71 74 74 77 76 73 124 6 72 73 124 75 71 7 5 75 71 15 11 74 74 73 124 6 72 61 52 72 66 68 61 117 113 120 117 124 121 111 0 112 108 124 121 64 62 61 52 68 61 112 108 117 113 124 121 124 121 61 52 111 0 61 52 124 121 72 66</p>
        </triangles>
      </mesh>
    </geometry>
    <geometry id="shape0_003-mesh" name="shape0.003">
      <mesh>
        <source id="shape0_003-mesh-positions">
          <float_array id="shape0_003-mesh-positions-array" count="2298">-0.005605459 0.03536927 -0.003850281 -0.005216002 0.0301693 -0.005952 -0.004812479 0.03536927 -0.006623566 -0.003189921 0.03536927 -0.008455097 -0.00322479 0.0301693 -0.008415877 -9.95772e-5 0.0301693 -0.009519338 -0.001051068 0.03536927 -0.009319365 0.001251339 0.03536927 -0.009317457 0.003188252 0.0301693 -0.008455097 0.003677666 0.03536927 -0.008054077 0.00531435 0.0301693 -0.005729258 0.005163311 0.03536927 -0.005931079 0.005524754 0.03536927 -0.003510177 0.00517416 0.0301693 -0.001702368 0.004765868 0.03536927 -0.001032829 0.002982318 0.0301693 7.81417e-4 0.002932727 0.03536927 8.00065e-4 4.73368e-5 0.03536927 0.001706123 8.18962e-4 0.0301693 0.001570165 -0.002054274 0.0301693 0.001316606 -0.002726018 0.03536927 9.13191e-4 -0.00455749 0.03536927 -7.09407e-4 -0.004611015 0.0301693 -7.87387e-4 -0.00546956 0.0301693 -0.003078579 0.007749319 0.02589458 4.34888e-4 0.007999777 0.0265693 -1.36698e-5 0.00824213 0.02589261 4.50049e-4 0.007672548 0.02656942 7.63106e-4 0.007215559 0.02591687 7.82752e-4 0.006865859 0.02656942 0.001099765 0.008325517 0.02656942 7.63106e-4 0.008781075 0.02591574 7.60357e-4 0.009122788 0.0265693 0.001093745 0.007999002 0.02546942 0.001101434 0.008325278 0.02656942 0.001439929 0.0082497 0.02589309 0.001766622 0.008789479 0.02591633 0.001415014 0.007998943 0.0265693 0.002217411 0.007755935 0.02589321 0.001753211 0.007210791 0.0259152 0.001436412 0.007672548 0.02656942 0.00143975 0.007541596 0.02656167 0.003078103 0.006398499 0.02653884 0.00233525 0.005974113 0.02655845 0.00120455 0.008678495 0.02655476 0.002987742 0.009585976 0.02653795 0.002378582 0.008195042 0.02655565 -8.97103e-4 0.00715816 0.02655398 -7.14027e-4 0.009507894 0.02654844 -2.96221e-4 0.006386578 0.02654546 -1.12849e-4 0.0100125 0.02655327 0.001157343 0.008511185 0.02558577 0.003060162 0.00948286 0.02559036 0.002447009 0.009994566 0.02558779 0.001428008 0.009694933 0.02558362 -2.55936e-5 0.00835663 0.02558833 -9.06651e-4 0.007001399 0.02559167 -6.45776e-4 0.006165564 0.02558881 2.46848e-4 0.006017684 0.02557998 0.001375496 0.006397724 0.0255925 0.00232923 0.007318317 0.02558845 0.002989292 0.009239017 0.02555871 0.001026988 0.008405506 0.02555674 0.00225985 0.008148431 0.02555817 -1.6018e-4 0.00677222 0.02555716 8.28051e-4 0.008000195 0.02547025 0.002147436 0.007484436 0.02548593 0.001974165 0.007078588 0.02545326 0.001596987 0.006961226 0.02545297 9.67246e-4 0.007157266 0.02544778 4.91907e-4 0.007545351 0.02545124 1.58202e-4 0.008055508 0.0254504 6.11848e-5 0.008633852 0.0254572 2.66617e-4 0.008994877 0.02544945 7.92832e-4 0.00902903 0.02544784 0.001240253 0.008843362 0.02545249 0.001718521 0.008401155 0.02544707 0.002064526 -0.008251786 0.02589458 4.35252e-4 -0.008000612 0.0265693 -1.46036e-5 -0.007757604 0.02589261 4.50049e-4 -0.008327066 0.02656942 7.63022e-4 -0.008783936 0.02591663 7.83109e-4 -0.009133815 0.02656942 0.001099765 -0.007674217 0.02656942 7.63106e-4 -0.007218897 0.02591544 7.60664e-4 -0.006876945 0.0265693 0.001093745 -0.008000731 0.02546942 0.001101434 -0.007674336 0.02656942 0.001439929 -0.007751405 0.02589356 0.001767396 -0.007210016 0.02591663 0.001415133 -0.008001446 0.0265693 0.002216458 -0.008243858 0.02589261 0.001752734 -0.008789241 0.02591544 0.001436471 -0.008327245 0.02656942 0.00143975 -0.01002132 0.02655398 0.001311123 -0.008841514 0.02655398 -7.14027e-4 -0.006712198 0.02655047 0.002676486 -0.009259045 0.02654927 0.002709627 -0.007778584 0.0265541 -8.98309e-4 -0.007966816 0.02655225 0.003107309 -0.009678184 0.02653932 -4.26539e-5 -0.006878197 0.02654445 -5.55807e-4 -0.006112337 0.02655029 3.41078e-4 -0.006059408 0.02655071 0.001595795 -0.008082091 0.0255782 0.003104209 -0.006742656 0.02558887 0.002709448 -0.006019592 0.02559131 0.001478195 -0.006174743 0.02558439 2.43839e-4 -0.006911695 0.02558439 -5.76055e-4 -0.007996439 0.02559977 -9.3237e-4 -0.008893251 0.02558082 -6.85544e-4 -0.009778678 0.02558416 1.23021e-4 -0.009950041 0.02558469 0.001711726 -0.009060323 0.02559894 0.002821803 -0.006952941 0.02555698 0.001769006 -0.007047176 0.0255602 3.06053e-4 -0.008318662 0.02556037 -7.89682e-5 -0.007999539 0.02547025 0.002147436 -0.008515 0.02544903 0.002008736 -0.00890094 0.02548313 0.001582384 -0.009038507 0.02545297 9.67243e-4 -0.008840501 0.0254966 5.57028e-4 -0.008454322 0.02545124 1.58201e-4 -0.007944226 0.0254504 6.11848e-5 -0.008146107 0.02555912 0.002290189 -0.007477283 0.02544939 1.99738e-4 -0.007076323 0.02545237 6.12204e-4 -0.006960809 0.02544945 0.001176357 -0.007156372 0.02545249 0.001718521 -0.007598519 0.02544707 0.002064526 0.007747948 0.02589458 -0.009564578 0.007999122 0.0265693 -0.01001447 0.008242189 0.02589261 -0.009549736 0.007672607 0.02656942 -0.009236812 0.007215738 0.02591663 -0.009216725 0.006865859 0.02656942 -0.008900046 0.008325517 0.02656942 -0.009236752 0.008780837 0.02591544 -0.009239196 0.009122788 0.0265693 -0.008906066 0.007999002 0.02546942 -0.008898437 0.008325278 0.02656942 -0.008559823 0.00824964 0.02589315 -0.00823301 0.008789777 0.02591663 -0.008584618 0.007999598 0.02656942 -0.007783353 0.007755935 0.02589333 -0.008246481 0.007210493 0.02591544 -0.00856328 0.007672607 0.02656942 -0.008560001 0.008286356 0.0265488 -0.006894648 0.009523689 0.02655529 -0.007543802 0.007214546 0.02655082 -0.007058203 0.005972266 0.02653694 -0.008893191 0.008767962 0.02655106 -0.01075267 0.009655714 0.02654439 -0.01005059 0.007591128 0.02655321 -0.01087611 0.01001417 0.02655857 -0.00888592 0.006380856 0.02655667 -0.01012951 0.006361067 0.02655261 -0.007716715 0.009260654 0.02558547 -0.00730139 0.009962499 0.02558279 -0.008475899 0.009850203 0.0255903 -0.009744226 0.008933424 0.02558594 -0.01067513 0.007713556 0.02558881 -0.01090508 0.00641942 0.02558326 -0.01017469 0.005972743 0.02560091 -0.008903682 0.006351709 0.02557641 -0.007725358 0.007671177 0.02559232 -0.006879568 0.009239017 0.02555871 -0.008972764 0.008557438 0.0255571 -0.007823288 0.008129656 0.02555626 -0.01016151 0.006775796 0.02555948 -0.009181141 0.007997512 0.02548313 -0.007863759 0.00748533 0.02549135 -0.008030176 0.007078588 0.02545326 -0.008402764 0.006961226 0.02545297 -0.009032607 0.007157266 0.02544778 -0.009507954 0.007545351 0.0254513 -0.00984162 0.008055508 0.0254504 -0.009938657 0.008579254 0.02545225 -0.009768664 0.008976936 0.02545237 -0.009269356 0.00902903 0.02544784 -0.008759558 0.008843362 0.02545249 -0.00828129 0.008401155 0.02544707 -0.007935225 -0.008250355 0.02589404 -0.009564518 -0.008000016 0.0265693 -0.01001352 -0.007757604 0.02589321 -0.009550273 -0.008327245 0.02656942 -0.009236752 -0.008790373 0.02591621 -0.009211063 -0.009133815 0.02656942 -0.008900046 -0.007674217 0.02656942 -0.009236752 -0.007212877 0.02591538 -0.009233951 -0.006876945 0.0265693 -0.008906066 -0.008000731 0.02546942 -0.008898437 -0.007674396 0.02656942 -0.008559823 -0.007750034 0.02589315 -0.00823301 -0.007216632 0.02591687 -0.008579015 -0.008000135 0.02656942 -0.007783353 -0.008243799 0.02589333 -0.008246481 -0.008782625 0.0259155 -0.008557796 -0.008327066 0.02656942 -0.008560001 -0.01001739 0.02655166 -0.008664369 -0.007877051 0.02655559 -0.006899297 -0.009061992 0.02655637 -0.01060664 -0.009748995 0.02653867 -0.00990355 -0.007581055 0.02655476 -0.01090431 -0.006059408 0.02655071 -0.008403956 -0.006148636 0.02654629 -0.009791612 -0.006702542 0.02654737 -0.00733155 -0.009221553 0.02654939 -0.007252573 -0.006396532 0.02558726 -0.007664144 -0.006036639 0.0255835 -0.008559882 -0.006136298 0.02558368 -0.009716212 -0.007066309 0.02558594 -0.01067513 -0.008286118 0.02558881 -0.01090508 -0.009550869 0.02558761 -0.01020663 -0.01001161 0.025586 -0.008975684 -0.009774923 0.02558714 -0.007967174 -0.009019732 0.02558344 -0.007159233 -0.007679939 0.02559679 -0.006877422 -0.006760716 0.02555871 -0.008972764 -0.007931113 0.02555674 -0.01018083 -0.008010923 0.02550208 -0.007878303 -0.008515 0.02544903 -0.007991015 -0.00890094 0.02548313 -0.008417367 -0.009038507 0.02545297 -0.009032607 -0.008840262 0.02549982 -0.009438693 -0.008454322 0.0254513 -0.00984162 -0.007944226 0.0254504 -0.009938657 -0.00742048 0.02545225 -0.009768664 -0.007022798 0.02545237 -0.009269356 -0.006970643 0.02544784 -0.008759558 -0.007156372 0.02545249 -0.00828129 -0.007586479 0.02549016 -0.007978439 -0.001578152 0.03378444 -0.001832008 -0.001964569 0.03386497 -0.001736044 -0.001995444 0.03374683 -0.001391828 -0.001597344 0.03381651 -0.001414418 -0.002178311 0.026398 -0.001758456 -0.00167793 0.02643913 -0.002019464 -0.00132668 0.0264405 -0.001547217 -0.002159059 0.02642804 -0.001345098 -0.001655817 0.0264216 -0.001146554 0.003792703 0.02636945 -0.005549192 0.00176388 0.02638942 -0.006085753 0.002807617 0.02644133 -0.005429983 0.001149535 0.02638942 -0.003783226 0.004127264 0.02636945 -0.003532826 0.002473115 0.02643024 -0.004590988 0.003148794 0.02642208 -0.005075991 0.002423048 0.0264452 -0.005333006 0.002252995 0.02643728 -0.004923105 0.002948403 0.0264436 -0.004700899 3.28678e-4 0.02639698 -0.005394995 -0.001241087 0.02638524 -0.003619194 -0.001003742 0.02640014 -0.006160378 -0.002251267 0.02636945 -0.005268394 0.002381086 0.02639514 -0.003106594 4.41893e-4 0.02640783 -9.92042e-4 6.4264e-4 0.02638363 -0.003703892 -1.98696e-4 0.02640938 -0.004563689 0.002699375 0.02640205 -0.002697706 -5.28439e-4 0.02639365 -0.003086388 1.96994e-4 0.02643334 -0.001433253 -2.37407e-4 0.02643865 -0.00137645 -3.31829e-4 0.02643328 -6.49988e-4 -0.002301514 0.02644801 -0.00475955 -0.001516044 0.02636945 -4.87776e-5 -6.23937e-4 0.0264151 -0.003745019 -0.001017332 0.02644848 -0.002933382 -0.001431286 0.02642434 -0.003298223 0.002099037 0.0264151 -0.001998186 0.002171397 0.02645802 -0.001411378 0.001771748 0.0264182 -0.001153588 0.001333892 0.02643412 -0.001506209 0.001495122 0.02644217 -0.001974046 0.003162205 0.02636945 -0.001149356 0.002551794 0.02641946 -0.00358963 0.003145635 0.02642452 -0.003536581 0.001429498 0.02641946 -0.003398716 0.00112915 0.02639544 -0.002883315 5.25322e-4 0.02644366 -0.003329396 -4.25471e-4 0.02643734 -0.004984796 -1.97065e-4 0.02644515 -0.005362689 3.91543e-4 0.02644217 -0.004739344 -0.001679897 0.02644038 -0.006018877 -0.001086652 0.02642273 -0.006798923 -6.17208e-4 0.02636945 -0.007969319 -0.00161767 0.0264244 -0.006788313 -0.002224624 0.02636945 -0.007387161 -0.001906633 0.02642434 -0.006372213 -0.003566086 0.02636945 -0.00599724 -0.0028705 0.02643024 -0.004590988 -0.002873539 0.02642756 -0.005386233 -0.00309062 0.02643275 -0.004923105 -0.004114449 0.02636945 -0.004256904 -0.002701044 0.02642601 -0.003622472 -0.003203094 0.02644449 -0.0032866 -0.003904581 0.02636945 -0.002552807 -0.003206849 0.02640581 -0.002887785 -0.002321839 0.0264216 -0.003133594 -0.002717196 0.02643942 -0.002756059 -0.00301975 0.02636945 -0.001081228 7.23286e-4 0.02636945 2.04656e-4 2.2536e-4 0.02639436 -5.63437e-4 0.003194749 0.02643287 -0.002966821 0.002707064 0.02636945 -0.007015705 0.001791656 0.0264312 -0.006788015 6.91856e-4 0.02636945 -0.008004188 9.49308e-4 0.02642434 -0.006372213 0.001195967 0.02644687 -0.006060898 5.69434e-4 0.02636945 -0.007208347 0.001238167 0.02641946 -0.006788313 3.89318e-6 0.02636945 -0.006814122 -5.70658e-4 0.02636945 -0.007202923 5.88374e-4 0.03506928 -0.007969439 5.38218e-4 0.03506928 -0.007089257 -5.98607e-4 0.03506928 -0.007962703 -4.08327e-4 0.03506928 -0.006883144 -0.003485262 0.03633564 -0.006238162 -0.001507163 0.03633219 -0.007813453 6.56409e-4 0.03632771 -0.008035421 0.002342343 0.03633219 -0.007368803 0.003865659 0.03626829 -0.005420804 0.004094183 0.03626853 -0.003301978 -4.0506e-4 0.02646934 -0.001091003 -0.002519369 0.02646946 -0.00540477 8.61598e-4 0.02646934 -0.002924263 0.003369092 0.0363332 -0.001387715 0.001454055 0.03633582 1.4692e-5 -2.41409e-4 0.03633397 2.47477e-4 -0.002227008 0.03633511 -3.31974e-4 -0.003575623 0.03633689 -0.001758933 -0.004193067 0.03633499 -0.003796458 0.004247426 0.03636878 -0.004210889 0.003390312 0.03636908 -0.006455004 1.75383e-5 0.03383708 -7.21377e-4 -1.8366e-4 0.03386682 -0.001125276 2.05771e-4 0.033755 -0.001239538 -0.002741277 0.03377133 -0.004732847 -0.002903044 0.03364259 -0.005277395 -0.002347052 0.03366798 -0.005080819 -0.002639472 0.03387957 -0.005105972 -7.00704e-4 0.0264694 -0.003589332 -6.1786e-4 0.03364664 -0.003288984 -9.24116e-4 0.03370481 -0.003025293 -0.001282513 0.0336616 -0.003432095 -8.11682e-4 0.03367531 -0.003630042 -9.53628e-4 0.03387862 -0.00334835 -0.002591848 0.02646934 -0.003454089 -0.00256592 0.03365015 -0.002951741 -0.002908885 0.03361874 -0.002863705 -0.003119528 0.03365737 -0.003130078 -0.002915084 0.0336821 -0.003467321 -0.002508342 0.0337072 -0.003210604 -0.002830982 0.03387898 -0.003075778 -0.002608299 0.03382152 -0.003160119 -0.002630174 0.03383576 -0.003160119 -0.002653539 0.03384768 -0.003160119 -0.001131594 0.02646934 -0.006544291 -0.001375198 0.02646934 -0.006084263 -0.001358807 0.03362071 -0.006108105 -0.001768827 0.03363043 -0.006405115 -0.001505672 0.03368777 -0.006729066 -0.001109898 0.03367024 -0.006453037 -0.00161612 0.03386646 -0.006425797 -0.001354098 0.03387141 -0.006277978 0.002046883 0.03377932 -0.001465201 0.001545131 0.03376555 -0.001410365 0.00168246 0.0337584 -0.001890957 0.001769483 0.03388082 -0.001585125 0.003099322 0.02646934 -0.003283739 0.002648115 0.02646934 -0.003458023 0.003114402 0.03365707 -0.003152132 0.002894759 0.03370624 -0.002864301 0.002465069 0.03367131 -0.003148496 0.002794325 0.03361999 -0.003473401 0.002966344 0.03382366 -0.00336349 0.002767384 0.03387552 -0.003127098 0.003000438 0.03382152 -0.003160119 0.002978444 0.03383576 -0.003160119 0.002955198 0.03384768 -0.003160119 0.001158714 0.02646934 -0.003626585 0.001293838 0.0336405 -0.003302693 8.41806e-4 0.03386777 -0.003141999 6.81827e-4 0.03364282 -0.003532171 0.001079261 0.03367155 -0.003632545 0.001035988 0.03387463 -0.003342866 8.57438e-5 0.0264694 -0.004676282 3.14102e-4 0.03366512 -0.005000889 6.73275e-5 0.03382539 -0.004744708 -2.50436e-4 0.03362524 -0.004763782 -2.24384e-4 0.03385478 -0.005066037 1.3757e-4 0.03386455 -0.005212724 1.96093e-4 0.03382152 -0.004998445 1.74147e-4 0.03383576 -0.004998445 1.50832e-4 0.03384768 -0.004998445 0.001781523 0.02646934 -0.006371498 0.001475214 0.03380101 -0.006143689 0.001087129 0.03363043 -0.006405115 0.001350224 0.03368777 -0.006729066 0.001745939 0.03366565 -0.006459057 0.001287043 0.0338782 -0.006421506 0.001578748 0.03384768 -0.00642246 0.001623988 0.03382152 -0.00642246 0.001602113 0.03383576 -0.00642246 0.002602458 0.03377133 -0.004732847 0.002440631 0.03364259 -0.005277395 0.002996563 0.03366798 -0.005080819 0.002704203 0.03387957 -0.005105972 7.06936e-4 0.03634989 0.001139104 0.002363324 0.03634732 6.09211e-4 0.003729224 0.03631335 -3.70337e-4 -0.004319489 0.03635507 -0.00112313 -0.001304984 0.03634732 0.001035571 0.004786968 0.03633934 -0.002170026 0.005104959 0.03634285 -0.004261136 0.002263188 0.03634011 -0.008482992 -0.005094826 0.03634929 -0.00360924 0.004205465 0.03633648 -0.00682348 -0.004402339 0.03634166 -0.00645107 -1.56591e-4 0.03632551 -0.009021937 -0.002783656 0.03634774 -0.008220255 -0.005063354 0.03627043 -0.004784286 -0.002672255 0.03626996 4.88469e-4 -0.004230201 0.03544777 -8.91029e-4 -0.00285536 0.03545594 3.81255e-4 -0.00121665 0.03545725 0.00112015 8.64459e-4 0.03545784 0.001187086 0.002672255 0.03544825 5.34724e-4 0.003915727 0.03545564 -5.66111e-4 0.004758358 0.03545939 -0.001921772 0.005177855 0.0354675 -0.004120171 0.004627943 0.03545624 -0.006140351 0.003767073 0.03545594 -0.007420003 0.002477586 0.03545778 -0.008420348 9.42725e-4 0.03545618 -0.008955419 -7.52931e-4 0.03545749 -0.009007871 -0.002321362 0.03545778 -0.008495092 -0.003687024 0.03545862 -0.007495582 -0.004800081 0.03545957 -0.005815804 -0.00516057 0.03545933 -0.0033921 -0.004358947 0.03536427 -5.32855e-4 -0.001747727 0.03536224 0.001240313 5.68786e-4 0.03536486 0.001509547 0.002595067 0.03536224 8.4787e-4 0.004359543 0.03536224 -6.29212e-4 0.005355477 0.03536528 -0.002951264 0.005082786 0.03536176 -0.005889475 0.003572285 0.03536313 -0.007972657 0.001437962 0.03536468 -0.009168267 -0.001660466 0.03536438 -0.009089052 -0.004510462 0.03536152 -0.007083237 -0.005443215 0.03536158 -0.003712058 0.001853585 0.03477025 -0.009661734 0.003772974 0.03476965 -0.008583843 0.005409598 0.03477114 -0.006674945 0.006031632 0.03476989 -0.003915131 0.005365431 0.03477174 -0.001004815 0.003424406 0.03476977 0.001056492 0.001576602 0.03476989 0.001924037 -4.57147e-4 0.03476977 0.002107799 -0.002586901 0.03477007 0.001562774 -0.004472613 0.03476989 1.50471e-4 -0.005753397 0.03477025 -0.002011179 -0.006007194 0.03476977 -0.004354715 -0.005402982 0.03477025 -0.006631672 -0.003692865 0.03477007 -0.008682131 -0.001123487 0.0347706 -0.009860813 0.001430511 0.02912729 0.001893103 0.003642261 0.02910542 8.20555e-4 0.004869699 0.02926886 -3.39133e-4 0.005633354 0.02912586 -0.001992464 0.005962014 0.02912944 -0.003830075 0.005475044 0.02911859 -0.00629121 0.003952622 0.02926808 -0.008500635 0.001584529 0.02913451 -0.009650766 -3.53508e-4 0.02911907 -0.009834766 -0.002159595 0.02912008 -0.009461998 -0.00378412 0.02926886 -0.008597135 -0.005387306 0.02926838 -0.006662309 -0.005916178 0.02911686 -0.004570782 -0.005764067 0.02926838 -0.002043962 -0.004495084 0.02926886 1.2561e-4 -0.003123939 0.02911508 0.001177549 -8.35105e-4 0.02913886 0.002024114 0.003347814 0.02906924 -0.008684456 -0.004706263 0.02906918 -0.00737828 -0.005464792 0.02906864 -0.001689851 -0.003214657 0.02906942 3.63333e-4 -0.004745244 0.02906942 -0.001430273 -6.11596e-4 0.02906942 -0.009264945 -0.003852725 0.02906942 -0.007684588 0.001573026 0.02906942 0.001252353 -0.001203358 0.02906942 0.001302063 -0.005376935 0.02906942 -0.004416823 0.005296885 0.02906942 -0.003246188 0.004300117 0.02906942 -6.5644e-4 0.002901673 0.02906942 -0.008453369 0.004997849 0.02906942 -0.005866408 -0.005059659 0.02736937 -0.002006292 -0.003285646 0.02736937 3.08863e-4 -0.001156926 0.02736937 0.001323044 0.00175333 0.02736937 0.001193821 0.004126727 0.02736937 -4.97835e-4 0.00529778 0.02736937 -0.003012776 0.005045533 0.02736937 -0.005638003 0.003988504 0.02736937 -0.007431209 0.002215564 0.02736937 -0.008765637 -2.35545e-4 0.02736937 -0.009241402 -0.002380609 0.02736937 -0.008666276 -0.004030466 0.02736937 -0.007398962 -0.005201399 0.02736937 -0.005193889 0.006846368 0.02736955 -0.00377655 -0.003381133 0.02736961 0.002072334 4.2123e-4 0.02737051 0.003017187 0.006324291 0.02730971 -0.00679934 0.004231214 0.02736973 0.001520693 0.006204843 0.02736955 -0.001002073 0.00529474 0.02736961 -0.008261382 -0.006044626 0.02737021 -5.49596e-4 -0.002031803 0.02737087 -0.01054406 -0.006848037 0.02736955 -0.004020333 -0.005843818 0.02737051 -0.007621884 0.002413988 0.02736997 -0.0103535 0.007024586 0.02708983 -0.003214955 0.006148815 0.02708458 -4.1931e-4 0.004830062 0.0270968 0.00122565 0.003194034 0.02711004 0.002363145 0.001067519 0.02709513 0.003083527 -0.001633346 0.02712321 0.002961874 -0.0035097 0.0271005 0.002197027 -0.004965186 0.02709996 0.00110954 -0.006020009 0.02708625 -2.14757e-4 -0.006957054 0.02708137 -0.002562463 -0.006914854 0.02710378 -0.005223751 -0.006055057 0.02708476 -0.007534921 -0.005147278 0.02709031 -0.008712887 -0.003444314 0.02709174 -0.01003485 -0.00182873 0.02712351 -0.01070034 0.001084387 0.02709078 -0.01090174 0.00338608 0.02711367 -0.01006937 0.005651414 0.02708387 -0.008271455 0.005901694 0.02709066 -0.007766366 0.006802856 0.02708786 -0.005751669 0.008509993 0.02706795 0.003417491 -8.5103e-7 0.02706938 0.003701329 0.009976029 0.02706909 0.002360105 0.01023715 0.02708435 -0.007975041 0.01031577 0.02706778 5.94697e-4 0.009524703 0.02706962 0.00364536 0.01049983 0.02707022 0.002798438 0.005682766 0.02706813 0.001612544 0.009200692 0.02706849 -9.21845e-4 0.007569789 0.02706897 -0.001201868 0.006819248 0.02698498 0.002943754 0.008509933 0.02706784 -0.006582379 0.00609827 0.02706831 -0.01030099 -8.5103e-7 0.02706938 -0.01149845 0.006740272 0.02706897 -0.00692147 0.01031613 0.02706801 -0.009405195 0.009116649 0.02700918 -0.01079976 0.01054298 0.02706962 -0.01042389 0.009696125 0.02707022 -0.01139909 0.007569909 0.02706885 -0.01120162 -0.007489681 0.02706801 -0.0065822 -0.005819499 0.02698916 -0.00900495 -0.006043314 0.02706843 -0.010221 -0.01017576 0.02708375 -8.05921e-6 -0.009180486 0.02698498 -0.007056057 -0.01006507 0.02698677 -0.009624004 -0.01053494 0.02706974 -0.01046979 -0.009185016 0.02706861 -0.01094257 -0.00965768 0.0270701 -0.01141262 -0.01022368 0.02706879 -0.008161187 -0.007596135 0.02697986 -0.01104986 -0.00748986 0.02706772 0.003417193 -0.0102238 0.02706891 0.001838564 -0.01055723 0.0270695 0.002564609 -0.009259402 0.02706909 0.003078401 -0.00975871 0.02707052 0.003582835 -0.005749285 0.02706629 0.001954615 -0.006798863 0.02706879 -9.22103e-4 -0.008429884 0.02706885 -0.001201808 -0.01088649 0.02667844 -0.01073527 -0.009699046 0.02667438 -0.01182264 -0.01094913 0.02297097 -0.01047182 -0.009958088 0.02296352 -0.01174533 0.009338617 0.02667027 -0.01188039 0.01033741 0.0266695 -0.01143723 0.01096481 0.02666842 -0.01037263 0.009585261 0.02296924 -0.01184141 0.01084882 0.02296108 -0.01084423 -8.5103e-7 0.02256941 -0.01149845 -0.00977081 0.02256822 -0.01137036 0.01048141 0.02256822 -0.01064854 0.009475111 0.02256923 -0.01145106 0.01059889 0.02256941 -0.00622344 -0.01055383 0.02256923 -0.01037198 -0.01060068 0.02256941 -0.00622344 0.01097851 0.02667135 0.002450048 0.01053792 0.0266695 0.003439724 0.009473204 0.02666842 0.004067182 0.009749412 0.02256828 0.003583729 0.009944975 0.02296108 0.003951132 0.01055181 0.02256929 0.002577245 0.01094692 0.02297103 0.002677381 -8.5103e-7 0.02256941 0.003701329 -0.009818792 0.02667605 0.003992736 -0.01048296 0.02256822 0.002851784 -0.01087057 0.0229631 0.00298655 -0.009476661 0.02256923 0.003654122 -0.009640336 0.02297091 0.004036307 -0.01092439 0.02667081 0.002800226 0.01000636 0.02686744 3.10517e-4 0.0086627 0.02686715 -9.72461e-4 0.006691277 0.02686381 -6.40403e-4 0.005851209 0.02686625 9.79713e-4 0.00622195 0.02686989 0.002267718 0.007999002 0.02686667 0.003238618 0.009165406 0.02686989 0.002878487 0.009986579 0.0268684 0.001889765 0.00642544 0.02556937 -3.7657e-4 0.008224964 0.02556937 -0.001075088 0.009841263 0.02556937 -2.3977e-5 0.01009529 0.02556937 0.001530349 0.009194076 0.02556937 0.002910912 0.007570922 0.02556937 0.003197968 0.006499648 0.02556937 0.002600789 0.005841732 0.02556937 0.001316428 -0.005993247 0.02686744 3.10635e-4 -0.007336974 0.02686715 -9.7246e-4 -0.009308397 0.02686381 -6.40404e-4 -0.01014846 0.02686625 9.79717e-4 -0.009541451 0.02686774 0.002642095 -0.008000731 0.02686667 0.003238618 -0.006834328 0.02686989 0.002878487 -0.006013095 0.0268684 0.001889646 -0.009435474 0.02556937 -5.55306e-4 -0.007780194 0.02556937 -0.001018345 -0.006427228 0.02556937 -3.76554e-4 -0.005843341 0.02556937 0.001316428 -0.006805658 0.02556937 0.002910912 -0.008428752 0.02556937 0.003197968 -0.009500086 0.02556937 0.002600789 -0.01015806 0.02556937 0.001316428 -0.006475806 0.02686744 -0.01042479 -0.009107649 0.02686655 -0.01073974 -0.009986817 0.02686679 -0.008035719 -0.008000731 0.02686667 -0.006761074 -0.006834328 0.02686989 -0.007121264 -0.006013095 0.0268684 -0.008110165 -0.01002025 0.02556937 -0.009542703 -0.009238958 0.02556937 -0.01066672 -0.007559478 0.02556937 -0.01100957 -0.006112337 0.02556937 -0.0099653 -0.005927741 0.02556937 -0.008400201 -0.006805658 0.02556937 -0.00708884 -0.008428752 0.02556937 -0.006801784 -0.009500086 0.02556937 -0.007398962 -0.01007372 0.02556937 -0.008400321 0.01000636 0.02686744 -0.00968939 0.007851779 0.02686607 -0.01105773 0.006444752 0.02686882 -0.01035839 0.005851209 0.02686625 -0.009020149 0.006458282 0.02686774 -0.007357597 0.007999002 0.02686667 -0.006761074 0.009165406 0.02686989 -0.007121264 0.009986579 0.0268684 -0.008110046 0.00597918 0.02556937 -0.009542286 0.006760776 0.02556937 -0.01066672 0.008440256 0.02556937 -0.01100957 0.009841322 0.02556937 -0.01002371 0.01009529 0.02556937 -0.008469402 0.009194076 0.02556937 -0.00708884 0.007570922 0.02556937 -0.006801784 0.006499648 0.02556937 -0.007398962 0.005926012 0.02556937 -0.008400201 0.008091032 0.02556842 -3.99558e-4 0.006865382 0.02556884 1.30459e-4 0.006557047 0.02556622 0.001658082 0.009441018 0.02556622 5.45052e-4 0.007907032 0.02556836 0.002602398 0.009132683 0.02556884 0.002072334 0.00908637 0.02531117 0.001760005 0.009082674 0.02531731 5.10234e-4 0.008149266 0.02531927 -1.43786e-4 0.006911516 0.02531117 4.42909e-4 0.009218871 0.02256941 6.79074e-4 0.008105456 0.02256941 -1.34852e-4 0.006976068 0.02256941 3.6295e-4 0.006834924 0.02256941 0.001502335 0.006915271 0.02531731 0.001692473 0.007849156 0.02531927 0.002346575 0.007708609 0.02256941 0.002338886 0.0088858 0.02256941 0.001959562 -0.00889796 0.02556884 0.002294719 -0.007760763 0.02556914 0.002563953 -0.006665289 0.02556788 0.00182116 -0.009527504 0.02556717 9.40396e-4 -0.008546352 0.02556848 -3.03148e-4 -0.006869614 0.02556484 2.25942e-5 -0.006744205 0.02531522 0.001156628 -0.007355391 0.02531701 2.53112e-5 -0.008703649 0.02531176 4.2198e-5 -0.009209215 0.02532124 9.76636e-4 -0.006836593 0.02256941 7.00668e-4 -0.007425904 0.02256941 2.08156e-5 -0.008396923 0.02256941 -7.91457e-5 -0.00926119 0.02256941 9.07333e-4 -0.009028136 0.02531749 0.001786768 -0.008258879 0.02531695 0.002296388 -0.007347702 0.02531749 0.00214982 -0.00878334 0.02256941 0.002056539 -0.007805883 0.02256941 0.002320826 -0.006927967 0.02256941 0.001726806 -0.006867051 0.02556884 -0.007927417 -0.007908582 0.02556842 -0.0103994 -0.009134411 0.02556884 -0.009869337 -0.006558716 0.02556622 -0.009454905 -0.009442627 0.02556622 -0.00834167 -0.008092761 0.02556836 -0.007397413 -0.006913304 0.02531117 -0.008239805 -0.00691694 0.02531731 -0.009489536 -0.007605314 0.02531975 -0.01005262 -0.008387684 0.02531838 -0.01005935 -0.009102523 0.02531903 -0.009458899 -0.006779909 0.02256941 -0.008873581 -0.007292032 0.02256941 -0.009976267 -0.008701384 0.02256941 -0.009937584 -0.00924617 0.02256941 -0.008857905 -0.009050428 0.02531576 -0.008169114 -0.00794816 0.02531814 -0.007673621 -0.008694171 0.02256941 -0.00786972 -0.007348597 0.02256941 -0.00778079 0.009441018 0.02556622 -0.009454905 0.008091151 0.02556842 -0.0103994 0.007906973 0.02556836 -0.007397413 0.006865262 0.02556884 -0.009869337 0.006557047 0.02556622 -0.00834167 0.009132623 0.02556884 -0.007927417 0.00908637 0.02531117 -0.008239805 0.009082734 0.02531731 -0.009489536 0.00839436 0.02531975 -0.01005262 0.007611989 0.02531838 -0.01005935 0.006897211 0.02531903 -0.009458959 0.009219825 0.02256941 -0.008873581 0.008707702 0.02256941 -0.009976267 0.00729835 0.02256941 -0.009937584 0.006753504 0.02256941 -0.008857905 0.006949245 0.02531576 -0.008169054 0.008051633 0.02531814 -0.007673621 0.007305502 0.02256941 -0.00786972 0.008651137 0.02256941 -0.00778079 0.007859587 0.02257508 -0.00329107 0.00994569 0.02257353 -0.003165841 0.008042752 0.02257424 -0.004624009 0.01014041 0.0225827 -0.004489839 0.008198022 0.02287828 -0.003454983 0.008128345 0.02287381 -0.00430417 0.009923875 0.02289468 -0.004241943 0.009706139 0.02286833 -0.003403604 0.009635925 0.02376937 -0.004416644 0.00801903 0.02376943 -0.003904879 0.008368194 0.02376937 -0.003378212 0.008363723 0.02376937 -0.004414439 0.009627461 0.02376937 -0.003379881 0.009978771 0.02376943 -0.00388062</float_array>
          <technique_common>
            <accessor source="#shape0_003-mesh-positions-array" count="766" stride="3">
              <param name="X" type="float"/>
              <param name="Y" type="float"/>
              <param name="Z" type="float"/>
            </accessor>
          </technique_common>
        </source>
        <source id="shape0_003-mesh-normals">
          <float_array id="shape0_003-mesh-normals-array" count="4728">-0.9607356 0.03906267 -0.2747023 -0.7482113 -0.02756452 -0.6628878 -0.3744559 -0.03288602 -0.9266614 8.28276e-4 0.03857934 -0.9992553 0.4616957 0.02492177 -0.8866883 0.8193055 0.001544356 -0.5733551 0.9887797 0.02299129 -0.1476015 0.7882129 -0.02677983 -0.6148199 0.3076743 -0.04303276 -0.9505181 -0.3329297 -0.004875659 -0.9429391 -0.7777719 4.83656e-4 -0.6285465 -0.995369 -0.03905874 -0.08783578 0.9554774 0.03734654 0.2926915 0.7070756 0.004199266 0.7071255 0.2996043 -5.67586e-4 0.9540634 -0.2747049 0.03906124 0.9607349 -0.6628836 -0.02756983 0.7482147 -0.9485745 0.005028486 0.3165143 -0.9360718 0.02757108 0.3507273 -0.6354298 -0.005031406 0.7721424 -0.08781737 -0.03906738 0.9953703 0.3424203 0.02624547 0.9391803 0.7495374 -0.02630501 0.6614392 0.9978713 -0.05519002 0.03473931 -0.02325588 0.5594166 0.8285605 0.9183369 -0.083606 0.3868689 0.5056414 -0.3301098 0.7970912 0.3744156 -0.2352039 0.8969348 -0.920238 -0.06512069 0.3859035 -0.3697721 -0.2614468 0.8915797 -0.4613705 -0.3250074 0.8255347 0.3123872 0.8496103 0.424943 -0.2911346 0.8482388 0.4424156 -0.01329082 0.8407539 0.5412545 0.494149 0.8693578 0.005818903 -0.4938443 0.8695331 0.005473911 -0.888427 0.4588874 0.01095318 0.8829609 0.4693843 0.007642924 -0.5054447 -0.3288552 -0.7977343 -0.3865392 -0.2408016 -0.890282 -0.9188389 -0.08361792 -0.3856726 -0.3126438 0.850175 -0.4236231 0.2914832 0.8480036 -0.4426369 0.01489949 0.840826 -0.5411006 0.02262407 0.5603034 -0.8279785 0.9201026 -0.065575 -0.3861492 0.3749724 -0.2601202 -0.8897939 0.4655315 -0.3243762 -0.8234443 0.007136285 0.9998946 0.01265478 0.02157175 0.999757 0.004542708 -0.009237885 0.9999496 0.003954648 -0.004513323 0.9998547 -0.01644301 0.009240984 0.9997346 0.02110832 -0.0218786 0.9997563 0.002946376 -0.0139079 0.9998017 -0.01425689 0.01878219 0.9997752 -0.009842336 0.01284569 0.9999026 -0.005467176 -0.009307384 0.9997398 0.02082753 -0.007078647 0.9998311 -0.01695823 0.01144891 0.9998511 -0.01291322 -0.009566307 0.9996964 0.0227068 -0.01512664 0.9998724 -0.005144894 0.005666851 0.9998931 -0.01347851 -0.01342725 0.9998935 -0.005735218 0.01676225 0.9996903 0.01839631 0.01449519 0.999876 0.006162762 0.5336088 0.00300306 0.8457262 0.891717 -0.06469017 0.4479463 0.9767241 -0.07460117 -0.2011092 0.5451289 -0.1267719 -0.8287119 0.4152535 0.07830858 -0.906329 0.9406982 0.09066772 -0.3269044 0.9411229 0.07490187 0.3296628 0.5565427 -0.03405416 0.8301208 0.07945823 0.06064373 0.9949918 -0.1889823 -0.03880411 -0.9812136 -0.7269642 -0.08814829 -0.6809941 -0.9892452 -0.06679248 -0.1301261 -0.9288095 0.02327406 0.3698263 -0.5827039 -0.004778802 0.8126706 -0.05930525 -0.07721042 0.9952495 -0.5448945 0.04861962 0.837094 -0.9362574 -0.001548111 0.3513118 -0.9485467 0.1070374 -0.2979971 -0.6142908 0.04418838 -0.7878414 -0.1738221 -0.01931679 -0.9845876 0.04145932 -0.9991244 -0.005633413 -0.004432499 -0.9993115 0.03683722 0.02934873 -0.9994214 0.01719671 0.02816522 -0.9994518 0.01740562 0.01783376 -0.9997147 -0.01588886 -0.01809269 -0.9994926 -0.02621513 -0.01616185 -0.9996792 0.01950341 -0.09792751 -0.9951931 -9.94341e-4 0.02546584 -0.999135 0.0328778 -0.02586603 -0.9992892 -0.02742326 0.01948326 -0.9991995 -0.03493839 -0.03970718 -0.9991273 -0.01296627 0.0430631 -0.9932875 0.1073573 -0.06831312 -0.9936704 0.08917683 -0.01081246 -0.9990003 -0.043379 -0.5360159 -0.8382175 0.1003913 -0.389741 -0.9084905 -0.1508213 -0.6517235 0.03429263 -0.757681 -0.08998084 -0.88018 -0.4660329 -0.4394804 0.6581178 -0.6113411 -0.301305 0.9216451 0.2445115 -0.3041232 0.2239433 0.9259366 -0.3041522 0.2232595 0.9260922 -0.3043392 0.2236766 0.9259301 0.1464678 -0.9123059 -0.3824201 0.7014781 -0.5185812 -0.4888785 0.7014781 -0.5185812 -0.4888784 0.4374313 -0.8985062 -0.03661572 0.6415371 -0.7229979 0.2563283 0.6419045 -0.7227153 0.2562059 0.641948 -0.7228398 0.2557449 0.3623614 -0.8160557 0.4502748 0.05029088 -0.8714996 0.4878109 0.04968303 -0.8709769 0.4888057 0.05095213 -0.8711985 0.4882799 0.7206119 0.4925069 0.4880117 0.6092529 0.5617349 -0.5597008 0.6091076 0.5621492 -0.5594429 0.6090185 0.5619746 -0.5597152 -0.022556 0.5603637 0.8279395 0.9187184 -0.08484703 0.3856911 0.5068369 -0.3302191 0.7962862 0.3745124 -0.2345066 0.897077 -0.9201182 -0.0652582 0.3861657 -0.3698354 -0.2608201 0.8917369 -0.4620631 -0.3247823 0.8252358 0.3126798 0.8497385 0.4244713 -0.2910602 0.8482428 0.4424569 -0.01285755 0.8406847 0.5413725 0.4941348 0.8693673 0.005593061 -0.4938265 0.8695454 0.005113422 -0.888433 0.4588692 0.01122158 0.8829713 0.4693584 0.008022308 -0.5051731 -0.3290175 -0.7978395 -0.3865028 -0.2410985 -0.8902174 -0.9184262 -0.08267265 -0.3868572 -0.312299 0.8498995 -0.4244292 0.2918493 0.848137 -0.4421401 0.01445066 0.8409045 -0.5409907 0.02362668 0.5593706 -0.828581 0.9202108 -0.06511151 -0.3859696 0.3749577 -0.2605049 -0.8896876 0.4643391 -0.3239684 -0.8242778 -0.003234505 0.9998328 -0.01800549 -0.008293569 0.9997763 0.01945638 -0.01462543 0.9998289 0.01133733 -0.02027696 0.9997889 -0.003349184 0.007930815 0.9997912 0.01883143 -0.02118843 0.9996436 -0.01624196 -0.009171605 0.9997166 -0.02196902 -0.01364886 0.9998901 0.005802392 0.008522212 0.9998686 -0.01379048 0.02358537 0.9997209 -0.001372396 0.005030512 0.9999223 0.01140844 0.01842272 0.9997999 -0.00780636 0.01646947 0.9998122 0.01021844 -0.01345181 0.9998931 -0.005724966 0.01581221 0.9997876 -0.01322692 -0.005092263 0.9999141 0.01208221 0.007445752 0.9998146 -0.01775848 0.01271164 0.9999045 0.005429625 0.2828294 -0.03646087 0.958477 0.8622497 -0.009985148 0.506385 0.9909139 -0.05145502 -0.1242658 0.7435855 0.01928836 -0.6683626 0.3121775 0.009162724 -0.9499796 0.3546885 -0.04761874 -0.9337711 0.7604478 -0.01279342 -0.6492733 0.998024 0.04658675 -0.04216337 0.85561 -0.02787792 0.5168698 0.3246997 0.02206861 0.9455597 -0.2650542 -0.01412671 -0.9641301 -0.6733487 -0.05701225 -0.7371236 -0.9874469 -0.1166778 -0.1064664 -0.7766634 -0.08879059 0.6236267 -0.2759019 0.05557042 0.9595781 -0.2940534 0.03181678 0.9552593 -0.8701326 0.1321753 0.474762 -0.9674872 0.05913603 -0.2459097 -0.6259301 0.01045227 -0.7798091 -0.1703727 0.07395207 -0.9826008 0.04420846 -0.9987343 0.02398908 0.00946623 -0.9990495 -0.04255062 0.02749967 -0.999614 -0.003973245 0.02610355 -0.999384 -0.02346014 0.008084237 -0.9997091 0.02272367 0.03703659 -0.9993135 8.95808e-4 0.007779598 -0.9996244 -0.02628028 -0.09870135 -0.9949378 -0.01889026 8.7728e-4 -0.9989506 -0.04579305 -0.024576 -0.9991706 0.03246772 -0.02857577 -0.9992638 0.02559876 0.01684129 -0.9994043 0.030124 -0.07246953 -0.980507 0.1826316 -0.03370177 -0.9913117 -0.1271429 -0.08870244 -0.9960158 -0.009196102 -0.0184763 -0.9996998 -0.01609903 -0.08738863 -0.8835366 0.4601373 -0.6639866 -0.4583109 -0.590824 -0.08843034 -0.8846269 -0.4578377 -0.2148586 0.9766452 1.64449e-4 -0.6097439 0.5249103 0.5938701 0.2795737 -0.1800594 -0.9430893 0.2800585 -0.1801545 -0.9429273 0.2790026 -0.1793053 -0.9434019 0.3054735 -0.9069478 -0.2900546 0.305763 -0.9067298 -0.290431 0.3052113 -0.9068596 -0.2906058 0.7475943 -0.6454965 -0.1563238 0.4202409 -0.8938034 0.1565662 0.3331515 -0.8478722 0.4124594 0.0727474 -0.8115694 0.5797094 0.07241511 -0.8119277 0.5792493 0.3980338 0.1108908 0.9106439 0.9616197 0.267429 -0.06139451 0.2822227 -0.226989 -0.9321086 -0.02262765 0.5604082 0.8279075 0.9187256 -0.08483618 0.3856763 0.5068308 -0.3302147 0.7962919 0.3744805 -0.2344844 0.8970961 -0.9201174 -0.06529402 0.3861616 -0.3698796 -0.2608519 0.8917093 -0.4620198 -0.324756 0.8252704 0.3126856 0.8497277 0.4244887 -0.2910475 0.8482346 0.4424811 -0.01290464 0.8406601 0.5414095 0.4941354 0.869367 0.005599021 -0.4938111 0.8695539 0.005161523 -0.8884495 0.4588354 0.01129925 0.8829709 0.4693593 0.008019268 -0.5050772 -0.3290864 -0.7978717 -0.3864997 -0.2412073 -0.8901894 -0.9189378 -0.08349984 -0.3854622 -0.3126981 0.8501688 -0.4235951 0.2914904 0.8479735 -0.4426899 0.01507234 0.8408262 -0.5410956 0.0228123 0.5593268 -0.8286333 0.9196313 -0.06626915 -0.3871521 0.3749936 -0.260551 -0.889659 0.4651719 -0.3246107 -0.8235552 -0.001682221 0.9997169 0.02373927 0.005881309 0.9997559 0.02130049 -0.006013214 0.9999268 0.01050817 0.003936409 0.9997801 -0.02060002 0.004026949 0.9999506 0.009097218 -0.01700234 0.9998299 0.007156908 -0.03633487 0.9993388 -0.001353979 0.01391428 0.9998711 -0.008010745 -0.03629398 0.9993334 0.003955662 -0.003144383 0.9999477 -0.009729743 -0.003716647 0.9999535 -0.00890237 0.01685178 0.9998326 -0.00714761 0.01239532 0.9997945 -0.01604098 -0.005057036 0.9999154 0.01199579 0.007647037 0.9998043 -0.0182476 -0.02088803 0.9997428 -0.00884509 0.01188087 0.9999065 0.006784915 0.008660435 0.999956 0.003628075 0.2531359 -0.1476693 0.9560942 0.8536442 -0.1039814 0.5103718 0.9920396 -0.08971649 -0.08836501 0.7104084 -0.07972294 -0.6992598 0.1847715 -0.04774564 -0.9816211 0.1854528 -0.04726648 -0.9815158 0.1848925 -0.04664576 -0.9816512 0.1043028 0.04308837 -0.9936118 0.62009 0.04373967 -0.7833104 0.6197009 0.04334616 -0.7836403 0.6200287 0.04296791 -0.7834017 0.9506642 0.09943121 -0.2938557 0.9349872 0.09412097 0.3419654 0.4620556 0.09501957 0.8817461 -0.4910994 -0.03619915 -0.8703511 -0.9433023 -0.02200007 -0.3312051 -0.9520074 -0.003914713 0.3060503 -0.5396176 -0.002196907 0.8419074 -0.1496495 0.1117966 0.9823985 -0.6048876 -0.1421456 0.7835213 -0.9494945 0.006400704 0.3137186 -0.9494999 0.003032803 -0.3137529 -0.5249243 0.01870083 -0.8509435 0.03966152 -0.9991688 -0.009426712 0.02490025 -0.9994665 -0.0211327 0.007419526 -0.9989899 0.04431802 0.02874445 -0.9994651 0.01559984 0.0224297 -0.9996255 0.01568543 0.02450937 -0.999509 -0.01952242 -0.07771587 -0.9969145 -0.0110439 0.04557389 -0.995751 0.08001899 -0.05282783 -0.9985966 -0.003775119 -0.01567661 -0.9997085 -0.01836413 0.006644248 -0.9988519 -0.04744249 -0.04896074 -0.9942577 0.09515601 -0.01554167 -0.9992647 -0.03505021 -0.05320739 -0.9985716 -0.004877865 -0.5568481 -0.824043 0.1042751 -0.3966878 -0.9049912 -0.1537202 -0.6518152 -0.007344543 -0.7583423 -0.08719444 -0.8884257 -0.4506629 -0.1488471 0.8528643 0.500467 -0.4600857 0.6181487 -0.6373487 -0.3113669 0.917812 0.2463167 -0.3113669 0.9178119 0.2463167 -0.3113669 0.917812 0.2463168 0.1295867 -0.9117952 -0.3896626 0.7684586 -0.1868911 -0.6119994 0.4250935 -0.9036852 -0.051467 0.6419001 -0.7227199 0.2562037 0.3211215 -0.8598651 0.3968794 0.05071216 -0.7467162 0.6632068 0.8542262 0.1164579 0.5066904 0.6324573 0.5004199 -0.591251 -0.02301472 0.5594211 0.8285641 0.9183661 -0.08320504 0.386886 0.5077121 -0.3286795 0.7963656 0.3748632 -0.2304841 0.8979725 -0.9201945 -0.06539434 0.3859608 -0.3702423 -0.2573016 0.8925898 -0.4650866 -0.3244869 0.8236522 0.3127931 0.8497065 0.4244521 -0.2915366 0.8479992 0.4426104 -0.0142318 0.8407197 0.5412834 -0.8882055 0.4594056 -0.006136596 0.8831005 0.4690793 -0.009920179 -0.5034195 -0.3296599 -0.7986823 -0.3861511 -0.2447283 -0.8893792 -0.3126097 0.8501833 -0.4236315 0.2908312 0.8480467 -0.4429832 0.01507222 0.8408271 -0.541094 -0.4941759 0.8693488 -0.004811286 0.4939428 0.8694811 -0.004830121 0.0228123 0.5593292 -0.8286318 0.9196313 -0.06627076 -0.3871521 0.3746297 -0.2639868 -0.888799 0.4629869 -0.3253229 -0.8245049 -0.02429032 0.999581 -0.01574206 0.01215648 0.9998298 0.01388156 -0.02292138 0.9997335 0.002771794 -0.0101819 0.9996507 -0.02439182 0.02570909 0.9996578 -0.004833221 0.005857825 0.9998943 0.013314 -0.009034097 0.9998176 0.0168271 -0.01710647 0.9997908 0.01121121 -0.002436876 0.9998434 -0.0175336 0.01520389 0.9998091 0.01227933 0.01832735 0.9998019 -0.007762968 0.01217144 0.9998931 -0.00811237 -0.01382064 0.9998876 0.0058223 -0.009865641 0.9999424 -0.004233837 0.008091688 0.9997805 -0.01932209 -0.004997134 0.9999173 0.01185357 0.01482522 0.9998709 0.006212532 0.5176048 -0.1281135 0.8459742 0.927168 -0.03830951 0.3726822 0.9962925 0.006109178 -0.08581411 0.7169135 -0.04568731 -0.6956636 0.7170535 -0.04524362 -0.6955482 0.1833553 -0.1329975 -0.9740086 0.6080961 0.1381689 -0.7817472 0.99736 0.03377819 -0.06428146 0.8536264 0.09457761 0.5122274 0.3444867 0.09207701 0.9342648 -0.4800389 -0.1167621 -0.8694419 -0.9332794 -0.0830549 -0.3494159 -0.970466 -0.07926684 0.2278434 -0.7279946 -0.08637869 0.6801196 -0.2060542 0.05137157 0.9771912 -0.2539255 -0.03020578 0.9667521 -0.8630673 0.1348768 0.4867476 -0.9752933 0.06247824 -0.2118947 -0.7142797 0.07305932 -0.6960366 -0.194846 0.1430548 -0.9703456 0.05441933 -0.9934079 0.1008925 0.02584093 -0.9995598 0.01457744 -0.01059812 -0.9951557 0.0977388 -0.005305588 -0.9953665 0.09600883 0.0815972 -0.9966649 -0.001002788 0.03600519 -0.9993463 -0.003251612 0.01945078 -0.9996633 -0.01717555 0.02086859 -0.9995256 -0.02265572 0.006652772 -0.9988496 -0.04748976 -0.08171641 -0.9964314 -0.02114301 -0.05402511 -0.990807 0.1240277 -0.01744228 -0.9950646 -0.09768444 -0.0502519 -0.997836 0.04240411 -0.1050592 -0.9941332 0.02572333 -0.01851958 -0.99921 -0.03516352 -0.08663713 -0.9956689 -0.0337277 -0.4942058 0.6699298 -0.5540349 -0.07813775 -0.9116297 -0.403517 -0.0778144 -0.9113657 -0.4041753 -0.07877492 -0.9111181 -0.4045472 -0.2250352 0.9743474 0.002556324 -0.1489214 0.9658743 0.2119183 0.1305727 -0.9106649 -0.39197 0.1305048 -0.9102194 -0.3930258 0.1298714 -0.9104378 -0.3927297 0.7684595 -0.1868848 -0.6120002 0.4250928 -0.9036854 -0.05146694 0.6419051 -0.7227148 0.2562057 0.6421166 -0.7226117 0.2559664 0.6420098 -0.7228187 0.2556496 0.2963917 0.9038645 0.3085142 0.5717833 0.6044712 -0.5546878 0.5717881 0.6050958 -0.5540013 0.5714284 0.604613 -0.554899 0.1875601 0.9799897 -0.06664425 -0.1468755 0.9396299 0.3090687 -0.9964067 0.02876842 -0.07966268 -0.4635366 0.01592439 -0.8859348 -0.2354645 0.02799123 -0.9714798 0.8023621 0.004332065 -0.5968218 0.9984253 0.03586888 0.04313445 0.05954605 -0.01577627 0.9981009 -0.9987365 0.02261316 0.0448789 0.2358702 9.23956e-4 0.9717841 -0.004389345 0.9990428 0.04352325 0.05238693 0.9854978 -0.1613991 0.002151548 0.9985357 0.05405485 -0.006937325 0.9976648 -0.06794768 0.07105195 0.9973709 -0.01425075 -0.01285243 0.9994814 0.02952456 -0.01075094 0.9971886 0.07415795 0.07265704 0.9972841 -0.01205843 -0.05996024 0.9981049 -0.01384276 -0.05894261 0.9981002 -0.01793855 -0.05759698 0.9982191 -0.01553785 -0.07236742 0.9973217 -0.01060551 0.07804369 0.9968295 -0.01549726 0.006091475 0.9999802 0.001626789 -0.02191609 0.9997527 0.003813743 0.03690522 0.9992997 -0.006185948 0.555814 0.788643 -0.2628939 0.555814 0.788643 -0.2628939 0.008453786 0.9995794 -0.02774196 -0.05966138 0.9981532 -0.01144719 -0.1113262 0.9937579 -0.007208406 0.1977101 0.9715441 -0.1304334 -0.2229971 0.9337053 -0.2801191 0.1941995 0.9783943 0.07093161 3.40321e-4 0.9988757 0.04740542 0.02188742 0.9995784 -0.01907891 -0.00625205 0.9988159 0.04824662 -0.08853256 0.9937419 -0.06810986 -0.04690092 0.9965614 0.06830716 0.05954861 0.9979379 0.0239607 0.1746526 0.9611182 0.2138885 0.1746526 0.9611182 0.2138884 0.1746526 0.9611182 0.2138885 -0.7367353 -0.5678047 -0.3671772 -0.05136948 0.9986493 -0.007802605 0.04441565 0.9989904 -0.006741702 0.03436845 0.9993513 0.01076447 0.03373086 0.9785456 0.2032508 0.1112412 0.990063 -0.08602869 0.00112152 0.9998415 -0.01777112 -0.009582221 0.9993639 0.03435373 -0.02431082 0.9996656 0.008820772 0.004487931 0.9992147 0.03937172 -0.2476506 0.9404714 -0.2327718 -0.04361838 0.9984675 0.03406262 0.04474669 0.8860015 -0.4615182 0.04474669 0.8860015 -0.4615182 0.04474669 0.8860016 -0.4615183 -0.02701902 0.9988047 0.04073441 0.0470106 0.7958483 -0.6036683 0.04701054 0.7958483 -0.6036684 0.04701048 0.7958484 -0.6036684 -9.51202e-4 0.9999758 -0.006903469 -0.5343208 -0.8446754 -0.03201508 0.0630142 0.9903935 -0.1230853 0.0630142 0.9903935 -0.1230853 0.0630142 0.9903935 -0.1230853 0.06661492 0.9976224 0.01766473 0.009554862 0.9986014 0.05200123 -0.0359503 0.9972346 0.06504452 0.08190017 0.9869698 -0.1385031 -0.06385844 0.997959 -1.12117e-4 0.6454805 0.7552419 -0.1138622 0.02473914 0.9982972 0.05282777 -0.04773062 0.9988276 -0.008073091 0.09251993 0.9822356 0.1632586 0.1507234 0.9884558 0.01540797 -0.02427303 0.9974558 -0.0670278 -0.1639023 0.9864745 -0.0020563 -0.05375039 0.997862 -0.03718066 -0.09909164 0.9949045 0.01859861 0.00224626 0.9990011 -0.04462975 0 1 -2.59372e-6 -0.02504706 0.9957951 0.08811765 -0.05239582 0.997991 -0.03561717 0.1362138 0.9597129 -0.2457583 -0.03979051 0.9986387 0.03372865 -0.01160377 0.9977743 0.06566637 -0.07752025 0.9966916 -0.02442479 0.02800858 0.9881771 -0.1507366 0.02800863 0.9881772 -0.1507366 0.02800858 0.9881772 -0.1507366 -0.09433585 0.9954727 0.01161503 -0.009216248 0.997609 -0.06849372 -0.005553185 0.9953203 0.09647208 0.03941881 0.9991379 0.01303398 0.02793973 0.9995309 -0.0125457 -0.0473088 0.9966314 0.06699144 -0.06264698 0.9977892 -0.02218604 -0.02285659 0.9996443 0.01374644 0.07186347 0.997314 -0.0141592 -0.009796917 0.9961979 0.08656728 0.03482127 0.9974233 0.06272381 0.08974057 0.9953022 0.03633463 0.05613535 0.9982355 -0.01935583 0.01223748 0.9998842 -0.009060025 0.08263653 0.9946212 0.06245052 0.04452747 0.9948744 -0.09078627 0.1076484 0.9711197 0.2129282 -0.08567959 0.9959694 -0.02653056 -0.0680235 0.9976289 -0.01046723 -0.07012075 0.9974005 -0.01659601 -0.04677128 0.9979214 -0.04433345 0.0155819 0.9996141 -0.02300018 0.01557284 0.999614 -0.02301061 -0.01168453 0.9997913 -0.01676058 0.06181854 0.9980803 -0.003755331 -0.02118229 0.9992765 -0.03158724 0.05593144 0.9983707 0.01129812 -0.05557543 0.9978106 -0.03585451 9.34451e-4 0.9994911 0.03188651 -0.02546375 0.9996633 0.005001068 -0.009781301 0.9999051 0.009710311 0.9983125 0.01164728 0.05689108 0.9883719 0.001464962 0.1520497 0 1 -8.84362e-6 0 1 7.09048e-7 -0.5603302 -0.01998597 0.8280283 0.5718271 -0.009177327 0.8203229 0.2127918 0.01782655 0.976935 -0.9847487 0.01199334 0.1735688 -0.998158 0.00208801 0.06063163 0.960451 -0.005284488 0.2783989 0.6228961 -0.01139098 0.7822216 -0.3677026 0.001607775 0.9299421 -0.7878221 -0.007017254 0.6158629 -0.9942201 -0.005829155 0.1072037 0.1606177 -0.001093983 0.9870162 0.101868 -0.04416435 0.9938172 0.6500473 0.004697144 0.7598792 0.005668103 0.05205291 0.9986283 -0.9864942 0.005153059 0.1637154 -0.8037421 -0.001788318 0.5949751 -0.4403101 0.01569199 0.8977086 0.340472 0.01570558 0.9401236 0.7194951 0.01095157 0.6944112 0.9537831 -4.70812e-4 0.3004955 -0.2440649 -0.96898 -0.03886193 -0.2440649 -0.96898 -0.03886193 -0.2440649 -0.9689799 -0.03886193 0.3930693 0.9138112 -0.1022045 0.05430865 -0.7511402 -0.6579052 -0.2965919 -0.9054782 0.3035497 -0.9349923 0.01093572 -0.3544996 -0.5908203 -0.007027506 -0.8067727 -0.1360029 -0.008909523 -0.9906684 0.2801306 -0.00729376 -0.9599342 0.7267436 -0.006164193 -0.6868811 0.9570007 -0.008489549 -0.2899616 0.9924157 0.01347392 -0.1221867 0.8569145 0.01276093 -0.5153006 0.5659676 0.01695388 -0.8242533 0.112443 0.01515543 -0.9935427 -0.4853046 0.01892542 -0.8741403 -0.9268887 0.005651175 -0.3752938 -0.5561468 -0.8106295 -0.1832501 -0.748938 -0.5977442 0.2859959 -0.1932525 0.963978 0.1827566 -0.3707373 0.9278818 0.03986775 0.01828461 0.9986992 0.04759865 0.0600177 0.9962924 0.06163829 0.9411984 0.04154562 0.3352903 -0.8938715 0.02882581 0.4473957 -0.9847086 0.04808086 0.1674436 0.4040358 -0.01024591 0.9146859 -0.2806254 0.003952026 -0.9598093 0.4920486 -0.013516 -0.8704628 -0.8577798 0.06150853 -0.510324 0.2596445 0.9639383 -0.05837607 -0.02417677 0.9994342 0.02338504 0.6667754 0.03732579 0.7443234 -0.9603003 0.03855818 0.2762911 -0.2027064 -0.01573288 0.9791132 -0.9054322 0.002700805 -0.4244824 0.3317423 0.03449511 -0.9427392 -0.05416852 0.01483958 -0.9984216 0.9473698 -0.008265316 -0.3200346 -0.6782609 0.7342893 0.02795577 0.5247648 0.7684979 0.3661054 0.3039226 0.3126238 -0.8999431 0.5125659 0.8573978 -0.04631823 -0.1217926 0.916939 -0.3799864 0.1417987 0.9848453 0.09986352 0.03233087 0.9942314 -0.1022687 0.03233087 0.9942313 -0.1022687 0.03233087 0.9942314 -0.1022687 0.9005288 -0.02855402 0.4338578 0.652612 0.001201987 0.7576914 -0.7511582 0.01800835 0.6598765 -0.9502291 -0.01341342 0.3112633 0.0559116 -0.004779517 -0.9984243 -0.3879631 0.02148431 -0.9214245 0.8697845 0.01060855 -0.4933179 -0.5710824 0.7000628 0.4286921 0.4788228 0.7906758 0.381524 0.5794023 0.7709556 -0.2644251 0.5791453 0.7711656 -0.2643756 0.5791432 0.7711646 -0.2643831 -0.2945498 0.698359 -0.6523306 0.7408595 0.3528736 -0.5714958 0.7408595 0.3528736 -0.5714959 0.7408595 0.3528736 -0.5714958 -0.09231722 0.9771189 -0.1916154 -0.09375315 0.9910331 0.09520488 0.1032266 0.9927794 0.06110149 0.9842358 -0.01587796 0.1761471 0.9768419 -0.01844143 0.2131661 0.2467616 0.02110528 0.9688464 -0.784599 -0.004368841 0.6199882 -0.7374649 -0.009564161 0.6753179 -0.8555679 0.02114123 -0.5172588 -0.2637078 -0.01357942 -0.9645071 0.5325327 0.02231985 -0.8461151 -0.5734522 0.6138885 0.5424884 0.1474633 0.5980055 0.7878096 0.7154096 0.6318903 0.2981672 0.3882951 0.7445003 0.5430896 0.3884863 0.7444785 0.5429828 0.3882971 0.7444984 0.5430908 -0.3599372 -0.6219348 0.695444 -0.3599373 -0.6219348 0.695444 -0.3599372 -0.6219348 0.695444 -0.4041347 -0.6973341 -0.5919463 -0.404627 -0.6972998 -0.5916504 -0.3222271 0.1302676 -0.9376567 -0.3225014 0.1305058 -0.9375292 -0.3225852 0.1303877 -0.9375168 9.87362e-5 0 -1 0.2494072 0.842826 -0.4769073 0.2492036 0.8427428 -0.4771607 -0.5519146 0.7865991 -0.2768616 0.580053 0.813251 -0.04649102 -0.03359401 0.9991618 -0.0233919 -0.03359401 0.9991618 -0.0233919 -0.03359401 0.9991618 -0.0233919 -5.24491e-4 0.983641 -0.1801393 0.2065258 0.03303337 0.9778835 0.2065258 0.03303337 0.9778834 0.2065258 0.03303337 0.9778835 0.2033896 0.973158 0.1076856 0.8837331 -0.008596181 0.4679124 0.8109057 9.22956e-5 0.585177 -0.5866466 0.004044473 0.8098331 0.2042651 0.05502742 0.9773678 -0.996635 -0.01663029 -0.08026343 -0.7775617 0.01711678 -0.6285737 0.4485017 3.74896e-4 -0.893782 0.5722305 0.0086748 -0.820047 -0.4620693 0.3695931 0.8061595 -0.5034413 0.4910639 0.7109172 0.7243055 0.3775038 0.5769512 -0.7363495 0.4306784 -0.5218291 0.3513557 0.820023 -0.4517871 0.2271691 0.8729811 -0.4316228 0.2266088 0.873099 -0.4316788 0.2267784 0.873179 -0.4314278 0.04145014 0.9961022 -0.07786154 0.107532 0.03803795 0.9934737 -0.6269813 0.007881283 0.7789946 0.5408781 0.01538789 0.8409602 -0.9609214 0.03128254 -0.2750484 0.759944 -0.0120722 -0.6498765 0.6395763 0.005219936 -0.7687099 -0.9451738 0.02788943 -0.3253748 0.04200863 0.8082536 0.5873343 0.4704197 0.7648012 -0.4402096 -0.5518518 0.8164648 -0.1698383 0.5166267 0.854322 -0.05684137 0.5166267 0.854322 -0.05684131 0.5166266 0.854322 -0.05684131 0.02510571 0.9284249 -0.370671 -0.05010193 0.998499 0.02212959 0.06296223 0.9846216 -0.1629607 -0.3669512 0.9265279 -0.08302319 0.9576812 0.003260612 -0.2878127 0.7966831 0.02434515 0.6039068 -0.5521702 0.01117849 0.8336565 -0.1683277 -0.02082413 0.9855112 -0.796843 0.005724549 -0.6041595 -0.7014462 0.01280999 -0.7126073 0.3603661 -0.00937438 -0.9327639 0.5381295 5.94505e-4 -0.8428619 0.8221083 0.008698463 -0.5692648 -0.4657588 0.6237955 0.6276527 0.6866603 0.5912794 0.4229496 0.2073956 0.8650759 0.4567611 0.2074437 0.8650725 0.4567459 0.2073578 0.8651731 0.4565945 0.04684162 0.08082461 0.9956271 -0.4524489 0.6883011 -0.5670377 0.4985185 0.8636214 -0.07508474 0.498583 0.8636144 -0.07473504 0.4986409 0.8636234 -0.07424211 0.8191034 0.5578189 -0.1338198 0.8187016 0.5582907 -0.1343109 0.8191673 0.5577359 -0.1337747 0.1257243 0.9859268 -0.11019 0.1256091 0.9859757 -0.109883 0.1256053 0.9860545 -0.1091781 -0.4470884 0.7181874 -0.5332157 -0.4471037 0.7178956 -0.5335957 -0.4469617 0.7182223 -0.5332749 0.4927941 0.7629524 -0.418399 -0.131852 0.9714905 -0.1970314 -0.08042526 0.8895466 -0.4497094 0.1348476 0.9892263 0.05698853 0.1348476 0.9892262 0.05698853 0.1348476 0.9892263 0.05698847 0.2358711 0.9546128 0.1818771 0.3475211 0.02851265 0.9372387 -0.9308811 0.03049063 0.3640479 -0.769926 0.01671415 0.6379142 0.9204266 -0.03493219 0.3893516 -0.2444939 -0.00349164 -0.9696446 -0.4241714 -0.01628166 -0.9054355 0.8385896 0.008804798 -0.5446927 0.5238175 0.6676512 0.5290151 0.5241138 0.6677132 0.5286434 -0.1741391 0.8823291 -0.437231 -0.5674009 0.6318447 -0.5280421 -0.5673502 0.6319913 -0.5279213 -0.567184 0.6321477 -0.5279124 0.6565364 0.6601913 -0.3648388 0.0862829 0.9933182 -0.07664334 -0.1490114 0.9781417 0.1450328 0.2167471 0.5208598 0.825667 0.2050444 0.03761309 0.9780297 0.7227512 0.008237719 0.6910592 -0.06563937 0.009117305 0.9978018 -0.5160809 -0.0137732 0.8564292 -0.9974733 0.02631938 -0.06598711 -0.3763162 0.03567832 -0.9258042 0.7268998 -0.01891493 -0.6864831 0.7610729 -0.01532196 -0.6484854 -0.8558145 0.01754277 -0.5169852 -0.4821013 0.7172388 0.5031371 0.7151264 0.6354656 0.2911664 -0.02325719 0.996535 0.0798577 -0.01588326 -0.02744907 0.9994971 -0.01588326 -0.02744907 0.9994971 -0.0158832 -0.02744907 0.9994971 0.007169961 0.9964037 0.08442932 0.4996196 0.8654561 0.03695929 0.4995763 0.865472 0.03717279 0.4996579 0.8654127 0.03745728 0.7951944 0.5982574 -0.09876269 0.7948881 0.5986121 -0.09907746 0.7951885 0.5982734 -0.09871226 5.94501e-5 0 -1 5.93739e-5 0 -1 5.93044e-5 0 -1 0.9943587 -0.1006662 0.03342288 0.1087412 0.9555094 0.2741848 -0.04061341 0.9983717 -0.04005664 -0.02107077 0.9955531 -0.09181523 0.7611863 0.01165342 0.6484286 0.4687465 -0.00786215 0.8832978 -0.5677381 0.03081214 0.8226325 -0.9982006 -0.01787477 -0.05723875 -0.7775612 0.0171051 -0.6285746 0.6088211 -0.002914786 -0.7933022 0.5632767 -0.007267713 -0.8262364 -0.6207955 0.5381091 0.570133 -0.6207956 0.5381091 0.570133 -0.6207955 0.5381091 0.570133 -0.2225615 -0.3846331 0.8958369 -0.2225615 -0.3846331 0.895837 -0.2225615 -0.3846331 0.8958369 0.7208353 0.5884492 0.3662296 0.1020563 0.9741754 0.2014119 0.102062 0.9741349 0.2016057 0.1022771 0.9741716 0.2013186 0 0 1 -0.7001889 0.533733 -0.4741991 -0.004325389 -0.005987167 -0.9999728 -0.004446268 -0.005829215 -0.9999731 -0.004753768 -0.006025195 -0.9999706 0.03926008 0.2550317 -0.9661353 0.03894066 0.255075 -0.9661368 0.03912627 0.2550386 -0.966139 0.3472028 0.8275514 -0.4411451 0.07437103 0.9970778 -0.01745802 -0.02003514 0.9992116 0.03427642 0.6664549 0.03471022 0.7447369 -0.9603005 0.0385822 0.2762869 -0.304297 -0.01021295 0.9525225 -0.9236912 0.005212247 -0.3831022 0.3316176 0.03688186 -0.9426927 -0.2444644 0.008095026 -0.9696245 0.9817376 -0.01651787 -0.1895221 -0.6782622 0.7342878 0.02796161 0.5247623 0.7684943 0.3661162 -0.003081202 0.9998902 -0.01449459 0.01875674 0.999802 -0.006643235 0.01412683 0.9998275 -0.01206767 0.003936052 0.9999246 -0.01163458 -0.006021559 0.9999306 -0.01013386 0.03152906 0.9992513 0.02242594 -0.04404723 0.9989771 0.01023226 -3.51451e-4 0.9998485 -0.0174089 -0.003137171 0.9998894 -0.01454377 0.03101247 0.9994828 0.008523166 0.005382955 0.9998307 0.0176028 0.01738727 0.9996349 -0.02068686 0.03412079 0.9993342 -0.0129202 0.01449739 0.9998716 -0.006848216 -0.003697574 0.9999926 0.001141846 0.01700258 0.9998419 0.005219042 0.009205222 0.9999138 0.009359121 0.006803035 0.9999763 -0.00102657 0.02946889 0.9994831 -0.01285254 0.02678942 0.9992166 -0.02913039 0.004756331 0.9999584 0.007786035 -0.005623698 0.999956 0.007515847 0.006220936 0.9999531 -0.00742495 0.004488945 0.9997088 0.02371114 0.004488945 0.9997088 0.02371114 0.004488945 0.9997089 0.02371114 -0.006795227 0.9999715 0.003299951 -0.2839584 0.956148 -0.07175511 -0.1282656 0.9747828 0.1826099 -0.9372639 -0.002974092 0.3486082 -0.678296 0.0560792 0.7326457 -0.4108992 -0.02759408 0.9112631 -0.0320127 0.09146058 0.995294 0.337896 0.1098914 0.934746 0.6626918 -0.02668428 0.7484167 0.8474932 0.06406652 0.526926 0.9820491 0.02102047 0.187451 0.9830411 0.105969 0.1496692 0.8557258 0.1145957 0.5045805 0.5798254 0.1325877 0.80388 0.3046538 0.02577877 0.9521144 -0.05142527 0.04451996 0.9976841 -0.3735076 0.05100381 0.9262239 -0.6917223 0.1144241 0.7130409 -0.9451192 0.1416361 0.2944301 -0.9973289 0.06609112 -0.03109717 0.9641484 0.0379762 -0.2626325 0.8292157 -0.03497034 -0.5578339 0.5975654 0.2240066 -0.769894 0.3291413 0.01292091 -0.9441923 0.03086775 -0.03739196 -0.9988239 -0.3047913 0.1942854 -0.9323924 -0.5896476 -0.05750739 -0.8056108 -0.833409 -0.02190917 -0.5522223 -0.980348 -0.1328612 -0.1458281 -0.9203187 0.1569328 -0.3583096 -0.7237887 0.1961873 -0.661544 -0.2877686 0.1429616 -0.9469695 0.2120996 0.1949377 -0.957608 0.6462187 0.1032986 -0.756129 0.9258942 0.1917761 -0.3254874 -0.4830107 0.8601182 0.1640045 -0.4061518 0.6901938 0.5988934 -0.05447393 0.8862527 0.4599879 0.09439706 0.9537997 0.2852287 0.2640241 0.9114968 0.3153803 0.5104268 0.8313006 0.2200085 0.2371493 0.9702468 0.04880142 0.2231056 0.9644876 0.1413775 0.2350675 0.933206 0.2717903 0.148092 0.9058086 0.3969628 -0.008960783 0.9629727 0.2694506 -0.1147055 0.960729 0.2526712 -0.1617254 0.972333 0.1685628 -0.2962731 0.9482048 0.1145862 0.8291465 0.5536166 -0.0776202 0.3946573 0.8733192 -0.2855861 0.3946573 0.8733191 -0.2855861 0.3946573 0.8733191 -0.2855861 0.1147832 0.9722968 -0.2036263 -0.01707196 0.7466731 -0.6649721 -0.3318973 0.8176565 -0.4704064 -0.8261812 0.5149412 -0.228605 -0.2836105 0.9580155 -0.04209208 -0.1729479 0.9781726 -0.1151854 -0.4264528 0.691318 -0.5832816 -0.07787311 0.9679294 -0.2388486 0.01218086 0.9286943 -0.3706462 0.07954144 0.9697512 -0.2307724 0.07960164 0.9696139 -0.2313278 0.5501581 -0.4393496 -0.7101395 0.307053 0.9289426 -0.2068434 0.2401283 0.9681611 -0.0707286 0.33475 0.7293685 -0.5966273 0.5114179 0.7754462 -0.3703176 0.61215 0.7886297 -0.05775535 0.5564988 0.7955094 0.2397371 0.4173602 0.7597711 0.4985564 0.2006036 0.7656083 0.6112301 0.06865733 0.6459596 0.7602778 0.3137887 0.674539 0.6682319 0.5673129 0.6262257 0.5347874 0.7812099 0.5982258 0.1784296 0.750063 0.6394751 -0.1687521 0.5564123 0.6799319 -0.4775961 0.3356458 0.728469 -0.5972228 0.05029034 0.6585154 -0.7508851 -0.07477641 0.7681604 0.6358759 -0.3512104 0.7798759 0.5181167 -0.5446537 0.8179877 0.185064 -0.6146275 0.7702625 -0.1700841 -0.3332083 0.8160332 -0.4722948 -0.01583993 0.78711 -0.6166092 -0.3250679 0.6266376 -0.708277 -0.6379745 0.5565887 -0.5321632 -0.5999096 0.7841091 -0.1590021 -0.7648048 0.6389372 0.08266198 -0.688022 0.6003013 0.4077551 -0.4166573 0.7190592 0.556193 -0.1861417 0.6600994 0.7277501 0.05765032 -0.01870393 0.9981617 0.4361461 -0.01623445 0.8997295 0.6870272 -0.003849625 0.7266216 0.9063858 -0.030689 0.4213348 0.9842563 0.01591634 0.1760289 0.9808824 -0.01503235 -0.19402 0.8221737 -0.02908289 -0.5684934 0.4378079 -0.0226503 -0.8987832 0.09456217 -0.006451845 -0.9954981 0.06671857 0.004491984 -0.9977618 0.4896625 0.002802252 -0.8719075 0.7590713 0.01494312 -0.6508361 0.9755249 -0.00364083 -0.219859 0.9747533 -0.008666515 0.2231168 0.7279205 0.01734179 0.6854422 0.4249062 -0.02135759 0.9049854 0.08998703 -0.007800281 0.9959125 -0.2020491 -0.03204089 -0.9788512 -0.4703264 -0.005827665 -0.8824733 -0.7700003 0.00292319 -0.6380369 -0.9694625 -0.001386106 -0.2452356 -0.9979559 -0.01839697 0.06120169 -0.8631889 -0.001338124 0.5048794 -0.6088125 -0.001104712 0.7933135 -0.3464418 -0.03096711 0.9375603 -0.247913 0.002242684 0.9687798 -0.5994758 0.002406895 0.8003893 -0.8603308 0.001201331 0.5097349 -0.9941887 0.001277029 0.1076445 -0.9665341 -0.005748927 -0.2564739 -0.7679538 0.001386821 -0.6405038 -0.416941 0.01230108 -0.9088503 0.3459461 -0.9074969 0.2382658 0.3826463 -0.8658809 -0.3222301 0.399154 -0.5088595 -0.7627176 -0.2685835 -0.8973374 -0.3502122 -0.4417094 -0.8798456 -0.1753987 -0.3050661 -0.9150552 0.2638344 -0.8019423 -0.3698678 0.4691339 -0.6200607 -0.7800337 0.08409643 -0.7291607 -0.3212265 -0.6042668 -0.03082191 -0.9933164 0.1112325 -0.00685203 -0.9997395 0.02177196 -0.08246082 -0.9964209 -0.01859551 -0.02039277 -0.9951769 -0.09595358 -0.02754682 -0.9978768 0.05901849 3.38098e-4 -1 1.55084e-4 0.01551759 -0.9966877 -0.07983082 0.09065097 -0.9957904 -0.01357001 4.67171e-4 -0.9954307 0.09548598 -0.07519763 -0.9951022 0.06416499 -0.0868774 -0.9962143 -0.003060042 -0.0151118 -0.9989654 -0.04289424 0.02476614 -0.9990672 0.03537607 0.03782391 -0.9944347 0.09833121 0.119417 -0.9898292 0.0773161 0.001616716 -0.9959041 0.09040194 0.1044691 -0.9943867 0.01677471 0.001081705 -0.9999995 -2.27265e-4 -0.01817959 -0.9992454 -0.03432416 0.007043659 -0.9998719 0.01437807 0.08174723 -0.9966095 -0.009332001 -0.02593624 -0.9982475 -0.05319094 0.01678794 -0.9972147 -0.07267105 0.06879478 -0.9972794 0.02647787 0.0597589 -0.9970378 -0.04841977 -0.9914833 -0.122538 0.04410558 -0.792371 -0.05918604 0.6071617 -0.4301036 -0.01096367 0.902713 0.04435861 -0.02971154 0.9985738 0.5803417 0.01677131 0.8142004 0.9052659 -0.05300498 0.4215258 0.9320983 0.04971921 0.3587766 0.573142 0.03256785 0.8188087 0.01787865 0.01286178 0.9997575 -0.422931 -3.36487e-4 0.9061619 -0.7606287 0.01096528 0.6490946 -0.9724033 0.1101283 0.2056785 0.9953026 0.01506531 -0.09563452 0.8606362 -0.04403799 -0.5073127 0.598613 -0.09550601 -0.7953245 0.1904684 0.02854341 -0.9812784 -0.2583268 -0.07048696 -0.9634827 -0.6076674 -0.06934463 -0.7911584 -0.8831247 0.01359134 -0.4689416 -0.90179 0.09916102 -0.4206449 -0.4340656 0.13819 -0.8902194 0.2242064 0.08779489 -0.970579 0.7715793 0.1173585 -0.6252139 0.9934353 -0.01508086 -0.1133969 -1.30334e-4 1 -3.05833e-5 3.19881e-4 1 -1.2197e-4 0.02479696 0.9994024 -0.02408707 3.71434e-4 1 -2.82689e-4 6.32845e-5 1 -1.34266e-4 -8.12903e-5 0.9999998 -5.62912e-4 -6.1025e-5 0.9999998 -6.37481e-4 -1.2766e-4 1 -1.73011e-4 0.05113226 0.9986796 0.004949152 3.9929e-4 0.9999999 -2.64784e-4 -2.72027e-5 0.9999998 -6.13611e-4 -1.22421e-4 1 -1.75764e-4 -1.10244e-4 1 1.02525e-5 2.16357e-4 0.9999997 8.07934e-4 1.64729e-4 0.9999997 8.77233e-4 -9.70077e-5 1 -4.39466e-5 -1.31059e-4 1 3.21358e-4 -1.33817e-4 1 8.0502e-5 5.00393e-4 0.9999996 7.75095e-4 5.59259e-4 0.9999998 2.97207e-4 3.58163e-4 0.9999999 3.49096e-4 -9.97342e-5 1 1.33528e-4 -6.44643e-5 1 3.31484e-4 6.86921e-4 0.9999995 8.96403e-4 1.05256e-4 1 -5.37444e-6 0.664301 0.7315122 0.1536039 0.5284729 0.7415165 0.413364 0.1975989 0.8415802 0.5026903 -0.1178023 0.8729736 0.4733286 -0.3759208 0.8442274 0.382052 -0.5384725 0.8333935 0.1245105 -0.8752268 0.335305 0.3486382 -0.6551012 0.5518436 0.5160536 -0.5003607 0.5491063 0.6694188 -0.3276317 0.5210286 0.788154 -0.3276317 0.5210286 0.788154 -0.04314589 0.1373662 0.9895802 0.2261742 0.695456 0.6820456 0.53713 0.3478137 0.768451 0.540911 0.7238904 0.4282501 0.8779495 0.3913609 0.275756 -0.5453124 0.8243659 -0.1518396 -0.3258246 0.8445483 -0.4249431 0.02135396 0.8690534 -0.4942573 0.3528558 0.7997257 -0.485728 0.6268993 0.7692488 -0.1235064 0.9053198 0.4172384 -0.07942593 0.640451 0.6398199 -0.4247977 0.5906655 0.7479352 -0.3028318 0.4877848 0.6301409 -0.6041428 0.328789 0.2319126 -0.9154859 -0.05410319 0.5012151 -0.8636297 -0.3723161 0.2576527 -0.8916254 -0.315793 0.8576338 -0.4058806 -0.7360795 0.3719986 -0.5655122 -0.8078577 0.5045259 -0.304663 -0.954769 0.297079 -0.01265937 0.9120984 0.04107487 -0.4079086 0.04231894 0.9925164 0.1145448 -0.00143063 0.9999985 -9.61866e-4 -0.04087996 0.9991615 0.002306103 0.02711421 0.99953 0.01431334 -0.001371085 0.9999986 -9.4181e-4 -0.001324415 0.9999986 -9.94483e-4 0.01761847 0.9987235 0.04733997 -0.002018332 0.9999961 0.001952111 0.1743919 0.828773 0.5317168 0.1743919 0.8287732 0.5317168 0.1743919 0.8287732 0.5317168 -8.92667e-5 0.9999976 0.002235889 0.01455909 0.9998735 0.006416738 0.02352762 0.9994764 0.02221393 -0.005007386 0.9878829 -0.1551212 -6.66162e-5 0.9999751 -0.007057309 0.01217246 0.999901 0.007062792 -0.02293264 0.9995988 -0.0166248 0.01120805 0.9983572 -0.05618977 -0.07714468 0.9968978 -0.01560658 0.04460781 0.998832 -0.01856952 -0.04038375 0.9991568 -0.007416009 0.003752708 0.9998586 -0.01639616 0.009614467 0.9938383 0.1104227 0.01159626 0.9981644 -0.05944275 0.0109024 0.9999392 -0.00170511 -0.05498957 0.9973177 0.04830753 -1.36526e-4 0.9999851 0.00546199 5.36399e-5 0.9999999 6.17723e-4 0.01635617 0.9998582 -0.004036247 -0.07880055 0.9968648 0.007142603 -0.02273344 0.9996028 -0.01665836 -0.006738245 0.9994942 -0.03108119 0.007748067 0.9987233 -0.04991805 -0.3526119 0.4202393 -0.8361004 -0.3526119 0.4202393 -0.8361004 -0.3526118 0.4202393 -0.8361005 -0.04341292 0.9988546 -0.02011972 -0.1131251 0.9901446 -0.08256256 -0.1898549 0.976846 0.09862637 -0.00828123 0.9999198 -0.009584307 -0.001707553 0.9999938 -0.003081619 -0.01625126 0.9969689 -0.07608467 0.001473248 0.9999976 0.001687645 0.02939176 0.9962477 0.08140516 0.05237036 0.9974 -0.04950606 0.01762163 0.9998429 -0.001938223 0.08245533 0.9965921 -0.002313852 0.002111673 0.9731591 0.230124 0.2260367 0.9736554 -0.0300439 2.71106e-4 0.9999129 -0.01320183 0.007870376 0.9984432 0.0552203 -0.01777338 0.9995693 0.02335083 -0.02332383 0.9969116 0.07498842 -0.283987 0.6795355 0.6764488 -0.283987 0.6795355 0.6764487 -0.283987 0.6795355 0.6764488 6.05953e-4 0.9999997 -6.17469e-4 -0.02910208 0.9994942 0.01283049 -1.85677e-4 0.9999993 -0.001164317 0.001066386 0.9999979 -0.001784682 -0.03226959 0.9994211 0.01077616 0.0568003 0.9958852 0.07061558 -0.001300036 0.9999688 0.007794737 0.001107752 0.9999979 -0.001733601 0.02061575 0.9997509 0.00857073 -0.4854556 0.874261 -8.68779e-4 -0.7625732 0.6375585 -0.1095507 -0.7520498 0.6586344 0.0249412 -0.4877749 0.7458689 -0.4536026 -0.5169131 0.6414629 -0.5668566 -0.00212419 0.6650666 -0.7467811 -0.006119549 0.7198892 -0.6940621 0.006512284 0.76677 -0.6418889 -0.788915 -0.03028398 -0.6137556 -0.674948 0.03175723 -0.7371816 0.4670231 0.7859623 -0.4051576 0.6595295 0.6437614 -0.388062 0.3269135 0.5932103 -0.7356828 -0.003040373 -0.02061629 -0.9997829 -0.004915773 -0.01085877 -0.999929 0.494418 0.869224 -7.28507e-4 0.6817932 0.7270701 0.08079087 0.6337749 0.7733829 -0.01443469 0.4055162 0.01739871 -0.9139222 0.8609285 0.03760361 -0.5073344 0.6188537 -0.04010492 -0.7844818 0.003558516 -0.6989668 -0.7151454 -0.003769218 -0.5975869 -0.8017954 -0.009394109 -0.6905128 -0.7232592 0.4466144 -0.6970184 -0.5609822 0.4486099 -0.6843576 -0.5748077 0.448981 -0.6843689 -0.5745044 0.4486078 -0.6843612 -0.5748053 0.7123823 -0.7017813 0.003806233 0.8124584 -0.5829938 -0.005466043 0.7254917 -0.6879669 -0.01906573 -0.5685945 -0.691715 -0.4452311 -0.5795594 -0.6813768 -0.4470309 -0.7766701 -0.629894 0.004161596 -0.7117806 -0.7023563 -0.008007168 -0.7120553 -0.702064 0.009139657 0.9999625 -0.00860244 -0.001071095 0.9995136 -0.03033769 -0.007229924 0.4051998 0.7859311 0.4670389 0.3880937 0.6436764 0.6595939 0.734031 0.5946629 0.3279858 0.5610688 -0.6970006 0.4465332 0.5782088 -0.6808915 0.4495127 -0.003596305 -0.6901874 0.7236218 0.003199338 -0.5942777 0.8042536 0.008698463 -0.6853789 0.7281348 0.9133828 0.01718413 0.406739 0.5073279 0.03762263 0.8609315 0.7854833 -0.0404182 0.6175616 -0.002716124 0.638181 0.7698817 0.004036784 0.7243412 0.6894299 -0.008335471 0.7212252 0.6926506 -0.4406838 -0.7065656 0.5536813 -0.4813061 -0.6667327 0.5690448 -0.003850936 0.01157301 0.9999257 0.004331409 -0.03072011 0.9995187 -0.6488426 -0.02230626 0.7605957 -0.7331721 0.0235219 0.6796362 -0.9998819 -0.01422125 0.005823731 -0.9998568 0.01669442 -0.002794623 -0.5324723 0.736652 0.4169138 -0.5693881 0.6325213 0.5250849 -0.7469727 0.374379 0.549429 -0.1657791 0.2002161 0.9656246 0.4625089 0.301507 0.833774 0.9686902 0.1089894 0.2230709 0.4458079 0.8651176 0.2298412 0.07270836 0.8947256 0.440658 -0.3558197 0.8571394 0.3724307 0.4906004 0.8594715 -0.1435963 0.753979 -0.09678381 -0.6497297 0.256085 0.1917783 -0.9474395 -0.1580367 0.8490176 -0.5041761 -0.5647801 0.2613706 -0.7827572 -0.9141907 0.3649642 -0.1762288 -0.5386801 0.8424792 -0.007248818 -0.4340912 0.8250393 -0.3617668 0.9425343 0.07749295 0.3249986 0.3595029 0.1149209 0.9260405 0.1648457 -0.1329386 0.9773194 -0.9834386 0.08370077 0.1607575 -0.6872301 -0.09804117 0.7197936 -0.5414702 0.1167632 0.8325722 0.8842312 -0.08811289 0.4586629 -0.2948426 -0.03035688 -0.9550635 0.8876417 0.07311064 -0.4546945 0.9580748 -0.07854145 -0.2755431 0.7501136 -0.009148836 -0.6612458 0.4844237 0.1011595 -0.8689652 0.2377053 -0.04802983 -0.9701492 -0.1734791 0.08797633 -0.9809002 -0.768885 -0.03290253 -0.63854 -0.8346174 0.08084803 -0.5448645 -0.9966903 -0.08024638 -0.0130009 -0.9967086 -0.08001053 -0.01305222 -0.9966951 -0.08020049 -0.0129165 -0.97642 0.1770771 0.1234819 -0.3591976 0.8548942 0.3743436 -0.1655721 0.2007769 0.9655436 0.5570798 -0.150933 0.8166281 0.9692179 0.2446979 0.02719461 0.9692179 0.2446979 0.02719455 0.9692179 0.2446979 0.02719461 0.36924 0.90969 0.1900684 0.07268971 0.894781 0.4405488 -0.355967 0.8570166 0.3725724 0.4541197 0.8752234 -0.1666112 0.7700605 0.2193517 -0.5990758 0.1752732 0.3663061 -0.9138376 -0.1579851 0.8491221 -0.5040163 -0.6426478 -0.04685831 -0.7647276 -0.5988813 0.8007981 -0.007984757 -0.4837332 0.7769573 -0.4029141 0.1996135 0.8342475 -0.51399 0.9294136 0.08631837 0.358803 0.2692103 0.03684085 0.9623765 0.165557 -0.09125703 0.9819689 -0.9357837 0.1420187 0.3227066 -0.6827222 -0.1502931 0.7150541 -0.4258065 0.1136708 0.8976458 0.8862726 -0.05678987 0.4596692 -0.2948439 -0.03035676 -0.9550631 0.8891891 0.04284161 -0.4555299 0.9350641 -0.09550982 -0.3413696 0.4864634 0.04329949 -0.8726274 0.3595481 -0.08952659 -0.928822 -0.1734797 0.08797645 -0.9809002 -0.7689005 -0.03290086 -0.6385215 -0.8504621 0.1153776 -0.5132273 -0.9921866 -0.1241453 -0.01240074 -0.4726042 0.133665 0.8710792 0.6404244 0.7675662 0.02643412 0.5971367 0.6705958 0.4401468 0.08667945 0.7222139 0.686217 -0.4718647 0.8699021 0.1435762 0.6766497 0.4164723 -0.6072034 0.2560935 0.1919437 -0.9474037 -0.1580502 0.8489857 -0.5042257 -0.5133211 0.3866367 -0.7661681 -0.9489569 0.266045 -0.1694132 -0.4159127 0.8407282 -0.3466884 0.8197041 0.05860275 0.5697816 0.1998602 0.0348457 0.9792047 0.1985292 0.03319036 0.9795329 -0.9853732 0.1246312 0.1162195 -0.8996719 -0.1016255 0.4245736 -0.5807729 0.1222721 0.8048308 -0.4862645 0.01233738 0.8737246 0.7561492 -0.03980565 0.6531876 0.998323 0.03424483 0.04667437 0.9972411 -0.05187928 -0.0530917 -0.2948455 -0.03035616 -0.9550628 0.8648237 0.08130842 -0.4954483 0.7731751 -0.02099466 -0.6338451 0.4844225 0.1011601 -0.8689658 0.2377074 -0.048029 -0.9701487 -0.1734793 0.08797729 -0.9809001 -0.7689 -0.03290086 -0.638522 -0.8289675 0.0694437 -0.554969 -0.9767896 -0.01649856 -0.2135651 -0.7382763 0.2555678 0.6242062 -0.2245671 0.3370363 0.9143174 0.4353286 0.5514427 0.711618 0.9644528 0.1589494 0.211107 0.5138756 0.826591 0.2295194 0.2783781 0.7824833 0.556979 0.3360372 0.9246732 -0.1790492 0.4734237 0.8635485 -0.1736497 0.6384012 0.4533993 -0.6219913 0.1753441 0.3664901 -0.9137503 -0.158016 0.8490611 -0.5041092 -0.6273928 0.03980362 -0.777685 -0.6384142 0.7684356 -0.04397886 -0.5388655 0.8423607 -0.007249712 -0.470113 0.7909735 -0.3916054 0.199584 0.8343086 -0.5139022 0.8194639 0.06409114 0.5695361 0.1983851 0.1261317 0.9719744 -0.9834443 0.08368766 0.1607286 -0.7826974 -0.06000483 0.6195032 -0.5689969 0.1495009 0.8086359 -0.1939152 -0.05161899 0.9796593 0.4425352 -0.1037862 0.890725 0.4422458 -0.1037114 0.8908774 0.9117371 -0.07275789 0.4042795 0.9957454 0.07963877 0.04635488 -0.2948442 -0.03035658 -0.9550631 0.8668733 0.04344081 -0.4966325 0.933763 -0.1090464 -0.3408747 0.4864639 0.04330015 -0.8726271 0.3595477 -0.08952546 -0.9288222 -0.1734787 0.0879774 -0.9809002 -0.7688847 -0.03290039 -0.6385405 -0.8346174 0.08084642 -0.544865 -0.9966857 -0.08029115 -0.01308435 -0.9967062 -0.08000934 -0.01324319 -0.9966905 -0.08024442 -0.01300042 6.28488e-4 0.9999986 0.001614511 -0.002477228 0.9999897 0.003810405 4.80035e-4 0.9999987 0.001590311 6.14856e-4 0.9999997 6.30038e-4 0.003295123 0.9999918 0.002343893 0.001806795 0.9999932 -0.003240048 -0.00640428 0.999979 0.00104618 9.60542e-4 0.9999995 3.35585e-4 -2.09776e-4 0.9999982 -0.001907587 -3.52647e-4 0.999998 -0.001998066 0.005846381 0.9999784 -0.002998471 -6.73718e-4 0.9999996 -6.51879e-4 -0.001760184 0.9999965 -0.002035021 -9.69805e-4 0.9999994 -6.36233e-4 -0.5709301 0.8209788 0.005721211 -0.4670876 0.5788278 0.6684216 -0.4672862 0.5778434 0.6691344 0.256335 0.7639536 0.5921718 0.9048758 0.3842155 0.1832439 0.2945837 0.71727 0.6314619 -0.9987785 -0.04933786 0.002710819 -0.5736665 0.02187716 0.8187969 -0.5901049 0.01202362 0.8072372 0.4033452 -0.003452956 0.9150415 0.9922199 0.01979786 0.1229135 0.4283513 -0.016254 0.9034662 0.5710616 0.820887 -0.005773484 0.4667818 0.579334 -0.6681967 0.4669665 0.5784242 -0.6688557 -0.2563831 0.7639074 -0.5922105 -0.9046443 0.3847475 -0.1832713 -0.2946995 0.7171376 -0.6315584 0.9995744 -0.02902597 -0.002908349 0.6913339 0.02975487 -0.7219225 0.5735405 -0.02702456 -0.8187314 -0.3066471 0.01833391 -0.9516468 -0.9664691 0.05240523 -0.2513791 -0.4283282 -0.0343886 -0.9029688 5.12926e-4 0.9999995 -9.2601e-4 0.002230048 0.999995 -0.002271413 1.83948e-4 0.9999992 -0.001342177 7.78021e-4 0.9999997 -3.95623e-4 -1.24227e-4 0.9999998 -5.89563e-4 -9.96053e-5 0.9999999 -5.64761e-4 -0.002880513 0.9999945 -0.001733243 -0.002664983 0.9999956 -0.001389503 0.001553654 0.9999943 0.002990663 -0.007809519 0.999966 0.002693235 5.30536e-4 0.9999982 0.001895546 6.29027e-4 0.9999986 0.001548647 -0.003528296 0.9999662 0.007443845 0.004654705 0.9999876 0.001797854 -0.9935177 0.01375025 0.1128436 -0.4402359 0.8654344 0.2391982 -0.1773564 0.3576478 0.9168603 0.004401862 0.8016427 0.5977874 0.740183 0.3326389 0.5843634 0.5625373 0.7717488 0.2965734 -0.8787805 -0.0492559 0.4746775 -0.7555368 0.01830202 0.6548506 -0.1024035 9.98201e-4 0.9947425 0.0126776 -0.042786 0.9990038 0.751028 0.05488693 0.6579852 0.8790436 -0.02858817 0.4758836 0.846637 0.3577393 -0.3939904 0.1993817 0.5000823 -0.8427128 -0.09444385 0.806148 -0.5841283 -0.5130499 0.4040889 -0.7572927 -0.4442183 0.8536756 -0.2718608 0.321834 0.8132146 -0.4848763 0.6154125 0.7767382 -0.1339601 0.9224494 0.04451262 -0.3835437 0.260816 0.03443622 -0.9647742 -0.1587069 -0.0349189 -0.9867082 -0.5598421 0.04186391 -0.8275411 -0.8535724 -0.05057728 -0.5185135 -0.9949077 0.04817736 -0.0885303 0.5520176 -0.03263747 -0.8331935 0.9758243 -0.01293706 -0.2181735 -6.73698e-4 0.9999996 -6.58723e-4 8.96191e-4 0.9999995 6.23848e-4 0.001389801 0.9999972 0.001961708 -3.5264e-4 0.999998 -0.001989662 3.10427e-4 0.9999983 0.001829385 3.82349e-4 0.9999983 0.001864969 0.004983961 0.9999876 2.31427e-4 -9.47988e-4 0.9999994 -6.36924e-4 -0.006235897 0.9999804 7.36442e-4 -0.002738177 0.9999892 0.003792643 0.005287051 0.9999815 -0.003025114 0.001806795 0.9999932 -0.003243505 6.26543e-4 0.9999996 6.55081e-4 -2.09795e-4 0.9999982 -0.001914203 -0.00164169 0.9999967 -0.002010762 -0.5709935 0.8209349 0.005695641 -0.4928701 0.6251093 0.6052416 -0.5238202 0.4061587 0.748764 -0.5236886 0.4062715 0.7487949 -0.5239797 0.4060443 0.7487145 -0.007084488 0.8101364 0.5861987 -0.006908535 0.8100904 0.5862645 -0.007371187 0.809925 0.5864872 0.3566142 0.4379774 0.8252285 0.3569199 0.4379888 0.8250903 0.3852633 0.8013199 0.4576666 0.8933218 0.4113916 0.1809231 0.5443711 0.8386103 -0.01982289 -0.9987838 -0.04923224 0.002663969 -0.9058635 0.04911339 0.420713 -0.6324458 -0.05059707 0.7729505 -0.009299576 0.02677512 0.9995983 -0.009381532 0.02661949 0.9996016 -0.009278893 0.02660292 0.9996031 0.02741426 0.04113543 0.9987775 0.6426984 -0.0394358 0.7651038 0.8915888 0.05175268 0.449879 0.9973219 -0.06094139 -0.04043924 0.5436336 0.3153159 -0.7778423 -0.2563688 0.7639449 -0.5921682 -0.9046916 0.3846217 -0.183301 -0.3910617 0.5709833 -0.7218371 0.2554782 0.7793437 -0.572149 0.8714557 0.05997872 -0.4867932 0.06585365 0.05319273 -0.9964106 -0.8852868 0.06340467 -0.460703 -0.4791296 -0.07041841 -0.874915 0.4096058 -0.04618966 -0.9110926 0.004984498 0.9999876 2.32772e-4 0.005286991 0.9999815 -0.003028512 -6.73698e-4 0.9999996 -6.51861e-4 -0.002613604 0.9999897 0.003712475 3.10427e-4 0.9999983 0.001835703 3.82349e-4 0.9999982 0.001873016 8.96292e-4 0.9999995 6.23687e-4 0.001806795 0.9999932 -0.003240048 0.001390457 0.9999971 0.001961469 -2.09795e-4 0.9999982 -0.001914203 -0.006404221 0.999979 0.00104624 6.26544e-4 0.9999996 6.48038e-4 -9.69708e-4 0.9999994 -6.3617e-4 -0.001760005 0.9999965 -0.002034723 -0.4928644 0.6251084 0.6052473 -0.5234186 0.406282 0.748978 -0.006508409 0.8099373 0.5864805 -0.006908833 0.8100897 0.5862654 -0.006987631 0.8099276 0.5864884 0.3569196 0.4379904 0.8250897 0.3852664 0.80129 0.4577161 0.8933377 0.4113557 0.1809261 0.5443706 0.8386107 -0.0198211 -0.905864 0.04911231 0.4207121 -0.009491264 0.02677863 0.9995964 -0.00961554 0.02656751 0.9996008 -0.009601473 0.02651047 0.9996025 0.6426595 -0.03942972 0.7651367 0.8915878 0.05176275 0.4498797 0.997322 -0.06094181 -0.04043513 0.5436598 0.3151406 -0.777895 -0.2563678 0.7639419 -0.5921727 -0.9046901 0.3846253 -0.1833007 -0.391104 0.5709025 -0.7218782 0.255429 0.7793676 -0.5721385 0.8714551 0.05998921 -0.4867928 0.06585359 0.05319112 -0.9964106 -0.8852865 0.06340467 -0.4607034 -0.4791517 -0.07041269 -0.8749033 0.4095457 -0.04618072 -0.9111201 0 -1 1.13008e-6 0 -1 0 0 -1 2.8974e-7 -1.95228e-5 -1 9.06646e-5 0 -1 -4.16668e-7 -5.99149e-4 -0.9999998 2.78357e-4 3.41113e-6 -1 1.2429e-4 -8.19891e-4 -0.9999997 -3.04884e-4 -5.71913e-4 -0.9999999 2.99003e-4 0 -1 -1.55586e-6 0 -1 -2.41389e-6 -1.31013e-4 -0.9999998 -7.45375e-4 0 -1 -1.21618e-6 0.00137782 -0.9999973 -0.00188589 -8.30777e-4 -0.9999982 -0.001736283 -6.62808e-5 -1 -1.71081e-5 -2.01596e-4 -0.9999998 -6.28653e-4 0 -1 1.90468e-6 -7.57514e-4 -0.9999983 -0.001717925 2.4786e-4 -0.9999996 -8.6575e-4 0.003511726 -0.9999569 0.008595824 2.35829e-4 -0.9999999 -5.37752e-4 0.001113355 -0.9999991 -8.45083e-4 -6.71856e-4 -0.9999991 -0.001183032 0.003241956 -0.9999616 0.008157908 5.74367e-4 -0.9999997 7.1301e-4 -0.02962642 -0.999561 -1.72933e-4 0.02470022 -0.9996894 -0.003334522 2.73641e-5 -1 -1.00093e-4 0 -1 4.86079e-7 8.56286e-4 -0.9999997 2.62262e-4 0 -1 -6.33141e-7 6.15588e-4 -0.9999998 -2.56474e-4 7.87492e-4 -0.9999997 -1.4819e-4 1.96205e-5 -1 -1.09886e-4 8.72121e-5 -1 4.55406e-5 2.3462e-5 -0.9999997 8.5271e-4 -1.29725e-4 -0.9999996 9.70273e-4 0 -1 -2.2121e-7 1.36498e-4 -0.9999998 6.53585e-4 0 -1 3.29997e-6 8.66048e-5 -1 4.3025e-5 0.9105457 -0.3939394 0.1253737 0.6530816 -0.7556607 -0.04961305 -0.04637444 -0.6410557 0.7660921 -0.01531016 -0.7276495 0.6857783 -0.8598176 -0.4937941 -0.129928 -0.6764675 -0.7093639 -0.197976 -0.03614354 0.1842018 0.9822238 0.00172013 0.1217596 0.9925582 1.50283e-6 -1 -1.21288e-4 -1.47722e-6 -1 1.17419e-4 -1.60057e-7 -1 -1.17828e-4 1.98587e-7 -1 1.19914e-4 -0.8173196 -0.05630415 -0.5734272 -0.9565531 0.1605463 -0.2433745 -0.8305094 -0.167318 0.5312803 0.03450608 0.07930713 -0.9962528 -0.001372098 0.02613216 -0.9996576 0.8192731 -0.1470873 0.5542173 0.9842996 0.1565155 -0.08159279 0.8283285 -0.1108356 -0.5491698 0.05086016 -0.5183331 -0.8536651 0.02275681 -0.6163615 -0.7871345</float_array>
          <technique_common>
            <accessor source="#shape0_003-mesh-normals-array" count="1576" stride="3">
              <param name="X" type="float"/>
              <param name="Y" type="float"/>
              <param name="Z" type="float"/>
            </accessor>
          </technique_common>
        </source>
        <vertices id="shape0_003-mesh-vertices">
          <input semantic="POSITION" source="#shape0_003-mesh-positions"/>
        </vertices>
        <triangles material="blank_metal-material" count="1460">
          <input semantic="VERTEX" source="#shape0_003-mesh-vertices" offset="0"/>
          <input semantic="NORMAL" source="#shape0_003-mesh-normals" offset="1"/>
          <p>1 0 0 0 2 0 1 1 2 1 3 1 5 2 3 2 6 2 5 3 6 3 7 3 8 4 7 4 9 4 10 5 9 5 11 5 10 6 11 6 12 6 9 7 10 7 8 7 7 8 8 8 5 8 3 9 5 9 4 9 3 10 4 10 1 10 0 11 1 11 23 11 13 12 12 12 14 12 15 13 14 13 16 13 15 14 16 14 17 14 19 15 17 15 20 15 19 16 20 16 21 16 22 17 21 17 0 17 0 18 23 18 22 18 21 19 22 19 19 19 17 20 19 20 18 20 17 21 18 21 15 21 14 22 15 22 13 22 12 23 13 23 10 23 26 24 25 24 24 24 27 25 24 25 25 25 27 26 28 26 24 26 28 27 27 27 29 27 26 28 30 28 25 28 30 29 31 29 32 29 31 30 30 30 26 30 28 31 33 31 24 31 26 32 33 32 31 32 26 33 24 33 33 33 28 34 39 34 33 34 36 35 31 35 33 35 36 36 32 36 31 36 29 37 39 37 28 37 34 38 36 38 35 38 36 39 34 39 32 39 34 40 35 40 37 40 36 41 33 41 35 41 38 42 33 42 39 42 38 43 35 43 33 43 38 44 37 44 35 44 38 45 40 45 37 45 40 46 39 46 29 46 39 47 40 47 38 47 37 48 41 48 44 48 34 49 44 49 45 49 41 50 37 50 40 50 25 51 46 51 47 51 45 52 32 52 34 52 41 53 40 53 42 53 29 54 49 54 43 54 32 55 50 55 48 55 48 56 25 56 30 56 42 57 40 57 43 57 49 58 29 58 27 58 25 59 48 59 46 59 29 60 43 60 40 60 49 61 27 61 47 61 32 62 48 62 30 62 25 63 47 63 27 63 50 64 32 64 45 64 37 65 44 65 34 65 52 66 45 66 51 66 53 67 45 67 52 67 54 68 50 68 53 68 55 69 48 69 54 69 48 70 55 70 46 70 50 71 54 71 48 71 45 72 53 72 50 72 44 73 51 73 45 73 41 74 51 74 44 74 56 75 47 75 55 75 57 76 49 76 56 76 58 77 43 77 57 77 59 78 43 78 58 78 60 79 42 79 59 79 51 80 41 80 60 80 42 81 60 81 41 81 43 82 59 82 42 82 49 83 57 83 43 83 47 84 56 84 49 84 46 85 55 85 47 85 53 86 61 86 54 86 62 87 51 87 60 87 61 88 53 88 52 88 52 89 62 89 61 89 54 90 61 90 63 90 64 91 56 91 63 91 64 92 59 92 58 92 66 93 59 93 64 93 51 94 62 94 52 94 56 95 64 95 57 95 54 96 63 96 55 96 57 97 64 97 58 97 60 98 66 98 62 98 59 99 66 99 60 99 55 100 63 100 56 100 67 101 64 101 68 101 68 102 64 102 69 102 69 103 64 103 70 103 70 104 63 104 71 104 63 105 70 105 64 105 64 106 67 106 66 106 66 107 65 108 62 109 71 110 63 110 72 110 72 111 61 111 73 112 73 113 61 113 74 113 74 114 61 115 75 116 75 117 62 117 76 117 76 118 62 119 65 120 62 121 75 121 61 121 61 122 72 123 63 124 79 125 78 125 77 125 80 126 77 126 78 126 80 127 81 127 77 127 81 128 80 128 82 128 79 129 83 129 78 129 83 130 84 130 85 130 84 131 83 131 79 131 81 132 86 132 77 132 79 133 86 133 84 133 79 134 77 134 86 134 81 135 92 135 86 135 89 136 84 136 86 136 89 137 85 137 84 137 82 138 92 138 81 138 87 139 89 139 88 139 89 140 87 140 85 140 87 141 88 141 90 141 89 142 86 142 88 142 91 143 86 143 92 143 91 144 88 144 86 144 91 145 90 145 88 145 91 146 93 146 90 146 93 147 92 147 82 147 92 148 93 148 91 148 78 149 98 149 95 149 99 150 90 150 97 150 82 151 94 151 97 151 80 152 95 152 100 152 96 153 90 153 99 153 94 154 82 154 100 154 100 155 82 155 80 155 97 156 90 156 93 156 83 157 102 157 101 157 85 158 103 158 102 158 96 159 85 159 87 159 101 160 78 160 83 160 85 161 96 161 103 161 78 162 95 162 80 162 78 163 101 163 98 163 82 164 97 164 93 164 85 165 102 165 83 165 90 166 96 166 87 166 105 167 99 167 104 167 106 168 96 168 105 168 107 169 102 169 106 169 108 170 102 170 107 170 109 171 101 171 108 171 101 172 109 172 98 172 102 173 108 173 101 173 103 174 106 174 102 174 96 175 106 175 103 175 99 176 105 176 96 176 110 177 95 177 109 177 111 178 100 178 110 178 112 179 94 179 111 179 113 180 97 180 112 180 104 181 97 181 113 181 97 182 104 182 99 182 94 183 112 183 97 183 100 184 111 184 94 184 95 185 110 185 100 185 98 186 109 186 95 186 114 187 106 187 105 187 116 188 110 188 109 188 115 189 107 189 114 189 107 190 115 190 108 190 104 191 124 191 114 191 106 192 114 192 107 192 108 193 115 193 116 193 112 194 121 194 119 194 108 195 116 195 109 195 112 196 124 196 113 196 124 197 104 197 113 197 114 198 105 198 104 198 124 199 112 199 119 199 111 200 116 200 121 200 121 201 112 201 111 201 110 202 116 202 111 202 117 203 124 203 118 203 121 204 116 204 122 204 122 205 116 205 123 205 121 206 120 206 119 206 119 207 118 207 124 207 123 208 115 209 125 210 125 211 115 212 126 213 126 214 115 214 127 214 127 215 114 215 128 215 128 216 114 216 129 216 129 217 124 218 117 217 124 219 129 219 114 219 114 220 127 220 115 220 115 221 123 221 116 221 132 222 131 222 130 222 133 223 130 223 131 223 133 224 134 224 130 224 134 225 133 225 135 225 132 226 136 226 131 226 136 227 137 227 138 227 137 228 136 228 132 228 134 229 139 229 130 229 132 230 139 230 137 230 132 231 130 231 139 231 134 232 145 232 139 232 142 233 137 233 139 233 142 234 138 234 137 234 135 235 145 235 134 235 140 236 142 236 141 236 142 237 140 237 138 237 140 238 141 238 143 238 142 239 139 239 141 239 144 240 139 240 145 240 144 241 141 241 139 241 144 242 143 242 141 242 144 243 146 243 143 243 146 244 145 244 135 244 145 245 146 245 144 245 143 246 149 246 147 246 148 247 143 247 147 247 146 248 156 248 149 248 131 249 151 249 153 249 148 250 138 250 140 250 149 251 143 251 146 251 135 252 150 252 156 252 151 253 136 253 152 253 150 254 135 254 155 254 155 255 133 255 153 255 155 256 135 256 133 256 151 257 131 257 136 257 152 258 138 258 154 258 135 259 156 259 146 259 138 260 152 260 136 260 131 261 153 261 133 261 154 262 138 262 148 262 143 263 148 263 140 263 157 264 147 264 165 264 158 265 148 265 157 265 159 266 154 266 158 266 160 267 152 267 159 267 161 268 151 269 160 270 151 271 161 271 153 271 152 272 160 273 151 274 154 275 159 275 152 275 148 276 158 276 154 276 147 277 157 277 148 277 162 278 153 278 161 278 163 279 155 279 162 279 164 280 150 280 163 280 165 281 156 281 164 281 149 282 165 282 147 282 156 283 165 283 149 283 150 284 164 284 156 284 155 285 163 285 150 285 153 286 162 286 155 286 158 287 166 287 159 287 159 288 166 288 168 288 167 289 157 289 165 289 157 290 167 290 166 290 166 291 158 291 157 291 168 292 160 292 159 292 171 293 164 293 169 293 165 294 171 294 167 294 169 295 164 295 163 295 162 296 168 296 169 296 160 297 168 297 161 297 164 298 171 298 165 298 161 299 168 299 162 299 162 300 169 300 163 300 172 301 169 301 173 301 173 302 169 302 174 302 174 303 169 303 175 303 175 304 168 304 176 304 170 305 167 305 171 305 168 306 175 306 169 306 169 307 172 308 171 309 176 310 168 310 177 310 177 311 166 311 178 311 178 312 166 312 179 312 179 313 166 313 180 313 180 314 167 314 181 314 170 315 181 315 167 315 167 316 180 316 166 316 166 317 177 317 168 317 184 318 183 318 182 318 185 319 182 319 183 319 185 320 186 320 182 320 186 321 185 321 187 321 184 322 188 322 183 322 188 323 189 323 190 323 189 324 188 324 184 324 186 325 191 325 182 325 184 326 191 326 189 326 184 327 182 327 191 327 194 328 190 328 189 328 187 329 197 329 186 329 192 330 194 330 193 330 194 331 192 331 190 331 192 238 193 238 195 238 194 332 191 332 193 332 196 333 191 333 197 333 196 334 193 334 191 334 194 335 189 335 191 335 186 336 197 336 191 336 196 337 195 337 193 337 196 338 198 338 195 338 198 339 197 339 187 339 197 340 198 340 196 340 187 341 202 341 199 341 195 342 200 342 206 342 202 343 185 343 201 343 202 344 187 344 185 344 190 345 204 345 205 345 206 346 190 346 192 346 195 347 207 347 200 347 187 348 199 348 207 348 201 349 183 349 203 349 190 350 206 350 204 350 203 351 183 351 188 351 203 352 188 352 205 352 207 353 195 353 198 353 183 354 201 354 185 354 190 355 205 355 188 355 187 356 207 356 198 356 195 357 206 357 192 357 208 358 206 358 217 358 209 359 204 359 208 359 210 360 205 360 209 360 211 361 205 362 210 362 212 363 203 363 211 363 205 364 211 364 203 364 204 365 209 365 205 365 206 366 208 366 204 366 200 367 217 367 206 367 213 368 201 368 212 368 214 369 202 369 213 369 215 370 199 370 214 370 216 371 207 371 215 371 217 372 207 372 216 372 207 373 217 373 200 373 199 374 215 374 207 374 202 375 214 375 199 375 201 376 213 376 202 376 203 377 212 377 201 377 231 378 208 378 217 378 218 379 209 379 208 379 220 380 217 380 216 380 217 381 220 381 231 381 208 382 231 382 218 382 209 383 218 383 210 383 210 384 218 384 219 384 219 385 211 385 210 385 211 386 219 386 212 386 214 387 224 387 222 387 220 388 215 388 222 388 224 389 213 389 219 389 215 390 220 390 216 390 214 391 222 391 215 391 212 392 219 392 213 392 213 393 224 393 214 393 224 394 219 394 225 394 225 395 219 396 226 397 224 398 223 398 222 398 222 399 221 399 220 399 226 400 219 401 227 402 227 403 218 403 228 403 228 404 218 404 229 404 229 405 218 406 230 407 231 408 230 408 218 408 218 409 227 410 219 411 235 412 232 412 233 412 233 413 234 413 235 413 236 414 234 414 233 414 233 415 237 415 236 415 233 416 232 416 237 416 238 417 237 417 232 417 238 418 232 418 235 418 238 419 235 419 234 419 234 420 236 420 239 420 234 421 239 421 238 421 240 422 238 422 239 422 241 423 242 423 243 423 244 424 245 424 246 424 242 425 248 425 243 425 241 426 243 426 247 426 244 427 246 427 249 427 245 428 250 428 246 428 247 429 245 429 241 429 242 430 244 431 249 432 249 433 248 433 242 433 247 434 250 434 245 434 244 435 242 435 251 435 252 436 253 436 254 436 256 437 257 437 258 437 256 438 260 439 261 438 260 440 262 440 261 440 260 441 265 441 263 441 263 442 262 442 260 442 254 443 264 443 252 443 260 444 236 444 237 444 238 445 265 445 260 445 238 446 240 446 265 446 237 447 238 447 260 447 240 448 239 448 265 448 236 449 300 449 239 449 300 450 265 450 239 450 266 451 260 451 258 451 267 452 236 453 260 454 268 455 252 455 236 455 267 456 268 456 236 456 255 457 273 457 269 457 274 458 259 458 269 458 274 459 270 459 271 459 269 460 270 460 274 460 259 461 255 461 269 461 272 462 256 462 301 462 272 463 273 463 256 463 301 464 271 464 272 464 255 465 256 465 273 465 303 466 259 466 274 466 245 467 244 468 275 469 244 470 255 470 275 470 275 471 276 472 245 473 256 474 255 474 278 474 279 475 257 475 256 475 255 476 244 477 277 478 278 479 279 479 256 479 277 480 278 480 255 480 282 481 258 481 257 481 253 482 281 482 251 482 280 483 253 483 252 483 251 484 282 484 257 484 258 485 280 485 252 485 280 486 281 486 253 486 254 487 253 487 283 487 284 488 253 488 285 488 286 489 285 489 287 489 287 490 254 490 288 490 288 491 286 491 287 491 283 492 288 492 254 492 285 493 286 493 284 493 254 494 287 494 289 494 293 495 252 495 290 495 289 496 292 496 291 496 291 497 254 497 289 497 293 498 290 498 292 498 252 499 264 499 290 499 289 500 293 500 292 500 252 501 293 502 294 503 295 504 293 504 296 504 293 505 295 505 294 505 296 506 297 506 295 506 298 507 236 507 252 507 294 508 298 508 252 508 299 509 296 509 236 509 299 510 297 510 296 510 236 511 296 511 300 511 301 512 302 512 263 512 265 513 301 513 263 513 271 514 301 514 274 514 274 515 245 515 303 515 245 516 276 516 303 516 242 517 241 517 304 517 305 518 242 518 304 518 304 519 306 519 305 519 251 520 242 520 308 520 307 521 309 521 251 521 310 522 306 522 309 522 251 523 308 523 307 523 307 524 310 524 309 524 311 525 253 525 251 525 253 526 311 526 312 526 251 527 309 527 311 527 285 528 253 528 312 528 310 529 305 529 306 529 298 530 299 530 236 530 266 531 258 531 252 531 256 532 302 532 301 532 258 533 260 533 256 533 251 534 257 534 244 534 306 535 313 535 314 535 314 536 309 536 306 536 313 537 316 537 314 537 313 538 315 538 316 538 316 539 312 539 311 539 314 540 311 540 309 540 311 541 314 541 316 541 312 542 316 542 315 542 315 543 285 543 312 543 317 544 331 544 293 544 318 545 317 545 287 545 320 546 319 546 306 546 321 547 320 547 304 547 322 548 321 548 245 548 315 549 318 549 285 549 319 550 318 550 315 550 306 551 319 551 313 551 315 552 313 552 319 552 241 553 245 553 321 553 304 554 241 554 321 554 306 555 304 555 320 555 287 556 285 556 318 556 289 557 287 557 317 557 293 558 289 558 317 558 323 559 262 560 263 561 254 562 324 562 264 562 324 563 254 563 291 563 325 564 279 564 278 564 326 565 322 565 274 565 327 566 326 566 274 566 328 567 327 567 301 567 329 568 328 568 265 568 330 569 329 569 300 569 331 570 330 570 296 570 296 571 293 571 331 571 300 572 296 572 330 572 265 573 300 573 329 573 301 574 265 574 328 574 274 575 301 575 327 575 245 576 274 576 322 576 322 577 326 577 332 577 321 578 332 578 333 578 333 579 320 579 321 579 332 580 321 580 322 580 261 581 262 581 256 581 302 582 256 582 263 582 256 583 336 583 334 583 323 584 334 584 335 584 334 585 323 585 263 585 334 586 263 586 256 586 323 587 335 587 336 587 336 588 256 588 262 588 336 589 262 589 323 589 336 590 335 590 334 590 264 591 292 591 290 591 264 592 339 592 337 592 292 593 337 593 338 593 337 594 292 594 264 594 338 595 291 595 292 595 324 596 338 596 339 596 338 597 324 597 291 597 264 598 324 598 339 598 340 599 338 599 337 599 337 600 339 600 340 600 340 601 339 601 338 601 260 602 266 602 341 602 341 603 266 603 252 603 341 604 267 604 260 604 267 605 252 606 268 607 267 608 341 608 342 608 342 609 343 609 267 609 343 610 344 610 267 610 344 611 252 611 267 611 341 612 252 612 345 612 344 613 345 613 252 613 345 614 342 614 341 614 344 615 343 615 346 615 343 616 342 616 346 616 345 617 346 618 342 619 345 620 344 620 346 620 347 621 298 622 294 623 294 624 295 624 347 624 297 625 299 625 295 625 347 626 299 626 298 626 299 627 347 627 348 627 347 628 352 628 348 628 348 629 349 629 299 629 349 630 350 630 295 630 349 631 295 631 299 631 350 632 351 632 295 632 347 633 295 633 351 633 351 634 352 634 347 634 353 635 350 635 349 635 353 636 349 636 348 636 348 637 352 637 356 637 356 638 353 639 348 640 356 641 352 642 354 643 353 644 356 644 354 645 354 646 352 647 353 648 356 649 355 649 354 649 352 650 351 651 353 651 351 652 350 652 353 652 253 653 284 653 357 653 283 654 286 655 288 656 286 657 357 657 284 657 358 658 283 659 253 660 357 661 358 661 253 661 358 662 357 662 362 662 362 663 359 663 358 663 359 664 360 664 358 664 283 665 358 665 360 665 286 666 283 666 360 666 360 667 361 667 286 667 357 668 286 668 361 668 361 669 362 669 357 669 364 670 363 670 360 670 364 671 360 671 359 671 364 672 359 672 362 672 361 673 360 673 363 673 362 674 361 674 364 674 363 675 364 676 361 677 269 678 273 678 270 678 271 679 365 679 366 679 366 680 272 680 271 680 365 681 271 681 270 681 272 682 366 682 367 682 273 683 367 683 365 683 365 684 270 684 273 684 367 685 273 685 272 685 368 686 366 686 365 686 365 687 367 687 368 687 367 688 366 688 368 688 303 689 276 690 369 691 370 692 276 692 275 692 303 693 255 693 259 693 370 694 369 694 276 694 255 695 370 695 275 695 303 696 369 696 371 696 371 697 372 697 303 697 372 698 373 698 255 698 372 699 255 699 303 699 373 700 370 700 255 700 373 701 374 701 370 701 369 702 370 702 374 702 374 703 375 703 369 703 369 704 375 704 371 704 373 705 372 705 376 705 372 706 371 706 379 706 379 707 376 708 372 709 379 710 371 710 377 710 373 711 375 711 374 711 375 712 379 713 377 714 377 715 371 716 375 717 375 718 376 719 379 720 379 649 378 649 377 649 376 721 375 722 373 723 277 724 244 724 380 724 257 725 279 725 380 725 380 726 244 726 257 726 380 727 325 728 277 729 278 730 277 730 325 730 325 731 381 731 382 731 279 732 382 732 383 732 382 733 279 733 325 733 381 734 325 734 380 734 383 735 384 735 380 735 383 736 380 736 279 736 384 737 381 737 380 737 385 738 382 739 381 738 384 740 383 740 382 740 382 741 385 742 384 743 385 744 381 744 384 744 251 745 281 745 282 745 258 746 386 746 280 746 386 747 258 747 282 747 386 748 282 748 387 748 387 749 388 749 386 749 388 750 389 750 386 750 389 751 280 751 386 751 280 752 389 752 390 752 390 753 391 753 281 753 282 754 281 754 391 754 282 755 391 755 387 755 390 756 281 756 280 756 388 757 390 757 389 757 388 758 387 758 394 758 394 759 391 759 388 759 394 760 387 761 392 762 388 763 391 763 390 763 391 764 394 765 392 766 392 767 387 768 391 769 394 770 393 771 392 772 242 773 305 773 395 773 242 774 395 774 308 774 308 775 310 775 307 775 310 776 395 776 305 776 399 777 396 777 395 777 308 778 395 778 396 778 396 779 397 779 308 779 310 780 308 780 397 780 397 781 398 781 310 781 395 782 310 782 398 782 398 783 399 783 395 783 396 784 400 785 397 786 401 787 399 788 402 789 396 790 399 790 401 790 401 791 400 792 396 793 402 794 403 794 401 794 398 795 397 795 400 795 400 796 401 797 402 798 402 799 399 800 400 801 399 802 398 802 400 802 243 803 250 803 247 803 250 804 249 804 246 804 250 805 406 805 404 805 249 806 404 806 405 806 404 807 249 807 250 807 405 808 248 808 249 808 243 809 405 809 406 809 405 810 243 810 248 810 250 811 243 811 406 811 407 812 405 812 404 812 404 813 406 813 407 813 407 601 406 601 405 601 408 814 327 814 328 814 411 815 330 815 331 815 411 816 329 816 330 816 412 817 328 817 329 817 409 818 326 818 327 818 414 819 332 819 326 819 415 820 320 820 333 820 328 821 412 821 408 821 327 822 408 822 409 822 326 823 409 823 410 823 326 824 410 824 413 824 329 825 411 825 412 825 417 826 333 826 332 826 331 827 416 827 411 827 326 828 413 828 414 828 416 829 331 829 317 829 420 830 317 830 318 830 317 831 418 831 416 831 332 832 414 832 417 832 333 833 417 833 415 833 317 834 420 834 418 834 415 835 319 835 320 835 319 836 419 836 420 836 420 837 318 838 319 839 319 840 415 840 419 840 421 841 416 841 418 841 422 842 412 842 411 842 411 843 439 843 423 843 422 844 423 844 424 844 422 845 424 845 425 845 412 846 425 846 426 846 408 847 426 847 427 847 410 848 427 848 428 848 410 849 428 849 429 849 413 850 429 850 430 850 430 851 414 851 413 851 429 852 413 852 410 852 427 853 410 853 409 853 427 854 409 854 408 854 426 855 408 855 412 855 425 856 412 856 422 856 423 857 422 857 411 857 439 858 411 858 416 858 439 859 416 859 421 859 414 860 430 860 431 860 417 861 431 861 432 861 417 862 432 862 433 862 415 863 433 863 434 863 419 864 434 864 435 864 419 865 435 865 436 865 420 866 436 866 437 866 418 867 437 867 438 867 421 868 438 868 439 868 438 869 421 869 418 869 437 870 418 870 420 870 436 871 420 871 419 871 434 872 419 872 415 872 433 873 415 873 417 873 431 874 417 874 414 874 451 875 440 875 439 875 440 876 441 876 424 876 441 877 442 877 425 877 442 878 443 878 427 878 443 879 444 879 427 879 444 880 445 880 429 880 430 881 429 881 445 881 429 882 428 882 444 882 428 883 427 883 444 883 427 884 426 884 442 884 426 885 425 885 442 885 425 886 424 886 441 886 424 887 423 887 440 887 423 888 439 888 440 888 445 889 446 889 430 889 446 890 447 891 432 892 447 893 448 893 432 893 448 894 449 894 435 894 449 895 450 895 437 895 450 896 451 896 438 896 439 897 438 897 451 897 438 898 437 898 450 898 437 899 436 899 449 899 436 900 435 900 449 900 435 901 434 901 448 901 434 902 433 903 448 903 433 904 432 904 448 904 432 905 431 905 446 905 431 906 430 906 446 906 452 907 448 907 447 907 454 908 447 908 446 908 455 909 446 909 445 909 456 910 445 910 444 910 457 911 444 911 443 911 458 912 443 912 442 912 442 913 459 913 458 913 443 914 458 914 457 914 444 915 457 915 456 915 445 916 456 916 455 916 446 917 455 917 454 917 447 918 454 918 453 918 447 919 453 919 452 919 448 920 452 920 466 920 459 921 442 921 441 921 460 922 441 922 440 922 462 923 440 923 451 923 463 924 451 924 450 924 465 925 450 925 449 925 466 926 449 926 448 926 449 927 466 927 465 927 450 928 465 928 464 928 450 929 464 929 463 929 451 930 463 930 462 930 440 931 462 931 461 931 440 932 461 932 460 932 441 933 460 933 459 933 459 934 483 934 467 934 458 935 467 935 468 935 457 936 468 936 469 936 456 937 469 937 470 937 456 938 470 938 471 938 455 939 471 939 472 939 454 940 472 940 473 940 452 941 473 941 474 941 452 942 474 942 475 942 475 943 466 943 452 943 473 944 452 944 453 944 473 945 453 945 454 945 472 946 454 946 455 946 471 947 455 947 456 947 469 948 456 948 457 948 468 949 457 949 458 949 467 950 458 950 459 950 466 951 475 951 476 951 465 952 476 952 477 952 465 953 477 953 478 953 464 954 478 954 479 954 463 955 479 955 480 955 462 956 480 956 481 956 461 957 481 957 482 957 460 958 482 958 483 958 483 959 459 959 460 959 482 960 460 960 461 960 481 961 461 961 462 961 480 962 462 962 463 962 479 963 463 963 464 963 478 964 464 964 465 964 476 965 465 965 466 965 469 966 468 966 470 966 473 967 472 967 484 967 484 968 474 968 473 968 477 969 476 969 485 969 478 970 485 970 479 970 481 971 486 971 482 971 486 972 481 972 480 972 486 973 480 973 479 973 485 974 478 974 477 974 483 975 482 975 492 975 482 976 486 976 488 976 479 977 485 977 493 977 476 978 475 978 489 978 487 979 492 979 482 979 490 980 493 980 485 980 475 981 474 981 489 981 472 982 471 982 497 982 467 983 483 983 492 983 488 984 487 984 482 984 486 985 479 985 493 985 485 986 476 986 490 986 491 987 495 987 468 987 468 988 467 988 491 988 470 989 468 989 495 989 492 990 491 990 467 990 471 991 470 991 494 991 493 992 488 992 486 992 474 993 484 993 496 993 484 994 472 994 496 994 494 995 497 995 471 995 489 996 490 996 476 996 496 997 489 997 474 997 495 998 494 998 470 998 497 999 496 999 472 999 493 1000 510 1000 498 1000 488 1001 498 1001 499 1001 487 1002 499 1002 500 1002 491 1003 500 1003 501 1003 495 1004 501 1004 502 1004 495 1005 502 1005 503 1005 503 1006 494 1006 495 1006 501 1007 495 1007 491 1007 500 1008 491 1008 492 1008 500 1009 492 1009 487 1009 499 1010 487 1010 488 1010 498 1011 488 1011 493 1011 497 1012 503 1012 504 1012 497 1013 504 1013 505 1013 496 1014 505 1014 506 1014 489 1015 506 1015 507 1015 489 1016 507 1016 508 1016 490 1017 508 1017 509 1017 490 1018 509 1018 510 1018 510 1019 493 1019 490 1019 508 1020 490 1020 489 1020 506 1021 489 1021 496 1021 505 1022 496 1022 497 1022 503 1023 497 1023 494 1023 516 1024 511 1024 503 1024 518 1025 512 1025 499 1025 511 1026 514 1026 504 1026 499 1027 498 1027 518 1027 500 1028 499 1028 512 1028 512 1029 513 1029 500 1029 513 1030 515 1030 501 1030 515 1031 516 1031 502 1031 514 1032 517 1032 504 1032 520 1033 518 1033 498 1033 501 1034 500 1034 513 1034 502 1035 501 1035 515 1035 504 1036 503 1036 511 1036 508 1037 507 1037 519 1037 522 1038 519 1038 507 1038 503 1039 502 1039 516 1039 517 1040 522 1040 506 1040 505 1041 504 1041 517 1041 519 1042 521 1042 509 1042 510 1043 509 1043 521 1043 521 1044 520 1044 510 1044 506 1045 505 1045 517 1045 507 1046 506 1046 522 1046 509 1047 508 1047 519 1047 498 1048 510 1048 520 1048 523 1049 511 1049 516 1049 524 1050 516 1050 515 1050 526 1051 515 1051 513 1051 528 1052 513 1052 512 1052 530 1053 512 1053 518 1053 532 1054 518 1054 520 1054 518 1055 532 1055 531 1055 518 1056 531 1056 530 1056 512 1057 530 1057 529 1057 512 1058 529 1058 528 1059 513 1060 528 1060 527 1060 513 1061 527 1061 526 1061 515 1062 526 1062 525 1062 515 1063 525 1063 524 1063 516 1064 524 1064 523 1064 533 1065 520 1065 521 1065 535 1066 521 1066 519 1066 538 1067 519 1067 522 1067 539 1068 522 1068 517 1068 542 1069 514 1069 511 1069 511 1070 523 1070 542 1070 517 1071 514 1071 541 1071 517 1072 541 1072 540 1072 517 1073 540 1073 539 1073 522 1074 539 1074 538 1074 519 1075 538 1075 537 1075 519 1076 537 1076 536 1076 519 1077 536 1077 535 1077 521 1078 535 1078 534 1078 521 1079 534 1079 533 1079 520 1080 533 1080 532 1080 514 1081 542 1081 541 1081 527 1082 544 1082 550 1082 545 1083 543 1083 548 1083 547 1084 549 1084 546 1084 525 1085 550 1085 524 1085 548 1086 549 1086 545 1086 547 1087 545 1087 549 1087 553 1088 550 1088 544 1088 546 1089 551 1089 547 1089 526 1090 527 1091 550 1092 546 1093 552 1093 551 1093 552 1094 523 1094 524 1094 525 1095 526 1095 550 1095 544 1096 543 1096 553 1096 543 1097 544 1097 548 1097 552 1098 546 1098 523 1098 523 1099 546 1099 554 1099 555 1100 556 1100 538 1100 546 1101 560 1101 558 1101 541 1102 542 1102 557 1102 559 1103 558 1103 560 1103 554 1104 557 1104 542 1104 561 1105 562 1105 559 1105 555 1106 538 1106 539 1106 542 1107 523 1107 554 1107 560 1108 561 1108 559 1108 561 1109 556 1109 562 1109 556 1110 555 1110 562 1110 539 1111 540 1111 555 1111 563 1112 532 1112 533 1112 563 1113 533 1113 534 1113 536 1114 556 1114 565 1114 556 1115 537 1115 538 1115 536 1116 537 1117 556 1118 566 1119 563 1119 567 1119 564 1120 534 1120 535 1120 565 1121 564 1121 535 1121 535 1122 536 1122 565 1122 563 1123 566 1123 532 1123 556 1124 573 1124 565 1124 571 1125 569 1125 570 1125 569 1126 568 1126 570 1126 571 1127 570 1127 573 1127 572 1128 569 1128 566 1128 567 1129 572 1129 566 1129 573 1130 556 1130 571 1130 569 1131 572 1131 568 1131 578 1132 544 1132 574 1132 544 1133 527 1133 528 1133 579 1134 529 1134 530 1134 579 1135 544 1135 529 1135 544 1136 528 1137 529 1138 577 1139 575 1139 576 1139 579 1140 530 1140 531 1140 544 1141 579 1141 574 1141 576 1142 578 1142 577 1142 531 1143 532 1143 580 1143 532 1144 566 1144 581 1144 532 1145 581 1145 580 1145 578 1146 574 1146 577 1146 576 1147 575 1147 566 1147 582 1148 611 1148 566 1148 611 1149 576 1149 566 1149 566 1150 569 1150 582 1150 582 1151 569 1151 571 1151 571 1152 583 1152 582 1152 586 1153 583 1153 556 1153 583 1154 571 1154 556 1154 556 1155 561 1155 586 1155 582 1156 585 1156 584 1156 582 1157 583 1157 585 1157 587 1158 561 1158 560 1158 560 1159 588 1159 587 1159 561 1160 587 1160 586 1160 585 1161 583 1161 586 1161 586 1162 589 1162 585 1162 598 1163 588 1163 546 1163 588 1164 560 1164 546 1164 546 1165 549 1165 598 1165 586 1166 587 1166 589 1166 587 1167 588 1167 590 1167 587 1168 590 1168 589 1168 589 1169 594 1169 591 1169 591 1170 585 1170 589 1170 591 1171 592 1171 585 1171 590 1172 593 1172 594 1172 594 1173 589 1174 590 1175 604 1176 603 1176 595 1176 595 1177 590 1177 604 1177 595 1178 593 1178 590 1178 585 1179 592 1179 596 1179 596 1180 584 1180 585 1180 608 1181 584 1181 597 1181 584 1182 596 1182 597 1182 597 1183 607 1183 608 1183 588 1184 598 1184 604 1184 604 1185 590 1185 588 1185 599 1186 549 1186 548 1186 548 1187 600 1187 599 1187 549 1188 599 1188 598 1188 602 1189 601 1189 603 1189 603 1190 604 1190 602 1190 610 1191 609 1191 605 1191 605 1192 602 1192 610 1192 605 1193 601 1193 602 1193 598 1194 599 1194 604 1194 599 1195 600 1195 602 1195 599 1196 602 1196 604 1196 606 1197 600 1197 544 1197 600 1198 548 1198 544 1198 544 1199 578 1199 606 1199 610 1200 607 1200 609 1200 607 1201 610 1201 608 1201 600 1202 606 1202 610 1202 610 1203 602 1203 600 1203 608 1204 610 1204 606 1204 606 1205 611 1205 608 1205 584 1206 608 1206 611 1206 611 1207 582 1207 584 1207 611 1208 578 1208 576 1208 578 1209 611 1209 606 1209 547 1210 551 1210 612 1210 551 1211 552 1211 613 1211 552 1212 524 1212 614 1212 524 1213 550 1213 615 1213 615 1214 614 1214 524 1214 614 1215 613 1215 552 1215 613 1216 612 1216 551 1216 550 1217 616 1217 615 1217 550 1218 553 1218 616 1218 553 1219 543 1219 617 1219 543 1220 618 1220 617 1220 543 1221 545 1221 618 1221 545 1222 547 1222 619 1222 612 1223 619 1223 547 1223 619 1224 618 1224 545 1224 627 1225 620 1225 615 1225 620 1226 621 1226 614 1226 613 1227 614 1227 621 1227 612 1228 622 1228 623 1228 622 1229 612 1229 613 1229 613 1230 621 1230 622 1230 620 1231 614 1231 615 1231 624 1232 617 1232 618 1232 626 1233 627 1233 616 1233 627 1234 615 1234 616 1234 626 1235 616 1235 553 1235 553 1236 625 1236 626 1236 553 1237 617 1237 625 1237 617 1238 624 1238 625 1238 624 1239 618 1239 619 1239 619 1240 623 1240 624 1240 623 1241 619 1242 612 1243 579 1244 531 1244 628 1244 531 1245 580 1245 628 1245 580 1246 581 1246 629 1246 581 1247 566 1247 630 1247 566 1248 575 1249 631 1250 631 1251 630 1251 566 1251 630 1252 629 1252 581 1252 629 1253 628 1253 580 1253 575 1254 632 1254 631 1254 575 1255 577 1255 632 1255 577 1256 574 1256 633 1256 574 1257 634 1257 633 1257 574 1258 579 1258 634 1258 628 1259 635 1259 579 1259 635 1260 634 1260 579 1260 633 1261 632 1261 577 1261 643 1262 636 1262 631 1262 636 1263 637 1263 630 1263 629 1264 630 1264 637 1264 628 1265 638 1265 639 1265 638 1266 628 1266 629 1266 629 1267 637 1267 638 1267 636 1268 630 1268 631 1268 640 1269 633 1269 634 1269 642 1270 643 1270 632 1270 643 1271 631 1271 632 1271 632 1272 641 1272 642 1272 632 1273 633 1273 641 1273 633 1274 640 1274 641 1274 640 1275 634 1275 635 1275 635 1276 639 1276 640 1276 639 1277 635 1277 628 1277 565 1278 573 1278 644 1278 568 1279 572 1279 646 1279 568 1280 645 1280 570 1280 645 1281 573 1281 570 1281 644 1282 564 1282 565 1282 572 1283 567 1283 646 1283 567 1284 563 1284 647 1284 563 1285 648 1285 647 1285 563 1286 534 1286 648 1286 534 1287 564 1287 649 1287 649 1288 648 1288 534 1288 650 1289 651 1289 568 1289 651 1290 652 1290 645 1290 573 1291 645 1291 652 1291 653 1292 654 1292 564 1292 653 1293 564 1293 644 1293 644 1294 652 1294 653 1294 652 1295 644 1295 573 1295 651 1296 645 1296 568 1296 568 1297 658 1297 650 1297 658 1298 568 1298 646 1298 655 1299 647 1299 648 1299 657 1300 658 1300 646 1300 657 1301 646 1301 567 1301 567 1302 656 1302 657 1302 567 1303 647 1303 656 1303 647 1304 655 1304 656 1304 655 1305 648 1305 649 1305 649 1306 654 1306 655 1306 654 1307 649 1307 564 1307 558 1308 559 1308 659 1308 559 1309 562 1309 660 1309 562 1310 555 1310 661 1310 555 1311 540 1311 662 1311 662 1312 661 1312 555 1312 661 1313 660 1313 562 1313 540 1314 541 1314 662 1314 541 1315 663 1315 662 1315 541 1316 557 1316 663 1316 557 1317 554 1317 664 1317 554 1318 665 1318 664 1318 554 1319 546 1319 665 1319 546 1320 558 1320 666 1320 659 1321 666 1321 558 1321 666 1322 665 1322 546 1322 664 1323 663 1323 557 1323 667 1324 668 1324 661 1324 668 1325 669 1325 660 1325 659 1326 670 1326 671 1326 670 1327 659 1327 559 1327 559 1328 669 1328 670 1328 669 1329 559 1329 660 1329 668 1330 660 1331 661 1330 667 1332 661 1332 662 1332 662 1333 675 1333 667 1333 672 1334 664 1334 665 1334 674 1335 675 1335 663 1335 675 1336 662 1336 663 1336 663 1337 673 1337 674 1337 663 1338 664 1338 673 1338 664 1339 672 1339 673 1339 672 1340 665 1340 666 1340 666 1341 671 1341 672 1341 671 1342 666 1343 659 1344 676 1345 621 1345 620 1345 622 1346 621 1346 679 1346 621 1347 676 1347 679 1347 620 1348 677 1348 676 1348 627 1349 678 1349 677 1349 678 1350 626 1350 625 1350 679 1351 623 1351 622 1351 620 1352 627 1352 677 1352 625 1353 680 1353 678 1353 625 1354 624 1354 680 1354 678 1355 627 1355 626 1355 681 1356 680 1356 624 1356 623 1357 679 1357 681 1357 624 1358 623 1358 681 1358 679 1359 683 1359 682 1359 679 1360 684 1360 683 1360 684 1361 679 1361 676 1361 676 1362 677 1362 685 1362 685 1363 677 1363 678 1363 685 1364 684 1364 676 1364 686 1365 682 1365 683 1365 686 1366 683 1366 684 1366 687 1367 686 1367 684 1367 688 1368 687 1368 684 1368 689 1369 688 1369 685 1369 684 1370 685 1370 688 1370 678 1371 690 1371 685 1371 678 1372 691 1372 690 1372 691 1373 678 1373 680 1373 680 1374 681 1374 682 1374 682 1375 681 1375 679 1375 682 1376 691 1376 680 1376 689 1377 685 1377 690 1377 690 1378 692 1378 689 1378 692 1379 690 1379 691 1379 693 1380 692 1380 691 1380 682 1381 686 1381 693 1381 691 1382 682 1382 693 1382 694 1383 642 1383 641 1383 694 1384 697 1384 643 1384 696 1385 695 1385 640 1385 694 1386 643 1386 642 1386 641 1387 695 1387 694 1387 641 1388 640 1388 695 1388 640 1389 639 1389 696 1389 699 1390 696 1390 639 1390 698 1391 699 1391 637 1391 699 1392 639 1392 638 1392 698 1393 637 1393 636 1393 697 1394 698 1394 636 1394 638 1395 637 1395 699 1395 636 1396 643 1396 697 1396 700 1397 696 1397 699 1397 699 1398 701 1398 700 1398 699 1399 698 1399 701 1399 698 1400 702 1400 701 1400 702 1401 698 1401 697 1401 697 1402 703 1402 702 1402 704 1403 700 1403 701 1403 701 1404 705 1404 704 1404 706 1405 705 1405 701 1405 701 1406 702 1406 706 1406 702 1407 707 1407 706 1407 707 1408 702 1408 703 1408 697 1409 694 1409 708 1409 694 1410 695 1410 709 1410 695 1411 710 1411 709 1411 710 1412 695 1412 696 1412 696 1413 700 1413 710 1413 709 1414 708 1414 694 1414 708 1415 703 1415 697 1415 711 1416 707 1416 708 1416 712 1417 711 1417 709 1417 712 1418 709 1418 710 1418 710 1419 713 1419 712 1419 713 1420 710 1420 700 1420 704 1421 713 1421 700 1421 708 1422 709 1422 711 1422 703 1423 708 1423 707 1423 714 1424 719 1424 655 1424 716 1425 651 1425 650 1425 650 1426 718 1426 716 1426 656 1427 655 1427 719 1427 652 1428 715 1428 717 1428 715 1429 652 1429 651 1429 718 1430 650 1430 658 1430 655 1431 654 1431 714 1431 654 1432 653 1432 717 1432 653 1433 652 1433 717 1433 718 1434 658 1434 657 1434 718 1435 657 1435 656 1435 651 1436 716 1436 715 1436 656 1437 719 1437 718 1437 654 1438 717 1438 714 1438 717 1439 721 1439 720 1439 717 1440 722 1440 721 1440 722 1441 717 1442 715 1443 715 1444 723 1445 722 1446 715 1447 716 1448 723 1448 716 1449 724 1449 723 1449 724 1450 716 1450 718 1450 718 1451 729 1451 724 1451 725 1452 720 1452 721 1452 721 1453 726 1453 725 1453 726 1454 721 1454 722 1454 722 1455 723 1456 726 1457 727 1458 726 1458 723 1458 727 1459 723 1459 724 1459 724 1460 728 1460 727 1460 724 1461 729 1461 728 1461 729 1462 718 1462 719 1462 719 1463 714 1463 720 1463 720 1464 714 1464 717 1464 720 1465 730 1465 719 1465 730 1466 729 1466 719 1466 729 1467 731 1467 728 1467 732 1468 731 1468 730 1468 720 1469 725 1469 732 1469 730 1470 720 1470 732 1470 729 1471 730 1471 731 1471 737 1472 667 1472 675 1472 737 1473 675 1473 674 1473 673 1427 672 1427 735 1427 738 1474 735 1474 672 1474 670 1475 669 1475 733 1475 669 1476 734 1476 733 1476 734 1477 669 1477 668 1477 736 1478 668 1478 667 1478 737 1479 674 1479 673 1479 667 1480 737 1480 736 1480 673 1481 735 1481 737 1481 733 1482 671 1482 670 1482 668 1483 736 1483 734 1483 672 1484 671 1484 738 1484 671 1485 733 1485 738 1485 733 1439 740 1439 739 1439 733 1486 741 1486 740 1486 741 1487 733 1487 734 1487 734 1488 742 1489 741 1490 734 1491 736 1491 742 1491 736 1492 743 1492 742 1492 743 1493 736 1493 737 1493 737 1494 748 1494 743 1494 744 1452 739 1452 740 1452 740 1495 745 1495 744 1495 745 1454 740 1454 741 1454 741 1496 742 1497 745 1498 746 1458 745 1458 742 1458 746 1499 742 1499 743 1499 743 1500 747 1500 746 1500 743 1501 748 1501 747 1501 748 1502 737 1502 735 1502 735 1503 738 1503 739 1503 739 1504 738 1504 733 1504 739 1505 749 1505 735 1505 749 1506 748 1506 735 1506 748 1507 750 1507 747 1507 751 1508 750 1508 749 1508 739 1509 744 1509 751 1509 749 1510 739 1510 751 1510 748 1511 749 1511 750 1511 595 1512 704 1512 750 1512 750 1513 751 1513 595 1513 704 1514 591 1514 747 1514 746 1515 591 1515 594 1515 591 1516 746 1516 747 1516 593 1517 744 1517 745 1517 745 1518 746 1518 594 1518 594 1519 593 1519 745 1519 593 1520 595 1520 744 1520 704 1521 747 1521 750 1521 751 1522 744 1522 595 1522 692 1523 601 1523 605 1523 605 1524 688 1524 689 1524 752 1525 686 1525 687 1525 688 1526 605 1526 752 1526 693 1527 686 1527 603 1527 601 1528 692 1528 693 1528 605 1529 689 1529 692 1529 752 1530 687 1530 688 1530 603 1531 601 1531 693 1531 595 1532 755 1532 754 1532 752 1533 605 1533 704 1533 753 1534 603 1534 686 1534 686 1535 752 1535 753 1535 704 1536 595 1536 754 1536 754 1537 752 1537 704 1537 595 1538 603 1538 755 1538 603 1539 753 1539 755 1539 609 1540 711 1540 712 1540 597 1541 706 1541 707 1541 609 1542 607 1542 711 1542 597 1543 705 1543 706 1543 607 1544 707 1544 711 1544 607 1545 597 1545 707 1545 705 1513 597 1513 704 1513 712 1513 713 1513 605 1513 712 1546 605 1546 609 1546 727 1547 728 1547 596 1547 597 1513 731 1513 732 1513 726 1548 727 1548 592 1548 596 1549 592 1549 727 1549 591 1550 704 1550 725 1550 704 1513 597 1513 732 1513 726 1551 592 1551 591 1551 725 1552 726 1552 591 1552 704 1513 732 1513 725 1513 597 1513 728 1513 731 1513 597 1553 596 1553 728 1553 713 1513 704 1513 605 1513 752 1554 754 1554 757 1554 757 1555 756 1555 752 1555 754 1556 755 1556 758 1556 758 1557 757 1557 754 1557 755 1558 753 1558 758 1558 753 1559 759 1559 758 1559 757 1560 758 1560 760 1560 760 1561 763 1561 757 1561 761 1562 765 1562 764 1562 765 1563 761 1563 763 1563 764 1564 762 1564 761 1564 763 1565 760 1565 765 1565 759 1566 764 1566 765 1566 765 1567 758 1567 759 1567 758 1568 765 1568 760 1568 759 1569 756 1569 762 1569 762 1570 764 1570 759 1570 757 1571 763 1571 761 1571 756 1572 757 1572 761 1572 756 1573 761 1573 762 1573 753 1574 752 1574 756 1574 756 1575 759 1575 753 1575</p>
        </triangles>
      </mesh>
    </geometry>
  </library_geometries>
  <library_visual_scenes>
    <visual_scene id="Scene" name="Scene">
      <node id="base" name="base" type="NODE">
        <matrix sid="transform">1 0 0 0 0 1 0 0.004 0 0 1 0.0182 0 0 0 1</matrix>
        <instance_geometry url="#shape0-mesh" name="base">
          <bind_material>
            <technique_common>
              <instance_material symbol="silver_metal-material" target="#silver_metal-material"/>
            </technique_common>
          </bind_material>
        </instance_geometry>
      </node>
      <node id="sensor_dome" name="sensor_dome" type="NODE">
        <matrix sid="transform">1 0 0 0 0 1 0 0.004 0 0 1 0.0182 0 0 0 1</matrix>
        <instance_geometry url="#shape0_002-mesh" name="sensor_dome">
          <bind_material>
            <technique_common>
              <instance_material symbol="green_glass-material" target="#green_glass-material"/>
            </technique_common>
          </bind_material>
        </instance_geometry>
      </node>
      <node id="power_plug" name="power_plug" type="NODE">
        <matrix sid="transform">1 0 0 0 0 1 0 0.004 0 0 1 0.0182 0 0 0 1</matrix>
        <instance_geometry url="#shape0_003-mesh" name="power_plug">
          <bind_material>
            <technique_common>
              <instance_material symbol="blank_metal-material" target="#blank_metal-material"/>
            </technique_common>
          </bind_material>
        </instance_geometry>
      </node>
      <node id="Camera" name="Camera" type="NODE">
        <matrix sid="transform">0.6859207 -0.3240135 0.6515582 7.358891 0.7276763 0.3054208 -0.6141704 -6.925791 0 0.8953956 0.4452714 4.976509 0 0 0 1</matrix>
        <instance_camera url="#Camera-camera"/>
      </node>
      <node id="Light" name="Light" type="NODE">
        <matrix sid="transform">-0.2908646 -0.7711008 0.5663932 4.076245 0.9551712 -0.1998834 0.2183912 1.005454 -0.05518906 0.6045247 0.7946723 5.922062 0 0 0 1</matrix>
        <instance_light url="#Light-light"/>
      </node>
    </visual_scene>
  </library_visual_scenes>
  <scene>
    <instance_visual_scene url="#Scene"/>
  </scene>
</COLLADA>
