<?xml version="1.0" encoding="utf-8"?>
<COLLADA xmlns="http://www.collada.org/2005/11/COLLADASchema" version="1.4.1" xmlns:xsi="http://www.w3.org/2001/XMLSchema-instance">
  <asset>
    <contributor>
      <author>Blender User</author>
      <authoring_tool>Blender 4.5.3 LTS commit date:2025-09-08, commit time:12:46, hash:67807e1800cc</authoring_tool>
    </contributor>
    <created>2025-10-15T14:46:33</created>
    <modified>2025-10-15T14:46:33</modified>
    <unit name="meter" meter="1"/>
    <up_axis>Z_UP</up_axis>
  </asset>
  <library_effects>
    <effect id="Metal_Coat-effect">
      <profile_COMMON>
        <technique sid="common">
          <lambert>
            <emission>
              <color sid="emission">0 0 0 1</color>
            </emission>
            <diffuse>
              <color sid="diffuse">0.2 0.2 0.2 1</color>
            </diffuse>
            <reflectivity>
              <float sid="specular">0.5</float>
            </reflectivity>
            <index_of_refraction>
              <float sid="ior">1.5</float>
            </index_of_refraction>
          </lambert>
        </technique>
      </profile_COMMON>
    </effect>
    <effect id="Grey_Glass-effect">
      <profile_COMMON>
        <technique sid="common">
          <lambert>
            <emission>
              <color sid="emission">0 0 0 1</color>
            </emission>
            <diffuse>
              <color sid="diffuse">0.2 0.2 0.2 1</color>
            </diffuse>
            <index_of_refraction>
              <float sid="ior">1.5</float>
            </index_of_refraction>
          </lambert>
        </technique>
      </profile_COMMON>
    </effect>
    <effect id="Black_Glass-effect">
      <profile_COMMON>
        <technique sid="common">
          <lambert>
            <emission>
              <color sid="emission">0 0 0 1</color>
            </emission>
            <diffuse>
              <color sid="diffuse">0 0 0 1</color>
            </diffuse>
            <index_of_refraction>
              <float sid="ior">1.4</float>
            </index_of_refraction>
          </lambert>
        </technique>
      </profile_COMMON>
    </effect>
  </library_effects>
  <library_images/>
  <library_materials>
    <material id="Metal_Coat-material" name="Metal Coat">
      <instance_effect url="#Metal_Coat-effect"/>
    </material>
    <material id="Grey_Glass-material" name="Grey Glass">
      <instance_effect url="#Grey_Glass-effect"/>
    </material>
    <material id="Black_Glass-material" name="Black Glass">
      <instance_effect url="#Black_Glass-effect"/>
    </material>
  </library_materials>
  <library_geometries>
    <geometry id="Plane-mesh" name="Plane">
      <mesh>
        <source id="Plane-mesh-positions">
          <float_array id="Plane-mesh-positions-array" count="2052">-0.006403148 -0.03066158 0.01241528 -0.004805326 -0.0306611 0.01237434 -0.00640285 -0.02851063 0.01247459 -0.004799962 -0.02851063 0.01247459 -0.009069323 -0.0306636 0.01163518 -0.009069323 -0.02851063 0.01163518 -0.009899973 -0.0306636 0.007422029 -0.009899973 -0.02851063 0.007422029 -0.009899973 -0.0306636 -0.007421433 -0.009899973 -0.02851063 -0.007421433 -0.009069323 -0.0306636 -0.01165175 -0.009069323 -0.02851063 -0.01165175 -0.004799962 -0.0306636 -0.01245874 -0.004799962 -0.02851063 -0.01245874 -0.00640285 -0.0306636 -0.01245874 -0.00640285 -0.02851063 -0.01245874 -0.00640285 -0.0306636 0.007422029 -0.00640285 -0.0306636 -0.007421433 -0.00640285 -0.02851063 0.007422029 -0.00640285 -0.02851063 -0.007421433 -0.00640285 -0.02666437 0.01247459 -0.004799962 -0.02666437 0.01247459 -0.00640285 -0.02451121 0.01247459 -0.004799962 -0.02451121 0.01247459 -0.009069323 -0.02666437 0.01163518 -0.009069323 -0.02451121 0.01163518 -0.009899973 -0.02666437 0.007422029 -0.009899973 -0.02451121 0.007422029 -0.009899973 -0.02666437 -0.007421433 -0.009899973 -0.02451121 -0.007421433 -0.009069323 -0.02666437 -0.01165175 -0.009069323 -0.02451121 -0.01165175 -0.004799962 -0.02666437 -0.01245874 -0.004799962 -0.02451121 -0.01245874 -0.00640285 -0.02666437 -0.01245874 -0.00640285 -0.02451121 -0.01245874 -0.00640285 -0.02666437 0.007422029 -0.00640285 -0.02666437 -0.007421433 -0.00640285 -0.02451121 0.007422029 -0.00640285 -0.02451121 -0.007421433 -0.00640285 -0.02266502 0.01247459 -0.004799962 -0.02266502 0.01247459 -0.00640285 -0.02051192 0.01247459 -0.004799962 -0.02051192 0.01247459 -0.009069323 -0.02266502 0.01163518 -0.009069323 -0.02051192 0.01163518 -0.009899973 -0.02266502 0.007422029 -0.009899973 -0.02051192 0.007422029 -0.009899973 -0.02266502 -0.007421433 -0.009899973 -0.02051192 -0.007421433 -0.009069323 -0.02266502 -0.01165175 -0.009069323 -0.02051192 -0.01165175 -0.004799962 -0.02266502 -0.01245874 -0.004799962 -0.02051192 -0.01245874 -0.00640285 -0.02266502 -0.01245874 -0.00640285 -0.02051192 -0.01245874 -0.00640285 -0.02266502 0.007422029 -0.00640285 -0.02266502 -0.007421433 -0.00640285 -0.02051192 0.007422029 -0.00640285 -0.02051192 -0.007421433 -0.00640285 -0.01866567 0.01247459 -0.004799962 -0.01866567 0.01247459 -0.00640285 -0.01651257 0.01247459 -0.004799962 -0.01651257 0.01247459 -0.009069323 -0.01866567 0.01163518 -0.009069323 -0.01651257 0.01163518 -0.009899973 -0.01866567 0.007422029 -0.009899973 -0.01651257 0.007422029 -0.009899973 -0.01866567 -0.007421433 -0.009899973 -0.01651257 -0.007421433 -0.009069323 -0.01866567 -0.01165175 -0.009069323 -0.01651257 -0.01165175 -0.004799962 -0.01866567 -0.01245874 -0.004799962 -0.01651257 -0.01245874 -0.00640285 -0.01866567 -0.01245874 -0.00640285 -0.01651257 -0.01245874 -0.00640285 -0.01866567 0.007422029 -0.00640285 -0.01866567 -0.007421433 -0.00640285 -0.01651257 0.007422029 -0.00640285 -0.01651257 -0.007421433 -0.00640285 -0.01466625 0.01247459 -0.004799962 -0.01466625 0.01247459 -0.00640285 -0.01251322 0.01247459 -0.004799962 -0.01251322 0.01247459 -0.009069323 -0.01466625 0.01163518 -0.009069323 -0.01251322 0.01163518 -0.009899973 -0.01466625 0.007422029 -0.009899973 -0.01251322 0.007422029 -0.009899973 -0.01466625 -0.007421433 -0.009899973 -0.01251322 -0.007421433 -0.009069323 -0.01466625 -0.01165175 -0.009069323 -0.01251322 -0.01165175 -0.004799962 -0.01466625 -0.01245874 -0.004799962 -0.01251322 -0.01245874 -0.00640285 -0.01466625 -0.01245874 -0.00640285 -0.01251322 -0.01245874 -0.00640285 -0.01466625 0.007422029 -0.00640285 -0.01466625 -0.007421433 -0.00640285 -0.01251322 0.007422029 -0.00640285 -0.01251322 -0.007421433 -0.00640285 -0.01066696 0.01247459 -0.004799962 -0.01066696 0.01247459 -0.00640285 -0.008513927 0.01247459 -0.004799962 -0.008513927 0.01247459 -0.009069323 -0.01066696 0.01163518 -0.009069323 -0.008513927 0.01163518 -0.009899973 -0.01066696 0.007422029 -0.009899973 -0.008513927 0.007422029 -0.009899973 -0.01066696 -0.007421433 -0.009899973 -0.008513927 -0.007421433 -0.009069323 -0.01066696 -0.01165175 -0.009069323 -0.008513927 -0.01165175 -0.004799962 -0.01066696 -0.01245874 -0.004799962 -0.008513927 -0.01245874 -0.00640285 -0.01066696 -0.01245874 -0.00640285 -0.008513927 -0.01245874 -0.00640285 -0.01066696 0.007422029 -0.00640285 -0.01066696 -0.007421433 -0.00640285 -0.008513927 0.007422029 -0.00640285 -0.008513927 -0.007421433 -0.00640285 -0.006667613 0.01247459 -0.004799962 -0.006667613 0.01247459 -0.00640285 -0.004514575 0.01247459 -0.004799962 -0.004514575 0.01247459 -0.009069323 -0.006667613 0.01163518 -0.009069323 -0.004514575 0.01163518 -0.009899973 -0.006667613 0.007422029 -0.009899973 -0.004514575 0.007422029 -0.009899973 -0.006667613 -0.007421433 -0.009899973 -0.004514575 -0.007421433 -0.009069323 -0.006667613 -0.01165175 -0.009069323 -0.004514575 -0.01165175 -0.004799962 -0.006667613 -0.01245874 -0.004799962 -0.004514575 -0.01245874 -0.00640285 -0.006667613 -0.01245874 -0.00640285 -0.004514575 -0.01245874 -0.00640285 -0.006667613 0.007422029 -0.00640285 -0.006667613 -0.007421433 -0.00640285 -0.004514575 0.007422029 -0.00640285 -0.004514575 -0.007421433 -0.00640285 -0.002668321 0.01247459 -0.004799962 -0.002668321 0.01247459 -0.00640285 -5.15285e-4 0.01247459 -0.004799962 -5.15285e-4 0.01247459 -0.009069323 -0.002668321 0.01163518 -0.009069323 -5.15285e-4 0.01163518 -0.009899973 -0.002668321 0.007422029 -0.009899973 -5.15285e-4 0.007422029 -0.009899973 -0.002668321 -0.007421433 -0.009899973 -5.15285e-4 -0.007421433 -0.009069323 -0.002668321 -0.01165175 -0.009069323 -5.15285e-4 -0.01165175 -0.004799962 -0.002668321 -0.01245874 -0.004799962 -5.15285e-4 -0.01245874 -0.00640285 -0.002668321 -0.01245874 -0.00640285 -5.15285e-4 -0.01245874 -0.00640285 -0.002668321 0.007422029 -0.00640285 -0.002668321 -0.007421433 -0.00640285 -5.15285e-4 0.007422029 -0.00640285 -5.15285e-4 -0.007421433 -0.00640285 0.001330912 0.01247459 -0.004799962 0.001330912 0.01247459 -0.00640285 0.003483951 0.01247459 -0.004799962 0.003483951 0.01247459 -0.009069323 0.001330912 0.01163518 -0.009069323 0.003483951 0.01163518 -0.009899973 0.001330912 0.007422029 -0.009899973 0.003483951 0.007422029 -0.009899973 0.001330912 -0.007421433 -0.009899973 0.003483951 -0.007421433 -0.009069323 0.001330912 -0.01165175 -0.009069323 0.003483951 -0.01165175 -0.004799962 0.001330912 -0.01245874 -0.004799962 0.003483951 -0.01245874 -0.00640285 0.001330912 -0.01245874 -0.00640285 0.003483951 -0.01245874 -0.00640285 0.001330912 0.007422029 -0.00640285 0.001330912 -0.007421433 -0.00640285 0.003483951 0.007422029 -0.00640285 0.003483951 -0.007421433 -0.00640285 0.005330204 0.01247459 -0.004799962 0.005330204 0.01247459 -0.00640285 0.007483363 0.01247459 -0.004799962 0.007483363 0.01247459 -0.009069323 0.005330204 0.01163518 -0.009069323 0.007483363 0.01163518 -0.009899973 0.005330204 0.007422029 -0.009899973 0.007483363 0.007422029 -0.009899973 0.005330204 -0.007421433 -0.009899973 0.007483363 -0.007421433 -0.009069323 0.005330204 -0.01165175 -0.009069323 0.007483363 -0.01165175 -0.004799962 0.005330204 -0.01245874 -0.004799962 0.007483363 -0.01245874 -0.00640285 0.005330204 -0.01245874 -0.00640285 0.007483363 -0.01245874 -0.00640285 0.005330204 0.007422029 -0.00640285 0.005330204 -0.007421433 -0.00640285 0.007483363 0.007422029 -0.00640285 0.007483363 -0.007421433 -0.00640285 0.009329617 0.01247459 -0.004799962 0.009329617 0.01247459 -0.00640285 0.01148265 0.01247459 -0.004799962 0.01148265 0.01247459 -0.009069323 0.009329617 0.01163518 -0.009069323 0.01148265 0.01163518 -0.009899973 0.009329617 0.007422029 -0.009899973 0.01148265 0.007422029 -0.009899973 0.009329617 -0.007421433 -0.009899973 0.01148265 -0.007421433 -0.009069323 0.009329617 -0.01165175 -0.009069323 0.01148265 -0.01165175 -0.004799962 0.009329617 -0.01245874 -0.004799962 0.01148265 -0.01245874 -0.00640285 0.009329617 -0.01245874 -0.00640285 0.01148265 -0.01245874 -0.00640285 0.009329617 0.007422029 -0.00640285 0.009329617 -0.007421433 -0.00640285 0.01148265 0.007422029 -0.00640285 0.01148265 -0.007421433 -0.00640285 0.0133289 0.01247459 -0.004799962 0.0133289 0.01247459 -0.00640285 0.01548194 0.01247459 -0.004799962 0.01548194 0.01247459 -0.009069323 0.0133289 0.01163518 -0.009069323 0.01548194 0.01163518 -0.009899973 0.0133289 0.007422029 -0.009899973 0.01548194 0.007422029 -0.009899973 0.0133289 -0.007421433 -0.009899973 0.01548194 -0.007421433 -0.009069323 0.0133289 -0.01165175 -0.009069323 0.01548194 -0.01165175 -0.004799962 0.0133289 -0.01245874 -0.004799962 0.01548194 -0.01245874 -0.00640285 0.0133289 -0.01245874 -0.00640285 0.01548194 -0.01245874 -0.00640285 0.0133289 0.007422029 -0.00640285 0.0133289 -0.007421433 -0.00640285 0.01548194 0.007422029 -0.00640285 0.01548194 -0.007421433 -0.00640285 0.01732832 0.01247459 -0.004799962 0.01732832 0.01247459 -0.00640285 0.01948136 0.01247459 -0.004799962 0.01948136 0.01247459 -0.009069323 0.01732832 0.01163518 -0.009069323 0.01948136 0.01163518 -0.009899973 0.01732832 0.007422029 -0.009899973 0.01948136 0.007422029 -0.009899973 0.01732832 -0.007421433 -0.009899973 0.01948136 -0.007421433 -0.009069323 0.01732832 -0.01165175 -0.009069323 0.01948136 -0.01165175 -0.004799962 0.01732832 -0.01245874 -0.004799962 0.01948136 -0.01245874 -0.00640285 0.01732832 -0.01245874 -0.00640285 0.01948136 -0.01245874 -0.00640285 0.01732832 0.007422029 -0.00640285 0.01732832 -0.007421433 -0.00640285 0.01948136 0.007422029 -0.00640285 0.01948136 -0.007421433 -0.00640285 0.02132761 0.01247459 -0.004799962 0.02132761 0.01247459 -0.00640285 0.02348071 0.01247459 -0.004799962 0.02348071 0.01247459 -0.009069323 0.02132761 0.01163518 -0.009069323 0.02348071 0.01163518 -0.009899973 0.02132761 0.007422029 -0.009899973 0.02348071 0.007422029 -0.009899973 0.02132761 -0.007421433 -0.009899973 0.02348071 -0.007421433 -0.009069323 0.02132761 -0.01165175 -0.009069323 0.02348071 -0.01165175 -0.004799962 0.02132761 -0.01245874 -0.004799962 0.02348071 -0.01245874 -0.00640285 0.02132761 -0.01245874 -0.00640285 0.02348071 -0.01245874 -0.00640285 0.02132761 0.007422029 -0.00640285 0.02132761 -0.007421433 -0.00640285 0.02348071 0.007422029 -0.00640285 0.02348071 -0.007421433 -0.00640285 0.0253269 0.01247459 -0.004799962 0.0253269 0.01247459 -0.00640285 0.02748006 0.01247459 -0.004799962 0.02748006 0.01247459 -0.009069323 0.0253269 0.01163518 -0.009069323 0.02748006 0.01163518 -0.009899973 0.0253269 0.007422029 -0.009899973 0.02748006 0.007422029 -0.009899973 0.0253269 -0.007421433 -0.009899973 0.02748006 -0.007421433 -0.009069323 0.0253269 -0.01165175 -0.009069323 0.02748006 -0.01165175 -0.004799962 0.0253269 -0.01245874 -0.004799962 0.02748006 -0.01245874 -0.00640285 0.0253269 -0.01245874 -0.00640285 0.02748006 -0.01245874 -0.00640285 0.0253269 0.007422029 -0.00640285 0.0253269 -0.007421433 -0.00640285 0.02748006 0.007422029 -0.00640285 0.02748006 -0.007421433 -0.00640285 0.02932626 0.01247459 -0.004799962 0.02932626 0.01247459 -0.006402373 0.03147333 0.01236635 -0.004800558 0.0314663 0.0123279 -0.009069323 0.02932626 0.01163518 -0.009069323 0.03147929 0.01163518 -0.009899973 0.02932626 0.007422029 -0.009899973 0.03147929 0.007422029 -0.009899973 0.02932626 -0.007421433 -0.009899973 0.03147929 -0.007421433 -0.009069323 0.02932626 -0.01165175 -0.009069323 0.03147929 -0.01165175 -0.004799962 0.02932626 -0.01245874 -0.004799962 0.03147929 -0.01245874 -0.00640285 0.02932626 -0.01245874 -0.00640285 0.03147929 -0.01245874 -0.00640285 0.02932626 0.007422029 -0.00640285 0.02932626 -0.007421433 -0.00640285 0.03147929 0.007422029 -0.00640285 0.03147929 -0.007421433 -0.00640285 -0.03520017 0.01177638 -0.004799962 -0.03520017 0.01177638 -0.006403625 -0.03248006 0.01227599 -0.004799962 -0.03247225 0.0122236 -0.009069323 -0.03520017 0.01163518 -0.009069323 -0.03247225 0.01163518 -0.009899973 -0.03520017 0.007422029 -0.009899973 -0.03247225 0.007422029 -0.009899973 -0.03520017 -0.007421433 -0.009899973 -0.03247225 -0.007421433 -0.009069323 -0.03520017 -0.01165175 -0.009069323 -0.03247225 -0.01165175 -0.004799962 -0.03520017 -0.01177638 -0.004799962 -0.03247225 -0.01223576 -0.00640285 -0.03520017 -0.01177638 -0.00640285 -0.03247225 -0.01223576 -0.00640285 -0.03520017 0.007422029 -0.00640285 -0.03520017 -0.007421433 -0.00640285 -0.03304708 0.007422029 -0.00640285 -0.03304708 -0.007421433 -0.00640285 0.03520017 0.01177638 -0.004799962 0.03520017 0.01177638 -0.006403028 0.03320986 0.01218748 -0.004802048 0.03320586 0.01215362 -0.009069323 0.03520017 0.01163518 -0.009069323 0.03321498 0.01163518 -0.009899973 0.03520017 0.007422029 -0.009899973 0.03321498 0.007422029 -0.009899973 0.03520017 -0.007421433 -0.009899973 0.03321498 -0.007421433 -0.009069323 0.03520017 -0.01165175 -0.009069323 0.03321498 -0.01165175 -0.004799962 0.03520017 -0.01177638 -0.004799962 0.03321498 -0.01223576 -0.00640285 0.03520017 -0.01177638 -0.00640285 0.03321498 -0.01223576 -0.00640285 0.03520017 0.007422029 -0.00640285 0.03520017 -0.007421433 -0.00640285 0.03304708 0.007422029 -0.00640285 0.03304708 -0.007421433 -0.004799962 0.03520017 0.007422029 -0.004799962 0.03520017 -0.007421433 -0.004799962 -0.03520017 0.007422029 -0.004799962 -0.03520017 -0.007421433 -0.001030564 -0.03520017 0.0116567 -0.001030445 -0.03520017 -0.01165503 -0.001030564 0.03520017 0.01165503 -0.001030445 0.03520017 -0.0116567 -0.001030564 0.03520017 0.007422029 -0.001030564 0.03520017 -0.007421433 -0.001030564 -0.03520017 0.007422029 -0.001030564 -0.03520017 -0.007421433 -9.9115e-4 0.04161083 -0.008054614 -0.001036167 0.03891789 0.01019358 -0.001060307 0.03749018 0.01090419 -0.001081109 0.03627771 0.01135504 -9.95095e-4 0.04137533 0.00830084 -0.00101459 0.04021245 0.009327471 -9.77651e-4 0.04239368 0.007111608 -9.62513e-4 0.04324758 0.005774319 -9.42387e-4 0.04430735 0.003065705 -9.51196e-4 0.04385673 0.004464149 -9.36273e-4 0.04460453 -0.001468122 -9.34325e-4 0.04469108 3.56953e-5 -9.36583e-4 0.04458749 0.001606225 -9.41829e-4 0.04433912 -0.002938807 -9.50433e-4 0.04390144 -0.004348516 -9.61663e-4 0.04329872 -0.00567913 -9.753e-4 0.04253226 -0.006920695 -0.001030564 0.03925698 -0.009989798 -0.001009464 0.04051828 -0.009084045 -0.001055181 0.03779268 -0.01077151 -0.001082777 0.03618252 -0.01138544 -0.001082777 -0.03618252 -0.01138544 -0.001060307 -0.03749012 -0.01090419 -0.001036167 -0.03891783 -0.01019358 -0.00101459 -0.04021239 -0.00932753 -9.95097e-4 -0.04137527 -0.00830096 -9.77652e-4 -0.04239362 -0.007111728 -9.62515e-4 -0.04324752 -0.005774319 -9.51198e-4 -0.04385673 -0.004464209 -9.42389e-4 -0.04430729 -0.003065884 -9.36584e-4 -0.04458743 -0.001606464 -9.34325e-4 -0.04469108 -3.5661e-5 -9.36272e-4 -0.04460453 0.001468122 -9.41828e-4 -0.04433906 0.002938807 -9.50432e-4 -0.04390138 0.004348516 -9.61662e-4 -0.04329872 0.00567919 -9.75299e-4 -0.04253226 0.006920695 -9.91149e-4 -0.04161077 0.008054614 -0.001009464 -0.04051822 0.009084105 -0.001030564 -0.03925693 0.009989798 -0.001055181 -0.03779262 0.01077151 -0.001082777 -0.03618252 0.01138544 2.05497e-4 -0.03520017 0.0116567 2.05522e-4 -0.03520017 -0.01165503 2.05497e-4 0.03520017 0.01169002 2.05522e-4 0.03520017 -0.0116567 2.4492e-4 0.04161083 -0.008054614 1.99842e-4 0.03891789 0.01019358 1.75753e-4 0.03749018 0.01090419 1.5488e-4 0.03627771 0.01135504 2.40975e-4 0.04137533 0.00830084 2.21462e-4 0.04021245 0.009327471 2.5842e-4 0.04239368 0.007111608 2.73557e-4 0.04324758 0.005774319 2.93683e-4 0.04430735 0.003065705 2.84874e-4 0.04385673 0.004464149 2.99797e-4 0.04460453 -0.001468122 3.01745e-4 0.04469108 3.56953e-5 2.99487e-4 0.04458749 0.001606225 2.94241e-4 0.04433912 -0.002938807 2.85638e-4 0.04390144 -0.004348516 2.74408e-4 0.04329872 -0.00567913 2.6077e-4 0.04253226 -0.006920695 2.05497e-4 0.03925698 -0.009989798 2.26541e-4 0.04051828 -0.009084045 1.80886e-4 0.03779268 -0.01077151 1.5322e-4 0.03618252 -0.01138544 1.5322e-4 -0.03618252 -0.01138544 1.75751e-4 -0.03749012 -0.01090419 1.9984e-4 -0.03891783 -0.01019358 2.21459e-4 -0.04021239 -0.00932753 2.40973e-4 -0.04137527 -0.00830096 2.58418e-4 -0.04239362 -0.007111728 2.73556e-4 -0.04324752 -0.005774319 2.84872e-4 -0.04385673 -0.004464209 2.93681e-4 -0.04430729 -0.003065884 2.99486e-4 -0.04458743 -0.001606464 3.01745e-4 -0.04469108 -3.5661e-5 2.99798e-4 -0.04460453 0.001468122 2.94242e-4 -0.04433906 0.002938807 2.85639e-4 -0.04390138 0.004348516 2.74409e-4 -0.04329872 0.00567919 2.60771e-4 -0.04253226 0.006920695 2.44921e-4 -0.04161077 0.008054614 2.26541e-4 -0.04051822 0.009084105 2.05497e-4 -0.03925693 0.009989798 1.80886e-4 -0.03779262 0.01077151 1.5322e-4 -0.03618252 0.01138544 -0.001038134 -0.03064912 0.01229649 -0.001033425 -0.02666437 0.01239711 -0.001033425 -0.02266502 0.01239711 -0.001033425 -0.01866567 0.01239711 -0.001033425 -0.01466625 0.01239711 -0.001033425 -0.01066696 0.01239711 -0.001033425 -0.006667613 0.01239711 -0.001033425 -0.002668321 0.01239711 -0.001033425 0.003483951 0.01239711 -0.001033425 0.007483363 0.01239711 -0.001033425 0.01148265 0.01239711 -0.001033425 0.01548194 0.01239711 -0.001033425 0.01948136 0.01239711 -0.001033425 0.02348071 0.01239711 -0.001033306 0.02747851 0.01239359 -0.001037657 0.03146153 0.01226389 -0.001031816 -0.03247022 0.01217836 -0.001030564 0.03320586 0.01208496 1.448e-4 -0.03064501 0.01224648 1.49968e-4 -0.02666437 0.01235294 1.49965e-4 -0.02266502 0.01235294 -0.001030445 -0.02666437 -0.01245874 1.49965e-4 -0.01466625 0.01235294 -0.001030445 -0.02266502 -0.01245874 1.49968e-4 -0.006667613 0.01235294 2.05522e-4 0.007483363 -0.01245874 1.49968e-4 0.007483363 0.01235294 0.02009993 -0.03356921 -0.009807407 1.49968e-4 0.01548194 0.01235294 -0.001030445 -0.0306636 -0.01245874 1.49968e-4 0.02348071 0.01235294 2.05522e-4 -0.006667613 -0.01245874 1.50122e-4 0.02747821 0.01235014 1.46007e-4 0.03145813 0.01222395 1.51351e-4 -0.03246408 0.01213192 1.53294e-4 0.03320586 0.01203799 -0.001030445 -0.01866567 -0.01245874 2.05522e-4 0.01548194 -0.01245874 -0.001030445 -0.01466625 -0.01245874 0.02009993 0.03356683 0.009807825 -0.001030445 -0.01066696 -0.01245874 2.05522e-4 0.02348071 -0.01245874 -0.001030445 -0.006667613 -0.01245874 0.02009993 0.03293836 -0.009907007 -0.001030445 -0.002668321 -0.01245874 2.05522e-4 0.02748006 -0.01245874 -0.001030445 0.003483951 -0.01245874 2.05522e-4 0.03147929 -0.01245874 -0.001030445 0.007483363 -0.01245874 2.05522e-4 -0.01466625 -0.01245874 -0.001030445 0.01148265 -0.01245874 0.02009993 -0.0329383 0.009907007 -0.001030445 0.01548194 -0.01245874 2.05522e-4 -0.02266502 -0.01245874 -0.001030445 0.01948136 -0.01245874 2.05522e-4 -0.0306636 -0.01245874 -0.001030445 0.02348071 -0.01245874 0.02009993 0.03966045 -0.006975412 -0.001030445 0.02748006 -0.01245874 2.05522e-4 -0.02666437 -0.01245874 -0.001030445 0.03147929 -0.01245874 0.02009993 0.03820222 0.00811541 -0.001030445 -0.03247225 -0.01223576 -0.001030445 0.03321498 -0.01223576 2.05522e-4 -0.03247225 -0.01223576 2.05522e-4 0.03321498 -0.01223576 0.02009993 0.03690093 0.008816957 0.02009993 0.03582173 0.00924164 0.02009993 0.03994929 0.006685674 0.02009993 0.03904712 0.007472038 0.02009993 0.04055517 0.005940437 0.02009993 0.04119551 0.005038142 0.02009993 0.04213815 0.002853333 0.02009993 0.04181736 0.003778219 0.02009993 0.04244846 -0.001393139 0.02009993 0.04253232 0 0.02009993 0.04238379 0.001804292 0.02009993 0.04223382 -0.002502024 0.02009993 0.04179435 -0.003834605 0.02009993 0.04123401 -0.004897594 0.02009993 0.04060357 -0.005917727 0.02009993 0.03719878 -0.008676946 0.02009993 0.03864175 -0.007784128 0.02009993 0.03521025 -0.00943309 0.02009993 0.03442645 -0.009634852 0.02009993 -0.03582161 -0.0092417 0.02009993 -0.03690278 -0.008816182 0.02009993 -0.03820186 -0.008115589 0.02009993 -0.03948944 -0.007134974 0.02009993 -0.03994899 -0.006685972 0.02009993 -0.04085093 -0.005576491 0.02009993 -0.04119551 -0.005038142 0.02009993 -0.04181814 -0.00377655 0.02009993 -0.04213809 -0.002853572 0.02009993 -0.04238408 -0.001802325 0.02009993 -0.04253226 -4.66165e-4 0.02009993 -0.04244828 0.00139451 0.02009993 -0.04223328 0.002503991 0.02009993 -0.04179388 0.003835856 0.02009993 -0.04096603 0.005405724 0.02009993 -0.04060316 0.005918323 0.02009993 -0.03965902 0.006976783 0.02009993 -0.03891927 0.007612407 0.02009993 -0.03719878 0.008676946 0.02009993 -0.03521031 0.00943309 0.02009993 -0.03442591 0.009634971 0.02009993 -0.02700006 0.01018238 0.02009993 0.02700006 -0.01018238 0.02009993 0.02700006 0.01018238 0.02009993 -0.02700006 -0.01018238 0.02009993 0.03008836 0.01014405 0.02009993 -0.03106957 0.01009464 0.02009993 0.03096234 0.01010137 0.02009993 -0.03008836 -0.01014405 0.02009993 -0.03096508 -0.01010119 0.02009993 0.03107023 -0.01009458 0.02009993 -0.04055815 -0.00469619 0.02009993 -0.03986036 -0.005694389 0.02009993 -0.03902536 -0.006580293 0.02009993 -0.03806746 -0.00733906 0.02009993 0.04050636 0.004782021 0.02009993 0.03980207 0.005765259 0.02009993 0.03896349 0.0066365 0.02009993 0.03800487 0.007381558 0.02009993 0.0415408 -0.002294898 0.02009993 0.04116785 -0.003456473 0.02009993 0.0348708 -0.008778095 0.02009993 0.03606206 -0.008385658 0.02009993 0.03718674 -0.007872045 0.02009993 0.03822582 -0.007228136 0.02009993 0.03915959 -0.006454586 0.02009993 0.03996962 -0.005557239 0.02009993 0.04064244 -0.004551589 0.02009993 0.04175812 -0.001089811 0.02009993 0.04181921 1.35594e-4 0.02009993 0.04172354 0.001358449 0.02009993 0.04147171 0.002555847 0.02009993 0.04106479 0.003704786 0.02009993 -0.03586065 -0.008461713 0.02009993 -0.03700584 -0.007965981 0.02009993 -0.04150289 0.002442002 0.02009993 -0.04110759 0.003604412 0.02009993 -0.03210455 -0.009281992 0.02009993 -0.03465133 -0.008836627 0.02009993 -0.04174077 0.001232743 0.02009993 -0.0418201 0 0.02009993 -0.04174077 -0.001232624 0.02009993 -0.04150289 -0.002442002 0.02009993 -0.04110759 -0.003604412 0.02009993 -0.03465121 0.008836686 0.02009993 -0.03586065 0.008461713 0.02009993 -0.0370059 0.007965981 0.02009993 -0.03806746 0.00733906 0.02009993 -0.0390253 0.006580412 0.02009993 -0.0398603 0.005694389 0.02009993 -0.04055815 0.00469619 0.02009993 0.03694522 0.007996439 0.02009993 0.03580415 0.008482336 0.02009993 0.03460055 0.00884962 0.02009993 0.03206884 0.009285748 0.02009993 -0.02945536 -0.009440302 0.02009993 -0.02700006 -0.009459793 0.02009993 0.02704077 -0.009459793 0.02009993 0.02973121 -0.009432971 0.02009993 0.03235441 -0.009253978 0.02009993 0.02943724 0.00944072 0.02009993 0.02700006 0.009459793 0.02009993 -0.02700006 0.009459793 0.02009993 -0.02945536 0.009440302 0.02009993 -0.03210449 0.009281992 0.01009994 -0.03210449 0.009281992 0.01009994 -0.02945536 0.009440302 0.01009994 -0.02700006 0.009459793 0.01009994 0.02700006 0.009459793 0.01009994 0.02943724 0.00944072 0.01009994 0.03235441 -0.009253978 0.01009994 0.02973121 -0.009432971 0.01009994 0.02704077 -0.009459793 0.01009994 -0.02700006 -0.009459793 0.01009994 -0.02945536 -0.009440302 0.01009994 0.03206884 0.009285748 0.01009994 0.03460055 0.00884962 0.01009994 0.03580415 0.008482336 0.01009994 0.03694522 0.007996439 0.01009994 -0.04055815 0.00469619 0.01009994 -0.0398603 0.005694389 0.01009994 -0.0390253 0.006580412 0.01009994 -0.03806746 0.00733906 0.01009994 -0.0370059 0.007965981 0.01009994 -0.03586065 0.008461713 0.01009994 -0.03465121 0.008836686 0.01009994 -0.04110759 -0.003604412 0.01009994 -0.04150289 -0.002442002 0.01009994 -0.04174077 -0.001232624 0.01009994 -0.0418201 0 0.01009994 -0.04174077 0.001232743 0.01009994 -0.03465133 -0.008836627 0.01009994 -0.03210455 -0.009281992 0.01009994 -0.04110759 0.003604412 0.01009994 -0.04150289 0.002442002 0.01009994 -0.03700584 -0.007965981 0.01009994 -0.03586065 -0.008461713 0.01009994 0.04106479 0.003704786 0.01009994 0.04147171 0.002555847 0.01009994 0.04172354 0.001358449 0.01009994 0.04181921 1.35594e-4 0.01009994 0.04175812 -0.001089811 0.01009994 0.04064244 -0.004551589 0.01009994 0.03996962 -0.005557239 0.01009994 0.03915959 -0.006454586 0.01009994 0.03822582 -0.007228136 0.01009994 0.03718674 -0.007872045 0.01009994 0.03606206 -0.008385658 0.01009994 0.0348708 -0.008778095 0.01009994 0.04116785 -0.003456473 0.01009994 0.0415408 -0.002294898 0.01009994 0.03800487 0.007381558 0.01009994 0.03896349 0.0066365 0.01009994 0.03980207 0.005765259 0.01009994 0.04050636 0.004782021 0.01009994 -0.03806746 -0.00733906 0.01009994 -0.03902536 -0.006580293 0.01009994 -0.03986036 -0.005694389 0.01009994 -0.04055815 -0.00469619</float_array>
          <technique_common>
            <accessor source="#Plane-mesh-positions-array" count="684" stride="3">
              <param name="X" type="float"/>
              <param name="Y" type="float"/>
              <param name="Z" type="float"/>
            </accessor>
          </technique_common>
        </source>
        <source id="Plane-mesh-normals">
          <float_array id="Plane-mesh-normals-array" count="2337">0.02145421 -0.06106483 0.9979032 -0.097265 -0.02193212 0.9950169 -0.08168482 -0.04016524 0.9958486 -0.2889963 -0.01101481 0.9572669 -0.2808375 0 0.9597553 -0.9811131 0 0.1934356 -0.9952672 0 0.09717631 -0.9811131 0 0.1934353 -0.9952671 0 0.0971781 -0.9953045 0 -0.09679442 -0.9953046 0 -0.09679287 -0.9812616 0 -0.1926801 -0.09748822 0 -0.9952368 0 -0.06129568 -0.9981197 -0.09765279 -0.04125154 -0.9943653 -0.2896678 0 -0.9571273 -0.2896676 0 -0.9571273 0 -1 0 6.58422e-4 -0.9999998 4.17569e-4 9.18335e-5 -1 5.78445e-5 0 1 0 0 1 7.37741e-7 0.01029115 0 0.9999471 -0.1011404 0 0.9948722 -0.1011407 0 0.9948722 -0.3002942 0 0.9538466 -0.981113 0 0.1934357 -0.9952672 0 0.09717619 -0.981113 0 0.1934357 -0.995267 0 0.09717786 -0.9953045 0 -0.0967946 -0.9953046 0 -0.09679293 -0.9812617 0 -0.1926799 -0.09748852 0 -0.9952366 0 0 -1 -0.09749019 0 -0.9952366 -0.2896682 0 -0.9571272 -0.2896677 0 -0.9571273 0 -1 -9.83655e-7 0 1 4.91827e-7 0.01029121 0 0.9999471 -0.1011405 0 0.9948722 -0.1011409 0 0.9948722 -0.3002942 0 0.9538466 -0.981113 0 0.1934354 -0.9952672 0 0.09717613 -0.981113 0 0.1934353 -0.9953045 0 -0.09679442 -0.9953046 0 -0.09679275 -0.9812617 0 -0.1926798 -0.0974884 0 -0.9952366 -0.09749019 0 -0.9952366 -0.2896683 0 -0.9571272 -0.2896681 0 -0.9571272 0 1 -4.91827e-7 0.01029121 0 0.9999471 -0.1011404 0 0.9948722 -0.1011406 0 0.9948722 -0.3002943 0 0.9538466 -0.981113 0 0.1934356 -0.995267 0 0.0971778 -0.9953046 0 -0.09679287 -0.9812617 0 -0.1926798 -0.09748864 0 -0.9952366 -0.09749019 0 -0.9952366 -0.2896682 0 -0.9571272 -0.2896674 0 -0.9571275 0 1 -1.22957e-7 -0.1011407 0 0.9948722 -0.3002941 0 0.9538466 -0.981113 0 0.1934356 -0.9952672 0 0.09717619 -0.981113 0 0.1934356 -0.995267 0 0.0971778 -0.9953045 0 -0.0967946 -0.9953046 0 -0.09679287 -0.9812617 0 -0.1926798 -0.09749013 0 -0.9952366 -0.2896682 0 -0.9571272 -0.2896679 0 -0.9571272 0 -1 4.91827e-7 0 1 -3.68871e-7 0.01029121 0 0.9999471 -0.1011404 0 0.9948722 -0.1011407 0 0.9948722 -0.300294 0 0.9538467 -0.9811131 0 0.1934356 -0.9952672 0 0.09717619 -0.981113 0 0.1934355 -0.995267 0 0.09717792 -0.9953044 0 -0.09679454 -0.9953046 0 -0.09679287 -0.9812617 0 -0.1926798 -0.0974884 0 -0.9952366 -0.09749019 0 -0.9952366 -0.289668 0 -0.9571272 0 1 0 0.01029145 0 0.9999471 -0.1011404 0 0.9948722 -0.1011407 0 0.9948722 -0.3002939 0 0.9538467 -0.981113 0 0.1934356 -0.981113 0 0.1934356 -0.995267 0 0.09717792 -0.9953044 0 -0.09679454 -0.9812617 0 -0.1926798 -0.0974884 0 -0.9952366 -0.289668 0 -0.9571272 0 1 1.22957e-7 0.01029121 0 0.9999471 -0.1011404 0 0.9948722 -0.1011407 0 0.9948722 -0.3002941 0 0.9538467 -0.981113 0 0.1934356 -0.995267 0 0.09717786 -0.9953045 0 -0.09679454 -0.9812617 0 -0.1926798 -0.0974884 0 -0.9952368 -0.09749013 0 -0.9952366 -0.2896681 0 -0.9571272 -0.2896679 0 -0.9571273 0 1 0 0.01029086 0 0.9999471 -0.1011404 0 0.9948723 -0.1011406 0 0.9948722 -0.3002941 0 0.9538467 -0.9952672 0 0.09717619 -0.981113 0 0.1934356 -0.995267 0 0.09717786 -0.9953045 0 -0.09679454 -0.0974884 0 -0.9952366 -0.09749019 0 -0.9952366 -0.2896683 0 -0.9571272 -0.289668 0 -0.9571272 0.01029127 0 0.9999471 -0.1011403 0 0.9948723 -0.1011406 0 0.9948722 -0.3002938 0 0.9538468 -0.981113 0 0.1934355 -0.9953044 0 -0.09679454 -0.09748834 0 -0.9952368 -0.09749007 0 -0.9952366 -0.2896679 0 -0.9571273 0 1 0 0.01029121 0 0.9999471 -0.3002941 0 0.9538468 -0.9811131 0 0.1934355 -0.995267 0 0.09717786 -0.9953046 0 -0.09679287 -0.9812617 0 -0.1926798 -0.09748846 0 -0.9952366 -0.2896683 0 -0.9571272 0 1 -2.45914e-7 0.01029121 0 0.9999471 -0.1011404 0 0.9948722 -0.1011409 0 0.9948722 -0.3002941 0 0.9538468 -0.9952672 0 0.09717619 -0.981113 0 0.1934354 -0.995267 0 0.09717792 -0.9953045 0 -0.09679448 -0.9812617 0 -0.19268 -0.09748828 0 -0.9952368 -0.2896683 0 -0.9571271 0.01029109 0 0.9999471 -0.1011404 0 0.9948722 -0.1011406 0 0.9948722 -0.995267 0 0.09717786 -0.9953045 0 -0.09679448 -0.9953047 0 -0.09679287 -0.9812617 0 -0.1926799 -0.09748852 0 -0.9952366 0.01029109 0 0.9999471 -0.1011404 0 0.9948722 0.01051425 1.36425e-4 0.9999448 -0.9952672 0 0.09717631 -0.9952671 0 0.0971781 -0.9953046 0 -0.09679281 -0.9812617 0 -0.1926801 -0.09711289 0.03674584 0.9945948 0.01817852 0.08136075 0.996519 -0.08102196 0.06040281 0.9948804 -0.2794835 0.02024823 0.959937 -0.9952672 0 0.09717607 -0.9811129 0 0.1934359 -0.995267 0 0.09717762 -0.9953045 0 -0.09679472 -0.9812618 0 -0.1926796 -0.09766519 0.04296141 -0.9942916 0 0 -1 -0.09749025 0 -0.9952365 -0.2896684 0 -0.9571272 4.05724e-4 0.9999999 2.56631e-4 0.001256346 0.999999 7.9501e-4 0.001904487 0.9999974 0.001205146 0.01224642 -0.02338325 0.9996516 0.01029133 0 0.9999471 0.01029133 0 0.9999471 0.01029133 0 0.9999471 0.01029139 0 0.9999471 0.01029151 0 0.9999471 0.01029151 0 0.9999471 0.01029139 0 0.9999471 0.01029145 0 0.9999471 0.01029139 0 0.9999471 0.01029145 0 0.9999471 0.01029139 0 0.9999471 0.01029145 0 0.9999471 0.01029139 0 0.9999471 0.01248598 0.03362184 0.9993566 0.01075822 0 0.9999422 -1 0 0 -0.06660336 -0.1287931 0.9894323 0.02130722 -0.1242226 0.9920256 -0.01541239 -0.163402 0.9864392 -0.1448619 -0.09057503 0.9852976 -0.05290234 0 0.9985997 -0.981113 0 0.1934356 -0.995267 0 0.09717792 -0.981113 0 0.1934359 -0.995267 0 0.09717839 -0.9953043 0 -0.09679543 -0.9953045 0 -0.09679472 -0.9812617 0 -0.1926798 -0.06966465 -0.1509242 -0.9860876 0.006395399 -0.17462 -0.9846151 -0.06532007 -0.124098 -0.9901177 -0.1316562 -0.08353877 -0.9877692 -0.04671192 0 -0.9989084 0.1621912 0.9866462 -0.01494407 0.1381724 0.9899103 0.03140091 0.1621914 0.9866471 0.01488757 0.07844102 0.9932427 0.08553475 0.1389458 0.9898139 -0.03102707 0.08106225 0.9931454 -0.08421063 0.03079009 0.9927746 -0.115977 -0.0666638 0.1566799 0.9853971 0.0175448 0.1457639 0.9891639 0.01111876 0.1897813 0.9817635 -0.1139258 0.08257389 0.9900518 -0.05104064 0.1684415 0.9843893 -0.9952673 0 0.09717583 -0.9953044 0 -0.09679442 -0.995267 0 0.09717768 -0.9953046 0 -0.09679245 0.004875004 0.2341923 -0.9721781 -0.03425914 0.1910559 -0.9809812 -0.0732581 0.1799609 -0.9809421 -0.1148687 0.09216374 -0.9890962 -0.0467115 0 -0.9989085 -0.04074823 -0.9991266 -0.009261488 -0.04795801 -0.9988397 0.004415452 -0.04795801 -0.9988397 -0.004398763 -0.02304691 -0.9994182 -0.02514159 -0.02402907 -0.999408 0.02462196 -0.04097193 -0.9991183 0.00915718 -0.009010136 -0.999377 0.03412616 -1 -3.68693e-4 8.41311e-5 -1 9.12487e-5 -5.10071e-5 -1 -2.86067e-7 0 0 0.06384146 -0.9979601 -1 -1.78898e-4 -8.63153e-5 -1 2.99748e-4 -5.97167e-5 0 -0.1442345 -0.9895436 0 -1 0 -0.9998587 -0.003751695 -0.01638787 -0.9994972 -0.02082747 -0.02391088 -0.8087975 -0.1926816 -0.5556263 -0.8148934 -0.1942232 0.5461008 -0.9999698 0.001042723 0.007696747 -0.9999181 0.007702827 0.01022905 -0.9998522 0.01717966 -6.94535e-4 -0.9999527 0.00944072 0.002366006 -0.9999848 0.004024803 0.00377047 -0.999912 0.007842302 -0.01069718 -0.9998583 -0.003694415 -0.01642346 -0.9998499 0.01730889 8.92964e-4 -0.9999529 0.00936973 -0.002540647 -0.9999843 0.003802955 -0.004131138 -0.9998368 0.01807385 7.75741e-6 -0.999842 0.01778095 5.18234e-6 -0.9998273 0.01858979 7.66309e-6 -0.999843 0.01772707 7.63463e-6 -0.9998242 0.01875036 8.16274e-6 -0.9998077 0.01961308 1.28305e-5 -0.9998252 0.01870244 9.26081e-6 -0.9998054 0.01972693 1.14409e-5 -0.999783 0.02082926 1.72841e-5 -0.9998054 0.01972693 1.30325e-5 -0.9997555 0.0221157 2.22318e-5 -0.9997813 0.02091753 1.75634e-5 -0.9997823 0.02086961 1.54733e-5 -0.8151696 0.1940872 -0.5457368 -0.9999698 -0.001050174 -0.007704019 -0.9999181 -0.007702171 -0.01022988 -0.9998522 -0.01717984 6.94717e-4 -0.9999527 -0.009440779 -0.002365767 -0.9998781 -0.01555609 -0.001334607 -0.9998578 0.003673672 0.01646173 -0.9993526 0.02231431 0.02822208 -0.7822623 0.2032406 0.5888624 -0.9998576 0.003699004 0.01646888 -0.9999122 -0.007843136 0.01069617 -0.9999843 -0.003799915 0.004127979 -0.9999529 -0.009369432 0.002540886 -0.9998773 -0.01561403 0.001296699 -0.9999848 -0.004028022 -0.003773868 -0.9998368 -0.01807224 -7.40434e-6 -0.999842 -0.01778125 -5.02235e-6 -0.9998391 -0.01794081 -7.52648e-6 -0.9998269 -0.01861184 -8.7239e-6 -0.9998374 -0.01803666 -6.17352e-6 -0.9998242 -0.01875174 -7.86965e-6 -0.9998076 -0.01961445 -1.23667e-5 -0.9998242 -0.01875168 -9.14659e-6 -0.9997838 -0.02079284 -1.45428e-5 -0.9998061 -0.01969051 -1.07144e-5 -0.9997814 -0.02091038 -1.51969e-5 -0.9997556 -0.02210855 -2.19501e-5 -0.9997804 -0.0209583 -1.74525e-5 0 -0.5277552 0.8493966 0.05369955 -0.4127949 0.9092398 0 -0.4138609 0.9103403 0 0.4138546 -0.910343 0.05285829 0.3120672 -0.9485884 0 0.3120937 -0.9500514 0 -0.6355108 0.7720921 0.05331474 -0.5268993 0.848254 0 -0.8029034 -0.5961092 0.05337256 -0.7110299 -0.7011333 0.05348205 -0.801676 -0.5953614 0 0.3971064 0.9177727 0.04881274 0.3194728 0.9463374 0.05335295 0.3962144 0.9166066 0.0273779 -0.2002283 0.9793667 0.05285888 -0.3120728 0.9485867 0.05454623 -0.2198608 0.9740052 0 0.9346774 -0.3554972 0.05401915 0.8810844 -0.4698641 0 0.8825542 -0.4702108 0 -0.8149487 0.5795332 0.05335915 -0.73111 0.6801698 0 -0.7321939 0.6810963 0 0.9918354 0.1275252 0.05353331 0.967288 0.2479681 0.05389612 0.9904194 0.1271403 0.01035803 -0.2275402 -0.9737136 0.05245822 -0.3055591 -0.950727 0 -0.3057565 -0.9521098 0 0.6355122 -0.7720909 0.05357116 0.5270475 -0.8481458 0 0.5277673 -0.8493891 0 -0.501334 -0.865254 0.05331283 -0.3947051 -0.9172599 0.05326485 -0.5004451 -0.8641282 0 0.7120503 0.7021285 0.05370837 0.6091173 0.7912595 0.05385595 0.7107919 0.7013376 0.004234254 0.2266886 0.9739581 0 0.3090198 0.9510557 0.05370014 0.4127893 -0.9092422 0 -0.991833 -0.127543 0.05353397 -0.967292 -0.2479524 0.05351442 -0.9904069 -0.127399 0 0.8028967 0.5961183 0.05349481 0.8016682 0.5953709 0.01821148 0.2664 -0.9636905 0.05667203 0.272854 -0.9603848 0 0.9686985 0.2482407 0.05365014 0.9295679 0.3647261 0 -0.3120987 0.9500498 0 0.9999912 0.004208207 0.05394041 0.9915973 -0.1175811 0 0.9930298 -0.1178644 0 -0.9713333 0.2377216 0.05369514 -0.933333 0.3549736 0 -0.9346863 0.3554739 -0.06713235 -0.8804281 -0.4694035 0.05358469 -0.8753023 -0.4805981 0.05376482 0.9699085 -0.2374595 0 0.9713377 -0.2377041 0.05393344 0.8138859 -0.5785161 0 0.814964 -0.5795116 0 0.9309661 0.3651055 0.05358338 0.875315 0.4805755 0.05369824 0.9333232 -0.3549994 0.0533595 0.7311112 -0.6801686 0 0.7321956 -0.6810945 0.05328333 -0.6344811 0.7710996 0 -0.7120479 -0.7021309 0.05324113 -0.6088671 -0.7914837 0.05356961 0.6343343 -0.7712005 0 -0.9999912 -0.004220962 0.05389541 -0.9985387 -0.003971636 0 -0.8825616 0.4701969 0.05344742 -0.8137142 0.5788028 0 0.501347 0.8652464 0.05326592 0.5004572 0.8641211 0 -0.6098456 -0.7925204 0 -0.3955563 -0.9184417 0 0.6098719 0.7925001 0 -0.9309638 -0.3651115 0.05365169 -0.9295652 -0.3647332 0 -0.9687019 -0.2482272 -0.06713336 0.8804402 0.4693807 0.05354428 -0.8812627 0.4695841 0 -0.9930273 0.1178855 0.05376183 -0.9699043 0.237477 0.05421429 0.9985204 0.004231035 0.05398237 -0.991596 0.1175733 0.02894067 0 0.9995812 0.03171646 0.01411002 0.9993974 0.0290324 0.07007265 0.9971194 0.02894133 0 0.9995812 0.02894085 0 0.9995812 0.02894109 0 0.9995812 0.02894139 0 0.9995812 0.02894109 0 0.9995812 0.03136616 -0.01110118 0.9994464 0.02894097 0 0.9995812 0.02894103 0 0.9995812 0.03039723 0.155051 0.9874388 0.02894163 0 0.9995812 0.02894139 0 0.9995812 0.02894175 0 0.9995812 0.02898919 3.38965e-4 0.9995797 0.03202968 -0.04802435 0.9983326 0.07274812 3.28696e-4 0.9973503 0.07191795 0.01586192 0.9972845 0.07396829 -0.0442624 0.9962779 0.07265233 -0.01329785 0.9972687 0.07092225 0.06841361 0.995133 0.07277661 0 0.9973483 0.06709229 0.1442929 0.987258 0.02890855 -0.1234492 0.9919298 0.07277667 0 0.9973483 0.07277697 0 0.9973483 0.07277661 0 0.9973483 0.07277697 0 0.9973483 0.009877085 -0.1670065 0.9859064 0.0697664 -0.1192988 0.9904042 0.04138392 0.2350642 0.9710985 0 0.1766389 -0.9842758 0 0.06384092 -0.9979601 0 -0.06129723 -0.9981196 4.82638e-7 0 -1 -4.82639e-7 0 -1 0.004706382 -0.161174 -0.9869148 4.82639e-7 0 -1 5.22744e-7 0 -1 4.82637e-7 0 -1 9.65277e-7 0 -1 0.05693382 0 -0.998378 0.05693304 0 -0.9983781 0.005234599 0.199977 -0.9797866 0.05856376 0.06466335 -0.9961872 1.19105e-6 0 -1 0.05693471 0 -0.9983779 -1.19105e-6 0 -1 0.05693376 0 -0.998378 0.05693304 0 -0.9983781 1.26456e-7 0 -1 0.05693376 0 -0.998378 0.05735111 -2.99825e-4 -0.9983541 0.0577237 -0.06110304 -0.996461 0.05569994 -0.1639791 -0.9848901 0.05693376 0 -0.998378 0.0547176 -0.2376424 -0.9698104 0.05885851 0.2033467 -0.9773361 0.1085492 0.6283587 0.7703132 0.1085209 0.7147179 0.6909425 0.1071827 -0.1397162 0.9843735 0.1073785 -0.06003403 0.9924041 0.1094925 0.3046878 0.9461379 0.1088333 0.7913206 0.6016371 0.1121191 0.1425284 -0.98342 0.1179016 0.06079411 -0.9911626 0.1135739 -0.00623393 -0.9935101 0.1064379 0.213521 -0.971123 0.1090968 0.9939751 0.01055574 0.1083106 0.9862639 -0.1247091 0.1157236 0.009218215 -0.9932387 0.109869 0.1762612 0.9781927 0.108385 -0.9620003 0.2506156 0.1094622 -0.9149258 0.3884957 0.1083836 0.9620422 -0.2504554 0.1075078 -0.01116842 0.9941416 0.1094609 0.9149914 -0.3883416 0.1082285 0.006121754 0.9941073 0.1085664 -0.6500542 -0.7520924 0.1082431 -0.7340892 -0.6703704 0.1090484 -0.8467959 0.52062 0.108505 -0.7780331 0.618782 0.107664 0.07942926 0.9910094 0.108691 -0.3042647 -0.9463664 0.1081563 -0.4185398 -0.9017354 0.1074627 0.030851 0.9937304 0.1083035 -0.9548599 -0.2766097 0.1088269 -0.98707 0.117685 0.1094566 -0.4396621 0.8914687 0.1074397 -0.3004715 0.9477203 0.1076967 -0.8060713 -0.5819369 0.1152669 -0.02931737 -0.9929019 0.1085846 -0.6961934 0.7095944 0.10929 0.8627648 -0.4936522 0.1089918 -0.538486 -0.8355559 0.1097119 0.5716211 -0.8131498 0.1094591 0.4396721 -0.8914635 0.1087912 -0.9796885 -0.1684484 0.1074412 0.3004875 -0.9477151 0.106436 -0.21349 0.9711301 0.1083047 0.9548283 0.2767181 0.1118959 -0.1787112 -0.9775181 0.1077419 -0.8654594 -0.4892563 0.1090884 0.7968294 -0.5942751 0.1084493 0.9171738 0.3834465 0.109381 0.6825536 -0.722604 0.1156424 -0.08073019 -0.9900048 0.1091701 -0.5877107 0.8016721 0.1093199 -0.9934726 -0.03257906 0.1081571 0.4184534 0.9017754 0.1089909 0.5384212 0.8355978 0.1084476 -0.9172126 -0.383354 0.1091064 0.8537726 0.5090856 0.1091775 0.981894 0.1548053 1 -2.00653e-6 0 1 3.66478e-6 0 1 -2.00663e-6 0 1 0 0 1 -1.02953e-6 0 1 2.63177e-6 0 1 -2.72541e-6 0 1 2.2735e-6 0 1 -4.43894e-6 0 1 7.90154e-7 0 1 2.0936e-6 0 1 -3.98254e-6 0 1 3.88864e-6 0 1 -4.17546e-6 0 1 4.13316e-6 0 1 -4.42759e-6 0 1 -3.58597e-6 0 1 3.62048e-6 0 1 -4.23481e-6 0 1 2.01464e-6 0 1 4.10257e-6 0 1 -5.05559e-6 0 1 3.54055e-6 0 1 1.97181e-6 0 1 -1.76202e-6 0 1 -8.03657e-7 0 1 2.04556e-6 0 1 0 0 1 -9.79409e-7 0 1 -1.52586e-6 0 1 -4.11063e-6 0 1 -3.57746e-6 0 1 3.90785e-6 0 1 -1.2634e-6 0 1 2.61348e-6 0 1 -3.89889e-6 0 1 -5.05831e-7 0 1 -9.94224e-7 0 1 9.20993e-7 0 1 8.82492e-7 0 1 -1.61809e-7 0 1 1.71025e-6 0 1 -1.89363e-6 0 1 -7.88123e-7 0 1 3.1261e-6 0 1 3.53892e-7 0 1 -8.07556e-7 0 1 1.56626e-6 0 1 0 0 1 0 0 1 6.20307e-6 0 0 0.5659944 0.8244091 0 0.6760638 0.7368431 0 0.676064 0.7368429 0 -0.4476859 -0.8941909 0 -0.5590387 -0.8291416 0 -0.5590369 -0.8291429 0 0.7757174 0.6310805 0 0.7757189 0.6310788 0 0.03380733 -0.9994284 0 0.003969013 -0.9999921 0 0.003969132 -0.9999921 0 0.4537505 -0.8911288 0 0.347201 -0.9377908 0 0.3471989 -0.9377915 0 0.7757157 -0.6310825 0 0.6760882 -0.7368208 0 0.676087 -0.7368219 0 -0.3423156 -0.939585 0 -0.4476874 -0.8941901 0 0.8586683 0.5125318 0 0.9222249 0.3866538 0 0.9222243 0.3866554 0 1 1.41639e-6 0 0.9916563 -0.1289104 0 0.9916565 -0.1289086 0 -0.03903979 0.9992377 0 -0.004984498 0.9999877 0 -0.004984676 0.9999877 0 0.8586525 -0.5125584 0 0.775716 -0.6310823 0 0.9916561 0.1289119 0 1 1.7087e-6 0 0.234663 0.9720768 0 0.3472025 0.9377903 0 0.3472019 0.9377904 0 0.9661292 -0.258059 0 0.9222202 -0.3866654 0 0.9222207 -0.3866639 0 0.9661292 0.2580589 0 0.9661288 0.2580608 0 -0.1144533 -0.9934287 0 -0.2312809 -0.9728871 0 -0.231279 -0.9728875 0 0.1161389 0.993233 0 0.2346645 0.9720764 0 0.9916564 0.1289101 0 -0.3423168 -0.9395847 0 0.9661287 -0.2580608 1 -1.41007e-6 0 1 6.38319e-7 0 1 -1.58717e-6 0 1 2.6484e-6 0 1 -1.83096e-6 0 1 2.15091e-7 0 1 -1.42207e-6 0 0 -0.9173791 -0.3980148 0 -0.96274 -0.2704287 0 -0.9627419 -0.2704222 0 0.8586682 0.5125319 0 0.2346625 -0.9720769 0 0.2346625 -0.9720769 0 -0.668793 -0.7434487 0 -0.6687911 -0.7434504 0 0.0338056 0.9994285 0 0.1161416 0.9932327 0 0.5659989 -0.824406 0 0.4537516 -0.8911284 1 3.81848e-7 0 1 -2.25972e-6 0 0 -0.5836926 0.8119749 0 -0.4720088 0.8815938 0 -0.4720103 0.8815931 0 -0.9898416 -0.1421747 0 -0.989842 -0.1421723 0 0.003969132 0.9999921 0 0.003969013 0.9999921 0 0.5660004 -0.8244051 0 -0.2498943 0.9682732 0 -0.127171 0.9918808 0 -0.1271735 0.9918805 0 0.4537658 0.891121 0 0.4537673 0.8911202 1 -3.94502e-7 0 0 0.8586516 -0.5125597 0 -0.03331589 -0.9994449 0 -0.1144558 -0.9934284 0 -0.3647014 0.9311246 0 -0.3647013 0.9311246 1 9.27691e-7 0 1 6.15569e-7 0 0 -0.9999002 -0.01412725 0 -0.993496 0.1138682 0 -0.9934961 0.1138663 0 -0.003912866 -0.9999924 0 -0.003912746 -0.9999924 0 0.1161307 -0.993234 0 0.1161331 -0.9932337 0 -0.8525573 -0.5226337 0 -0.9173796 -0.3980134 0 -0.7687419 -0.6395592 0 -0.8525592 -0.5226308 0 -0.2498937 0.9682733 0 0.5659922 0.8244106 0 -0.03903853 0.9992377 0 -0.7887926 0.6146595 0 -0.6919426 0.7219526 0 -0.6919437 0.7219516 0 0.0338062 -0.9994285 1 8.10627e-7 0 1 0 0 0 -0.5836929 0.8119745 1 6.21709e-7 0 0 -0.9290378 0.369985 0 -0.8685638 0.4955773 0 -0.8685627 0.4955794 1 -6.32515e-6 0 0 -0.9999002 -0.0141254 0 -0.9702447 0.2421267 0 -0.9290379 0.3699846 0 -0.9702442 0.2421284 0 -0.7687426 -0.6395583 0 -0.03331696 -0.9994449 0 -0.788792 0.6146603 0 0.03380662 0.9994285 -0.9812617 0 -0.1926803 2.83757e-4 -1 1.79132e-4 2.8376e-4 -1 1.79127e-4 0 1 -7.40747e-7 -0.3002942 0 0.9538467 0 -1 9.87662e-7 0 1 -4.93831e-7 -0.3002939 0 0.9538468 0 1 4.93831e-7 -0.3002946 0 0.9538465 -0.9812618 0 -0.1926797 0 1 1.23458e-7 -0.9812617 0 -0.1926798 0 -1 -4.93831e-7 0 1 3.70373e-7 0 1 0 -0.3002939 0 0.9538468 0 1 -1.23458e-7 -0.3002941 0 0.9538467 -0.9812617 0 -0.1926798 0 1 0 -0.9812617 0 -0.1926799 -0.3002937 0 0.9538469 0 1 0 -0.3002942 0 0.9538467 -0.9812617 0 -0.1926798 0 1 2.46916e-7 -0.3002938 0 0.9538468 -0.9812617 0 -0.19268 -0.3002945 0 0.9538466 -0.9812617 0 -0.19268 -0.9812616 0 -0.1926802 -0.2644087 0 0.9644107 -0.9812619 0 -0.1926794 2.83572e-4 1 1.79425e-4 0.001215457 0.999999 7.69152e-4 -0.9812618 0 -0.1926795 0.02596014 0.9926112 0.1185292 -0.05290257 0 0.9985997 -0.9812617 0 -0.1926799 -0.007633984 -0.9993633 -0.03485465 -1 0 -4.98357e-5 -1 0 -1.71724e-4 -1 2.74536e-7 0 0 1 3.02963e-7 0 1 0 -0.9994973 -0.02082073 -0.02391302 -0.9999548 -0.009513437 -1.41642e-5 -0.9998782 0.01555055 0.001340746 -0.9998772 0.0156238 -0.001287162 -0.9998269 0.01860946 8.88425e-6 -0.9998392 0.01793843 5.92107e-6 -0.9998426 0.01774674 7.51269e-6 -0.999823 0.01881331 8.30037e-6 -0.9998083 0.01958018 1.06908e-5 -0.9998053 0.01973617 1.12995e-5 -0.9997839 0.02079057 1.47524e-5 -0.9999549 0.009495437 0 -0.999354 0.02224576 0.02822911 -0.9998499 -0.0173093 -8.93225e-4 -0.999843 -0.01772385 -7.58495e-6 -0.9998273 -0.01858663 -7.15915e-6 -0.999823 -0.01881486 -7.94209e-6 -0.9998083 -0.01958173 -1.0178e-5 -0.9997831 -0.02082735 -1.67779e-5 -0.9998055 -0.01972502 -1.27428e-5 -0.9998055 -0.01972502 -1.09311e-5 1 -1.61949e-6 0 1 3.67434e-6 0 1 -3.76864e-6 0 1 -5.73826e-7 0 1 8.32626e-7 0 1 0 0 1 1.91474e-7 0 1 1.16795e-6 0 1 -6.46608e-7 0 1 0 0 1 -6.51854e-7 0 1 4.79693e-6 0</float_array>
          <technique_common>
            <accessor source="#Plane-mesh-normals-array" count="779" stride="3">
              <param name="X" type="float"/>
              <param name="Y" type="float"/>
              <param name="Z" type="float"/>
            </accessor>
          </technique_common>
        </source>
        <source id="Plane-mesh-map-0">
          <float_array id="Plane-mesh-map-0-array" count="8184">1 0 0 1 0 0 0 0 0 1 0 0 0 1 0 0 0 0 0 1 0 0 0 0 0 1 0 0 0 0 0 1 0 0 0 0 0 1 0 0 0 0 0 0 0 0 0 0 0 0 0 0 0 0 0 0 0 0 0 0 0 1 0 1 0 1 0 1 0 1 0 1 0 1 0 1 0 1 1 0 0 1 0 0 0 1 0 0 0 0 0 1 0 0 0 0 0 1 0 0 0 0 0 1 0 0 0 0 0 1 0 0 0 0 0 1 0 0 0 0 0 0 0 0 0 0 0 0 0 0 0 0 0 0 0 0 0 0 0 1 0 1 0 1 0 1 0 1 0 1 0 1 0 1 0 1 1 0 0 1 0 0 0 1 0 0 0 0 0 1 0 0 0 0 0 1 0 0 0 0 0 1 0 0 0 0 0 1 0 0 0 0 0 1 0 0 0 0 0 0 0 0 0 0 0 0 0 0 0 0 0 0 0 0 0 0 0 1 0 1 0 1 0 1 0 1 0 1 0 1 0 1 0 1 1 0 0 1 0 0 0 1 0 0 0 0 0 1 0 0 0 0 0 1 0 0 0 0 0 1 0 0 0 0 0 1 0 0 0 0 0 1 0 0 0 0 0 0 0 0 0 0 0 0 0 0 0 0 0 0 0 0 0 0 0 1 0 1 0 1 0 1 0 1 0 1 0 1 0 1 0 1 1 0 0 1 0 0 0 1 0 0 0 0 0 1 0 0 0 0 0 1 0 0 0 0 0 1 0 0 0 0 0 1 0 0 0 0 0 1 0 0 0 0 0 0 0 0 0 0 0 0 0 0 0 0 0 0 0 0 0 0 0 1 0 1 0 1 0 1 0 1 0 1 0 1 0 1 0 1 1 0 0 1 0 0 0 1 0 0 0 0 0 1 0 0 0 0 0 1 0 0 0 0 0 1 0 0 0 0 0 1 0 0 0 0 0 1 0 0 0 0 0 0 0 0 0 0 0 0 0 0 0 0 0 0 0 0 0 0 0 1 0 1 0 1 0 1 0 1 0 1 0 1 0 1 0 1 1 0 0 1 0 0 0 1 0 0 0 0 0 1 0 0 0 0 0 1 0 0 0 0 0 1 0 0 0 0 0 1 0 0 0 0 0 1 0 0 0 0 0 0 0 0 0 0 0 0 0 0 0 0 0 0 0 0 0 0 0 1 0 1 0 1 0 1 0 1 0 1 0 1 0 1 0 1 1 0 0 1 0 0 0 1 0 0 0 0 0 1 0 0 0 0 0 1 0 0 0 0 0 1 0 0 0 0 0 1 0 0 0 0 0 1 0 0 0 0 0 0 0 0 0 0 0 0 0 0 0 0 0 0 0 0 0 0 0 1 0 1 0 1 0 1 0 1 0 1 0 1 0 1 0 1 1 0 0 1 0 0 0 1 0 0 0 0 0 1 0 0 0 0 0 1 0 0 0 0 0 1 0 0 0 0 0 1 0 0 0 0 0 1 0 0 0 0 0 0 0 0 0 0 0 0 0 0 0 0 0 0 0 0 0 0 0 1 0 1 0 1 0 1 0 1 0 1 0 1 0 1 0 1 1 0 0 1 0 0 0 1 0 0 0 0 0 1 0 0 0 0 0 1 0 0 0 0 0 1 0 0 0 0 0 1 0 0 0 0 0 1 0 0 0 0 0 0 0 0 0 0 0 0 0 0 0 0 0 0 0 0 0 0 0 1 0 1 0 1 0 1 0 1 0 1 0 1 0 1 0 1 1 0 0 1 0 0 0 1 0 0 0 0 0 1 0 0 0 0 0 1 0 0 0 0 0 1 0 0 0 0 0 1 0 0 0 0 0 1 0 0 0 0 0 0 0 0 0 0 0 0 0 0 0 0 0 0 0 0 0 0 0 1 0 1 0 1 0 1 0 1 0 1 0 1 0 1 0 1 1 0 0 1 0 0 0 1 0 0 0 0 0 1 0 0 0 0 0 1 0 0 0 0 0 1 0 0 0 0 0 1 0 0 0 0 0 1 0 0 0 0 0 0 0 0 0 0 0 0 0 0 0 0 0 0 0 0 0 0 0 1 0 1 0 1 0 1 0 1 0 1 0 1 0 1 0 1 1 0 0 1 0 0 0 1 0 0 0 0 0 1 0 0 0 0 0 1 0 0 0 0 0 1 0 0 0 0 0 1 0 0 0 0 0 1 0 0 0 0 0 0 0 0 0 0 0 0 0 0 0 0 0 0 0 0 0 0 0 1 0 1 0 1 0 1 0 1 0 1 0 1 0 1 0 1 1 0 0 1 0 0 0 1 0 0 0 0 0 1 0 0 0 0 0 1 0 0 0 0 0 1 0 0 0 0 0 1 0 0 0 0 0 1 0 0 0 0 0 0 0 0 0 0 0 0 0 0 0 0 0 0 0 0 0 0 0 1 0 1 0 1 0 1 0 1 0 1 0 1 0 1 0 1 1 0 0 1 0 0 0 1 0 0 0 0 0 1 0 0 0 0 0 1 0 0 0 0 0 1 0 0 0 0 0 1 0 0 0 0 0 1 0 0 0 0 0 0 0 0 0 0 0 0 0 0 0 0 0 0 0 0 0 0 0 1 0 1 0 1 0 1 0 1 0 1 0 1 0 1 0 1 0 0 1 1 0 1 0 1 0 0 0 0 0 1 0 0 0 0 0 1 0 0 0 0 0 1 0 0 0 0 0 1 0 0 0 0 0 1 0 0 0 0 0 0 0 0 0 0 0 0 0 0 0 0 0 0 0 0 0 0 0 1 0 1 0 1 0 1 0 1 0 1 0 1 0 1 0 1 1 0 0 1 1 1 1 0 0 1 1 1 1 0 0 1 1 1 1 0 0 1 1 1 1 0 0 1 1 1 1 0 0 1 1 1 1 0 0 1 1 1 1 0 0 1 1 1 1 0 0 1 1 1 1 0 0 1 1 1 1 0 0 1 1 1 1 0 0 1 1 1 1 0 0 1 1 1 1 0 0 1 1 1 1 0 0 1 1 1 0 1 0 0 0 1 0 0 0 1 0 1 0 0 0 1 0 1 0 0 0 1 0 1 0 1 0 0 0 1 0 0 0 1 0 1 0 0 0 1 0 1 0 0 0 1 0 1 0 1 0 0 0 1 0 0 0 1 0 1 0 0 0 1 0 1 0 0 0 1 0 1 0 1 0 0 0 1 0 0 0 1 0 1 0 0 0 1 0 1 0 0 0 1 0 1 0 1 0 0 0 1 0 0 0 1 0 1 0 0 0 1 0 1 0 0 0 1 0 1 0 1 0 0 0 1 0 0 0 1 0 1 0 0 0 1 0 1 0 0 0 1 0 1 0 1 0 0 0 1 0 0 0 1 0 1 0 0 0 1 0 1 0 0 0 1 0 1 0 1 0 0 0 1 0 0 0 1 0 1 0 0 0 1 0 1 0 0 0 1 0 1 0 1 0 0 0 1 0 0 0 1 0 1 0 0 0 1 0 1 0 0 0 1 0 1 0 1 0 0 0 1 0 0 0 1 0 1 0 0 0 1 0 1 0 0 0 1 0 1 0 1 0 0 0 1 0 0 0 1 0 1 0 0 0 1 0 1 0 0 0 1 0 1 0 1 0 0 0 1 0 0 0 1 0 1 0 0 0 1 0 1 0 0 0 1 0 1 0 1 0 0 0 1 0 0 0 1 0 1 0 0 0 1 0 1 0 0 0 1 0 1 0 1 0 0 0 1 0 0 0 1 0 1 0 0 0 1 0 1 0 0 0 1 0 1 0 1 0 0 0 1 0 0 0 1 0 1 0 0 0 1 0 1 0 0 0 1 0 1 0 0 1 1 0 1 0 0 0 1 0 0 0 1 0 0 0 0 0 1 0 0 0 0 0 1 0 0 0 0 0 1 0 0 0 0 0 1 0 0 0 0 0 0 0 0 0 0 0 0 0 0 0 0 0 0 0 0 0 0 0 1 0 1 0 1 0 1 0 1 0 1 0 1 0 1 0 1 0 0 1 1 1 0 0 0 0 1 0 1 0 0 0 1 0 0 0 0 0 1 0 0 0 0 0 1 0 0 0 0 0 1 0 0 0 0 0 1 0 0 0 0 0 0 0 0 0 0 0 0 0 0 0 0 0 0 0 0 0 1 0 1 0 1 0 1 0 1 0 1 0 1 0 1 0 1 1 1 0 1 1 1 0 1 0 1 0 1 0 1 0 1 0 1 0 1 0 1 0 1 0 1 0 1 0 1 0 1 1 0 0 0 0 0 0 1 0 0 0 1 0 0 0 0 0 0 0 1 0 1 0 1 0 0 0 0 0 0 0 0 0 0 0 0 0 0 1 0 0 0 0 0 0 0 0 0 0 0 0 0 0 0 1 0 0 0 0 0 0 0 0 0 0 0 0 0 0 0 0 0 0 0 0 0 0 0 0 0 0 0 0 0 1 0 0 0 0 0 1 0 1 0 0 0 0 0 0 0 0 0 1 0 0 0 0 0 0 0 0 0 0 0 0 0 0 0 0 0 0 0 0 0 0 0 0 0 0 0 0 0 0 0 0 0 0 0 0 0 0 0 0 0 0 0 0 0 0 0 0 0 0 0 0 0 0 0 0 0 0 0 0 0 0 0 0 0 0 0 0 0 1 0 0 0 0 0 0 0 0 0 0 0 0 0 0 0 0 0 0 0 0 0 0 0 0 0 0 0 0 0 0 0 0 0 0 0 0 0 0 0 0 0 0 0 0 0 0 0 0 0 0 0 0 0 0 0 0 0 0 0 0 0 0 0 0 0 0 0 0 0 0 0 0 0 0 0 0 0 0 0 0 0 0 0 0 0 0 0 0 0 0 0 0 0 0 0 0 0 0 0 0 0 1 0 0 0 1 0 0 0 0 0 0 0 0 0 0 0 0 0 0 0 0 0 0 0 0 0 0 0 0 0 0 0 0 0 0 0 0 0 0 0 0 0 0 0 0 0 0 0 1 0 0 0 0 0 0 0 0 0 0 0 0 0 0 0 0 0 0 0 0 0 0 0 0 0 0 0 0 0 0 0 0 0 0 0 0 0 0 0 0 0 0 0 0 0 0 0 0 0 0 0 0 0 0 0 0 0 0 0 0 0 0 0 0 0 0 0 0 0 0 0 0 0 0 0 0 0 0 0 0 0 0 0 0 0 0 0 0 0 0 0 0 0 0 0 0 0 0 0 0 0 0 0 0 0 0 0 0 0 0 0 0 0 0 0 0 0 0 0 0 0 0 0 0 0 0 0 0 0 0 0 0 0 0 0 0 0 0 0 0 0 0 0 0 0 0 0 0 0 0 0 0 0 0 0 0 0 0 0 0 0 0 0 0 0 0 0 0 0 0 0 0 0 0 0 0 0 0 0 0 0 0 0 0 0 1 1 1 0 1 0 1 1 1 0 1 1 1 0 1 1 1 0 1 1 1 0 1 1 1 1 1 0 1 0 1 0 1 1 1 0 1 1 1 0 1 1 1 1 1 0 1 1 1 1 1 0 1 0 1 1 1 0 1 1 1 0 1 1 1 0 1 1 1 0 1 1 1 1 1 0 1 1 1 1 1 0 1 0 1 1 1 1 1 1 1 0 1 1 1 0 1 1 1 0 1 1 1 1 1 0 1 0 1 1 1 0 1 1 1 0 1 1 1 0 1 1 1 0 1 1 1 1 1 0 1 1 1 1 1 0 1 0 1 1 1 0 1 1 1 0 1 1 1 0 1 1 1 0 1 1 1 1 1 0 1 1 1 1 1 0 1 0 1 0 1 1 1 0 1 1 1 0 1 1 1 1 1 0 1 1 1 1 1 0 1 0 1 1 1 0 1 0 1 0 1 1 1 0 1 1 1 0 1 0 1 0 1 1 1 0 1 1 1 0 1 0 1 1 1 0 1 0 1 1 1 1 1 1 1 0 1 1 1 0 1 1 1 0 1 0 1 1 1 0 1 0 1 0 1 1 1 0 1 1 1 0 1 0 1 0 1 1 1 0 1 1 1 0 1 0 1 0 1 1 1 0 1 0 1 1 1 0 1 0 1 1 1 0 1 0 1 1 1 0 1 0 1 1 1 1 1 1 1 0 1 0 1 1 1 0 1 1 1 0 1 1 1 0 0 1 0 1 0 1 0 0 0 1 0 0 0 0 0 1 0 0 0 0 0 1 0 1 0 0 0 1 0 0 0 0 0 1 0 0 0 1 0 0 0 1 0 0 0 1 0 1 0 0 0 1 0 0 0 1 0 0 0 1 0 0 0 1 0 0 0 0 0 1 0 1 0 0 0 1 0 0 0 0 0 1 0 1 0 0 0 1 0 0 0 1 0 0 0 1 0 0 0 1 0 1 0 0 0 1 0 0 0 0 0 1 0 0 0 1 0 0 0 1 0 0 0 1 0 1 0 0 0 1 0 0 0 0 0 1 0 0 0 0 0 1 0 1 0 1 0 0 0 1 0 0 0 1 0 0 0 0 0 1 0 1 0 0 0 1 0 0 0 1 0 0 0 1 0 0 0 1 0 1 0 0 0 1 0 0 0 0 0 1 0 0 0 1 0 0 0 1 0 1 0 0 0 1 0 1 0 1 0 1 0 1 0 0 0 1 0 0 0 1 0 1 0 0 0 1 0 1 0 1 0 0 0 1 0 1 0 0 0 1 0 0 0 1 0 1 0 0 0 1 0 1 0 0 0 1 0 1 0 0 0 1 0 1 0 0 0 1 0 1 0 1 0 0 0 1 0 1 0 0 0 1 0 1 0 0 0 1 0 0 0 1 0 1 0 1 0 0 0 1 0 1 0 0 0 1 0 1 0 0 0 0 0 0 0 1 0 1 0 1 0 0 0 0 0 0 0 0 0 0 1 1 1 0 1 1 1 0 0 0 0 0 0 0 0 0 0 0 0 1 0 0 0 1 0 1 0 0 0 1 0 0 0 0 0 0 0 0 0 0 0 0 0 1 0 0 0 1 1 1 1 0 1 0 0 0 0 0 0 0 0 0 0 0 0 0 1 0 1 1 1 0 0 0 0 0 0 0 1 0 1 1 1 0 0 1 0 0 0 1 0 0 0 0 0 0 0 0 0 0 0 0 1 1 1 1 1 1 0 0 0 0 0 0 1 1 1 0 1 0 0 0 0 0 0 0 0 0 0 0 0 0 1 0 1 1 1 0 0 1 0 0 0 1 1 1 1 0 1 0 0 0 0 0 0 0 0 1 0 0 0 1 0 0 0 0 0 0 0 0 0 1 0 1 0 0 0 0 0 0 0 0 0 0 0 0 0 1 0 0 0 1 0 0 0 0 0 0 0 0 0 0 0 0 0 1 0 1 0 1 0 0 0 0 0 0 0 0 0 0 0 0 0 0 0 0 0 0 1 0 1 1 1 0 0 0 0 0 0 0 0 1 0 0 0 0 0 0 0 0 0 0 0 0 0 0 0 0 0 0 0 0 0 0 0 0 0 0 0 0 0 0 0 1 0 1 0 0 0 0 0 0 0 0 0 0 0 0 0 1 0 0 0 1 1 0 1 1 1 0 0 0 0 0 0 0 0 0 0 0 0 0 1 0 1 1 1 0 0 0 0 0 0 0 0 0 0 0 0 0 0 0 0 0 0 0 0 0 0 0 0 0 1 0 1 1 1 0 0 0 0 0 0 0 0 0 0 0 0 0 1 0 1 1 1 0 0 0 0 0 0 0 0 0 0 0 0 0 0 1 0 0 0 1 0 0 0 0 0 0 0 0 0 0 0 0 1 0 0 0 1 0 0 0 0 0 0 0 0 0 0 0 0 0 0 0 0 0 0 0 0 0 0 0 0 0 0 0 0 0 0 0 0 0 0 0 0 0 0 0 0 0 0 0 0 0 0 0 0 0 0 0 0 0 0 0 0 0 0 0 0 0 0 0 0 0 0 0 0 0 0 0 0 0 0 0 0 0 0 0 0 0 0 0 0 0 0 0 0 0 0 0 0 0 0 0 0 0 0 0 0 0 0 0 0 0 0 0 0 0 0 0 0 0 0 0 0 0 0 0 0 0 0 0 0 0 0 0 0 0 0 0 0 0 0 0 0 0 0 0 0 0 0 0 0 0 0 0 0 0 0 0 0 0 0 0 0 0 0 0 0 0 0 0 0 0 0 0 0 0 0 0 0 0 0 0 0 0 0 0 0 0 0 0 0 0 0 0 0 0 0 0 0 0 0 0 0 0 0 0 0 0 0 0 0 0 0 0 0 0 0 0 0 0 0 0 0 0 0 0 0 0 0 0 0 0 0 0 0 0 0 0 0 0 0 0 0 0 0 0 0 0 0 0 0 0 0 0 0 0 0 0 0 0 0 0 0 0 0 0 0 0 0 0 0 0 0 0 0 0 0 0 0 0 0 0 0 0 0 0 0 0 0 0 0 0 0 0 0 0 0 0 0 0 0 0 0 0 0 0 0 0 0 0 0 0 0 0 0 0 0 0 0 0 0 0 0 0 0 0 0 0 0 0 0 0 0 0 0 0 0 0 0 0 0 0 0 0 0 0 0 0 0 0 0 0 0 0 0 0 0 0 0 0 0 0 0 0 0 0 0 0 0 0 0 0 0 0 0 0 0 0 0 0 0 0 0 0 0 0 0 0 0 0 0 0 0 0 0 0 0 0 0 0 0 0 0 0 0 0 0 0 0 0 0 0 0 0 0 0 0 0 0 0 0 0 0 0 0 0 0 0 0 0 0 0 0 0 0 0 0 0 0 0 0 0 0 0 0 0 0 0 0 0 0 0 0 0 0 0 0 0 0 0 0 0 0 0 0 0 0 0 0 0 0 0 0 0 0 0 0 0 0 0 0 0 0 0 0 0 0 0 0 0 0 0 0 0 0 0 0 0 0 0 0 0 0 0 0 0 0 0 0 0 0 0 0 0 0 0 0 0 0 0 0 0 0 0 0 0 0 0 0 0 0 0 0 0 0 0 0 0 0 0 0 0 0 0 0 0 0 0 0 0 0 0 0 0 0 0 0 0 0 0 0 0 0 0 0 0 0 0 0 0 0 0 0 0 0 0 0 0 0 0 0 0 0 0 0 0 0 0 0 0 0 0 0 0 0 0 0 0 0 0 0 0 0 0 0 0 0 0 0 0 0 0 0 0 0 0 0 0 0 0 0 0 0 0 0 0 0 0 0 0 0 0 0 0 0 0 0 0 0 0 0 0 0 0 0 0 0 0 0 0 0 0 0 0 0 0 0 0 0 0 0 0 0 0 0 0 0 0 0 0 0 0 0 0 0 0 0 0 0 0 0 0 0 0 0 0 0 0 0 0 0 0 0 0 0 0 0 0 0 0 0 0 0 0 0 0 0 0 0 0 0 0 0 0 0 0 0 0 0 0 0 0 0 0 0 0 0 0 0 0 0 0 0 0 0 0 0 0 0 0 0 0 0 0 0 0 0 0 0 0 0 0 0 0 0 0 0 0 0 0 0 0 0 0 0 0 0 0 0 0 0 0 0 0 0 0 0 0 0 0 0 0 0 0 0 0 0 0 0 0 0 0 0 0 0 0 0 0 0 0 0 0 0 0 0 0 0 0 0 0 0 0 0 0 0 0 0 0 0 0 0 0 0 0 0 0 0 0 0 0 0 0 0 0 0 0 0 0 0 0 0 0 0 0 0 0 0 0 0 0 0 0 0 0 0 0 0 0 0 0 0 0 0 0 0 0 0 0 0 0 0 0 0 0 0 0 0 0 0 0 0 0 0 0 0 0 0 0 0 0 0 0 0 0 0 0 0 0 0 0 0 0 0 0 0 0 0 0 0 0 0 0 0 0 0 0 0 0 0 0 0 0 0 0 0 0 0 0 0 0 0 0 0 0 0 0 0 0 0 0 0 0 0 0 0 0 0 0 0 0 0 0 0 0 0 0 0 0 0 0 0 0 0 0 0 0 0 0 0 0 0 0 0 0 0 0 0 0 0 0 0 0 0 0 0 0 0 0 0 0 0 0 0 0 0 0 0 0 0 0 0 0 0 0 0 0 0 0 0 0 0 0 0 0 0 0 0 0 0 0 0 0 0 0 0 0 0 0 0 0 0 0 0 0 0 0 0 0 0 0 0 0 0 0 0 0 0 0 0 0 0 0 0 0 0 0 0 0 0 0 0 0 0 0 0 0 0 0 0 0 0 0 0 0 0 0 0 0 0 0 0 0 0 0 0 0 0 0 0 0 0 0 0 0 0 0 0 0 0 0 0 0 0 0 0 0 0 0 0 0 0 0 0 0 0 0 0 0 0 0 0 0 0 0 0 0 0 0 0 0 0 0 0 0 0 0 0 0 0 0 0 0 0 0 0 0 0 0 0 0 0 0 0 0 1 0 1 1 0 1 0 0 0 1 0 1 0 1 0 1 0 0 0 1 0 1 0 0 0 1 0 1 0 0 0 1 0 1 0 0 0 1 0 1 0 0 0 0 0 0 0 0 0 0 0 0 0 0 0 0 0 0 0 0 0 1 0 1 0 1 0 1 0 1 0 1 0 1 0 1 0 1 1 0 1 1 0 1 0 1 0 1 0 0 0 1 0 1 0 0 0 1 0 1 0 0 0 1 0 1 0 0 0 1 0 1 0 0 0 1 0 1 0 0 0 0 0 0 0 0 0 0 0 0 0 0 0 0 0 0 0 0 0 1 0 1 0 1 0 1 0 1 0 1 0 1 0 1 0 1 1 0 1 1 0 1 0 1 0 1 0 0 0 1 0 1 0 0 0 1 0 1 0 0 0 1 0 1 0 0 0 1 0 1 0 0 0 1 0 1 0 0 0 0 0 0 0 0 0 0 0 0 0 0 0 0 0 0 0 0 0 1 0 1 0 1 0 1 0 1 0 1 0 1 0 1 0 1 1 0 1 1 0 1 0 1 0 1 0 0 0 1 0 1 0 0 0 1 0 1 0 0 0 1 0 1 0 0 0 1 0 1 0 0 0 1 0 1 0 0 0 0 0 0 0 0 0 0 0 0 0 0 0 0 0 0 0 0 0 1 0 1 0 1 0 1 0 1 0 1 0 1 0 1 0 1 1 0 1 1 0 1 0 1 0 1 0 0 0 1 0 1 0 0 0 1 0 1 0 0 0 1 0 1 0 0 0 1 0 1 0 0 0 1 0 1 0 0 0 0 0 0 0 0 0 0 0 0 0 0 0 0 0 0 0 0 0 1 0 1 0 1 0 1 0 1 0 1 0 1 0 1 0 1 1 0 1 1 0 1 0 1 0 1 0 0 0 1 0 1 0 0 0 1 0 1 0 0 0 1 0 1 0 0 0 1 0 1 0 0 0 1 0 1 0 0 0 0 0 0 0 0 0 0 0 0 0 0 0 0 0 0 0 0 0 1 0 1 0 1 0 1 0 1 0 1 0 1 0 1 0 1 1 0 1 1 0 1 0 1 0 1 0 0 0 1 0 1 0 0 0 1 0 1 0 0 0 1 0 1 0 0 0 1 0 1 0 0 0 1 0 1 0 0 0 0 0 0 0 0 0 0 0 0 0 0 0 0 0 0 0 0 0 1 0 1 0 1 0 1 0 1 0 1 0 1 0 1 0 1 1 0 1 1 0 1 0 1 0 1 0 0 0 1 0 1 0 0 0 1 0 1 0 0 0 1 0 1 0 0 0 1 0 1 0 0 0 1 0 1 0 0 0 0 0 0 0 0 0 0 0 0 0 0 0 0 0 0 0 0 0 1 0 1 0 1 0 1 0 1 0 1 0 1 0 1 0 1 1 0 1 1 0 1 0 1 0 1 0 0 0 1 0 1 0 0 0 1 0 1 0 0 0 1 0 1 0 0 0 1 0 1 0 0 0 1 0 1 0 0 0 0 0 0 0 0 0 0 0 0 0 0 0 0 0 0 0 0 0 1 0 1 0 1 0 1 0 1 0 1 0 1 0 1 0 1 1 0 1 1 0 1 0 1 0 1 0 0 0 1 0 1 0 0 0 1 0 1 0 0 0 1 0 1 0 0 0 1 0 1 0 0 0 1 0 1 0 0 0 0 0 0 0 0 0 0 0 0 0 0 0 0 0 0 0 0 0 1 0 1 0 1 0 1 0 1 0 1 0 1 0 1 0 1 1 0 1 1 0 1 0 1 0 1 0 0 0 1 0 1 0 0 0 1 0 1 0 0 0 1 0 1 0 0 0 1 0 1 0 0 0 1 0 1 0 0 0 0 0 0 0 0 0 0 0 0 0 0 0 0 0 0 0 0 0 1 0 1 0 1 0 1 0 1 0 1 0 1 0 1 0 1 1 0 1 1 0 1 0 1 0 1 0 0 0 1 0 1 0 0 0 1 0 1 0 0 0 1 0 1 0 0 0 1 0 1 0 0 0 1 0 1 0 0 0 0 0 0 0 0 0 0 0 0 0 0 0 0 0 0 0 0 0 1 0 1 0 1 0 1 0 1 0 1 0 1 0 1 0 1 1 0 1 1 0 1 0 1 0 1 0 0 0 1 0 1 0 0 0 1 0 1 0 0 0 1 0 1 0 0 0 1 0 1 0 0 0 1 0 1 0 0 0 0 0 0 0 0 0 0 0 0 0 0 0 0 0 0 0 0 0 1 0 1 0 1 0 1 0 1 0 1 0 1 0 1 0 1 1 0 1 1 0 1 0 1 0 1 0 0 0 1 0 1 0 0 0 1 0 1 0 0 0 1 0 1 0 0 0 1 0 1 0 0 0 1 0 1 0 0 0 0 0 0 0 0 0 0 0 0 0 0 0 0 0 0 0 0 0 1 0 1 0 1 0 1 0 1 0 1 0 1 0 1 0 1 1 0 1 1 0 1 0 1 0 1 0 0 0 1 0 1 0 0 0 1 0 1 0 0 0 1 0 1 0 0 0 1 0 1 0 0 0 1 0 1 0 0 0 0 0 0 0 0 0 0 0 0 0 0 0 0 0 0 0 0 0 1 0 1 0 1 0 1 0 1 0 1 0 1 0 1 0 1 0 0 1 0 1 1 0 1 0 1 0 0 0 1 0 1 0 0 0 1 0 1 0 0 0 1 0 1 0 0 0 1 0 1 0 0 0 1 0 1 0 0 0 0 0 0 0 0 0 0 0 0 0 0 0 0 0 0 0 0 0 1 0 1 0 1 0 1 0 1 0 1 0 1 0 1 0 1 1 0 0 0 0 1 1 0 0 0 0 1 1 0 0 0 0 1 1 0 0 0 0 1 1 0 0 0 0 1 1 0 0 0 0 1 1 0 0 0 0 1 1 0 0 0 0 1 1 0 0 0 0 1 1 0 0 0 0 1 1 0 0 0 0 1 1 0 0 0 0 1 1 0 0 0 0 1 1 0 0 0 0 1 1 0 0 0 0 1 0 1 0 0 0 0 0 0 0 0 0 1 0 0 0 0 0 1 0 0 0 0 0 1 0 1 0 0 0 0 0 0 0 0 0 1 0 0 0 0 0 1 0 0 0 0 0 1 0 1 0 0 0 0 0 0 0 0 0 1 0 0 0 0 0 1 0 0 0 0 0 1 0 1 0 0 0 0 0 0 0 0 0 1 0 0 0 0 0 1 0 0 0 0 0 1 0 1 0 0 0 0 0 0 0 0 0 1 0 0 0 0 0 1 0 0 0 0 0 1 0 1 0 0 0 0 0 0 0 0 0 1 0 0 0 0 0 1 0 0 0 0 0 1 0 1 0 0 0 0 0 0 0 0 0 1 0 0 0 0 0 1 0 0 0 0 0 1 0 1 0 0 0 0 0 0 0 0 0 1 0 0 0 0 0 1 0 0 0 0 0 1 0 1 0 0 0 0 0 0 0 0 0 1 0 0 0 0 0 1 0 0 0 0 0 1 0 1 0 0 0 0 0 0 0 0 0 1 0 0 0 0 0 1 0 0 0 0 0 1 0 1 0 0 0 0 0 0 0 0 0 1 0 0 0 0 0 1 0 0 0 0 0 1 0 1 0 0 0 0 0 0 0 0 0 1 0 0 0 0 0 1 0 0 0 0 0 1 0 1 0 0 0 0 0 0 0 0 0 1 0 0 0 0 0 1 0 0 0 0 0 1 0 1 0 0 0 0 0 0 0 0 0 1 0 0 0 0 0 1 0 0 0 0 0 1 0 1 0 0 0 0 0 0 0 0 0 1 0 0 0 0 0 1 0 0 0 0 0 1 0 0 1 0 1 1 0 0 0 1 0 1 0 1 0 1 0 0 0 1 0 1 0 0 0 1 0 1 0 0 0 1 0 1 0 0 0 1 0 1 0 0 0 0 0 0 0 0 0 0 0 0 0 0 0 0 0 0 0 0 0 1 0 1 0 1 0 1 0 1 0 1 0 1 0 1 0 1 0 0 0 1 1 1 0 0 0 0 0 1 0 0 0 1 0 1 0 0 0 1 0 1 0 0 0 1 0 1 0 0 0 1 0 1 0 0 0 1 0 1 0 0 0 0 0 0 0 0 0 0 0 0 0 0 0 0 0 0 0 1 0 1 0 1 0 1 0 1 0 1 0 1 0 1 0 1 1 1 0 1 0 1 0 1 0 1 0 1 0 1 0 1 0 1 0 1 0 1 0 1 0 1 0 1 0 1 0 1 1 1 1 0 0 0 0 1 0 1 0 1 0 1 0 0 0 0 0 0 0 1 0 1 0 1 0 0 0 0 0 0 0 0 0 0 0 0 0 0 0 0 0 0 0 0 0 0 0 0 0 0 0 0 0 0 1 0 0 0 0 0 0 0 0 0 0 0 0 0 0 0 0 0 0 0 0 0 0 0 0 0 0 0 1 0 1 0 0 0 0 0 1 0 0 0 0 0 0 0 0 0 0 0 1 0 0 0 0 0 0 0 0 0 0 0 0 0 0 0 0 0 0 0 0 0 0 0 0 0 0 0 0 0 0 0 0 0 0 0 0 0 0 0 0 0 0 0 0 0 0 0 0 0 0 0 0 0 0 0 0 0 0 0 0 0 1 0 0 0 0 0 0 0 0 0 0 0 0 0 0 0 0 0 0 0 0 0 0 0 0 0 0 0 0 0 0 0 0 0 0 0 0 0 0 0 0 0 0 0 0 0 0 0 0 0 0 0 0 0 0 0 0 0 0 0 0 0 0 0 0 0 0 0 0 0 0 0 0 0 0 0 0 0 0 0 0 0 0 0 0 0 0 0 0 0 0 0 0 0 0 0 1 0 0 0 0 0 0 0 0 0 0 0 0 0 0 0 0 0 0 0 0 0 0 0 0 0 0 0 0 0 0 0 0 0 0 0 0 0 0 0 0 0 0 0 0 0 0 0 1 0 1 0 0 0 0 0 0 0 0 0 0 0 0 0 0 0 0 0 0 0 0 0 0 0 0 0 0 0 0 0 0 0 0 0 0 0 0 0 0 0 0 0 0 0 0 0 0 0 0 0 0 0 0 0 0 0 0 0 0 0 0 0 0 0 0 0 0 0 0 0 0 0 0 0 0 0 0 0 0 0 0 0 0 0 0 0 0 0 0 0 0 0 0 0 0 0 0 0 0 0 0 0 0 0 0 0 0 0 0 0 0 0 0 0 0 0 0 0 0 0 0 0 0 0 0 0 0 0 0 0 0 0 0 0 0 0 0 0 0 0 0 0 0 0 0 0 0 0 0 0 0 0 0 0 0 0 0 0 0 0 0 0 0 0 0 0 0 0 0 0 0 0 0 0 0 0 0 0 0 0 0 0 0 0 1 1 1 1 1 0 1 0 1 1 1 1 1 1 1 1 1 0 1 0 1 1 1 1 1 1 1 1 1 0 1 0 1 1 1 1 1 1 1 1 1 0 1 1 1 1 1 1 1 0 1 1 1 1 1 1 1 1 1 0 1 0 1 1 1 1 1 1 1 1 1 0 1 0 1 1 1 1 1 1 1 1 1 0 1 0 1 1 1 1 1 1 1 1 1 0 1 1 1 1 1 0 1 1 1 1 1 0 1 0 1 1 1 1 1 1 1 1 1 0 1 1 1 1 1 0 1 1 1 1 1 1 1 1 1 1 1 0 1 1 1 1 1 0 1 1 1 1 1 0 1 1 1 1 1 0 1 0 1 1 1 1 1 0 1 1 1 1 1 0 1 0 1 1 1 1 1 1 1 0 1 1 1 0 1 0 1 0 1 1 1 1 0 1 0 1 0 1 0 0 0 0 0 1 0 1 0 0 0 0 0 0 0 0 0 1 0 1 0 0 0 0 0 0 0 0 0 1 0 0 0 0 0 1 0 1 0 0 0 0 0 0 0 0 0 1 0 1 0 0 0 0 0 0 0 0 0 1 0 0 0 0 0 1 0 1 0 0 0 0 0 0 0 0 0 1 0 1 0 0 0 0 0 0 0 0 0 1 0 1 0 0 0 0 0 1 0 0 0 0 0 1 0 1 0 1 0 1 0 0 0 0 0 0 0 0 0 1 0 0 0 0 0 1 0 0 0 0 0 1 0 0 0 0 0 1 0 0 0 0 0 1 0 0 0 0 0 1 0 0 0 0 0 1 0 0 0 0 0 1 0 1 0 0 0 0 0 1 0 1 0 0 0 0 0 0 0 1 0 1 0 1 0 0 0 0 0 0 0 0 1 1 1 0 1 0 1 0 1 0 0 0 0 0 0 0 0 0 0 1 0 0 0 0 0 0 0 0 0 0 0 0 0 0 0 0 1 1 1 1 1 0 0 0 0 0 0 0 0 0 0 0 0 0 0 0 0 0 0 0 0 1 0 0 0 0 0 0 0 0 0 0 0 0 0 0 0 0 1 1 1 1 1 1 0 0 0 0 0 0 1 1 1 1 1 0 0 0 0 0 0 0 0 0 0 0 0 0 1 1 1 1 1 0 0 0 0 0 0 0 0 0 0 0 0 0 0 0 0 0 0 1 0 0 0 0 0 0 0 0 0 0 0 0 0 0 0 0 0 0 0 0 0 0 0 0 0 1 0 1 0 1 0 0 0 0 0 0 0 0 0 0 0 0 0 0 0 0 0 0 0 0 0 0 0 0 0 1 0 1 0 0 0 0 0 0 0 0 0 0 0 0 0 0 0 0 0 0 0 0 0 0 0 0 0 0 0 0 0 0 0 1 0 0 0 0 0 0 0 0 0 0 0 0 0 0 0 0 0 0 0 0 0 0 0 0 1 0 1 1 1 1 0 0 0 0 0 0 0 0 0 0 0 0 0 0 0 0 0 0 0 0 0 0 0 0 0 0 0 0 0 0 0 0 0 0 0 0 0 0 0 0 0 0 0 0 0 0 0 0 0 0 0 0 0 0 0 0 0 0 0 0 1 0 0 0 0 0 0 0 0 0 0 0 0 0 0 0 0 0 0 0 0 0 0 0 0 0 0 0 0 0 0 0 0 0 0 0 0 0 0 0 0 0 0 0 0 0 0 0 0 0 0 0 0 0 0 0 0 0 0 0 0 0 0 0 0 0 0 0 0 0 0 0 0 0 0 0 0 0 0 0 0 0 0 0 0 0 0 0 0 0 0 0 0 0 0 0 0 0 0 0 0 0 0 0 0 0 0 0 0 0 0 0 0 0 0 0 0 0 0 0 0 0 0 0 0 0 0 0 0 0 0 0 0 0 0 0 0 0 0 0 0 0 0 0 0 0 0 0 0 0 0 0 0 0 0 0 0 0 0 0 0 0 0 0 0 0 0 0 0 0 0 0 0 0 0 0 0 0 0 0 0 0 0 0 0 0 0 0 0 0 0 0 0 0 0 0 0 0 0 0 0 0 0 0 0 0 0 0 0 0 0 0 0 0 0 0 0 0 0 0 0 0 0 0 0 0 0 0 0 0 0 0 0 0 0 0 0 0 0 0 0 0 0 0 0 0 0 0 0 0 0 0 0 0 0 0 0 0 0 0 0 0 0 0 0 0 0 0 0 0 0 0 0 0 0 0 0 0 0 0 0 0 0 0 0 0 0 0 0 0 0 0 0 0 0 0 0 0 0 0 0 0 0 0 0 0 0 0 0 0 0 0 0 0 0 0 0 0 0 0 0 0 0 0 0 0 0 0 0 0 0 0 0 0 0 0 0 0 0 0 0 0 0 0 0 0 0 0 0 0 0 0 0 0 0 0 0 0 0 0 0 0 0 0 0 0 0 0 0 0 0 0 0 0 0 0 0 0 0 0 0 0 0 0 0 0 0 0 0 0 0 0 0 0 0 0 0 0 0 0 0 0 0 0 0 0 0 0 0 0 0 0 0 0 0 0 0 0 0 0 0 0 0 0 0 0 0 0 0 0 0 0 0 0 0 0 0 0 0 0 0 0 0 0 0 0 0 0 0 0 0 0 0 0 0 0 0 0 0 0 0 0 0 0 0 0 0 0 0 0 0 0 0 0 0 0 0 0 0 0 0 0 0 0 0 0 0 0 0 0 0 0 0 0 0 0 0 0 0 0 0 0 0 0</float_array>
          <technique_common>
            <accessor source="#Plane-mesh-map-0-array" count="4092" stride="2">
              <param name="S" type="float"/>
              <param name="T" type="float"/>
            </accessor>
          </technique_common>
        </source>
        <vertices id="Plane-mesh-vertices">
          <input semantic="POSITION" source="#Plane-mesh-positions"/>
        </vertices>
        <triangles material="Metal_Coat-material" count="1364">
          <input semantic="VERTEX" source="#Plane-mesh-vertices" offset="0"/>
          <input semantic="NORMAL" source="#Plane-mesh-normals" offset="1"/>
          <input semantic="TEXCOORD" source="#Plane-mesh-map-0" offset="2" set="0"/>
          <p>1 0 0 2 1 1 0 2 2 0 2 3 5 3 4 4 4 5 5 5 6 6 6 7 4 7 8 7 8 9 8 9 10 6 6 11 9 10 12 10 11 13 8 9 14 15 12 15 12 13 16 14 14 17 11 15 18 14 14 19 10 16 20 8 17 21 16 17 22 6 17 23 4 18 24 16 19 25 0 18 26 10 17 27 17 17 28 8 17 29 7 20 30 19 20 31 9 20 32 19 21 33 11 21 34 9 21 35 18 20 36 5 20 37 2 20 38 21 22 39 22 23 40 20 24 41 22 23 42 24 25 43 20 24 44 25 26 45 26 27 46 24 28 47 27 29 48 28 30 49 26 27 50 29 31 51 30 32 52 28 30 53 35 33 54 32 34 55 34 35 56 31 36 57 34 35 58 30 37 59 28 17 60 36 17 61 26 17 62 24 17 63 36 17 64 20 17 65 30 38 66 37 38 67 28 38 68 27 20 69 39 20 70 29 20 71 39 39 72 31 39 73 29 39 74 38 20 75 25 20 76 22 20 77 41 40 78 42 41 79 40 42 80 42 41 81 44 43 82 40 42 83 45 44 84 46 45 85 44 46 86 47 29 87 48 47 88 46 45 89 49 48 90 50 49 91 48 47 92 55 50 93 52 34 94 54 51 95 51 52 96 54 51 97 50 53 98 48 17 99 56 17 100 46 17 101 44 17 102 56 17 103 40 17 104 50 38 105 57 38 106 48 38 107 47 20 108 59 20 109 49 20 110 59 54 111 51 54 112 49 54 113 58 20 114 45 20 115 42 20 116 61 55 117 62 56 118 60 57 119 62 56 120 64 58 121 60 57 122 65 59 123 66 45 124 64 28 125 67 60 126 68 30 127 66 45 128 69 61 129 70 62 130 68 30 131 75 63 132 72 34 133 74 64 134 71 65 135 74 64 136 70 66 137 68 17 138 76 17 139 66 17 140 64 17 141 76 17 142 60 17 143 70 17 144 77 17 145 68 17 146 67 20 147 79 20 148 69 20 149 79 67 150 71 67 151 69 67 152 78 20 153 65 20 154 62 20 155 81 40 156 82 56 157 80 68 158 82 56 159 84 69 160 80 68 161 85 70 162 86 71 163 84 72 164 87 73 165 88 74 166 86 71 167 89 75 168 90 76 169 88 74 170 95 50 171 92 34 172 94 77 173 91 78 174 94 77 175 90 79 176 88 17 177 96 17 178 86 17 179 84 17 180 96 17 181 80 17 182 90 80 183 97 80 184 88 80 185 87 20 186 99 20 187 89 20 188 99 81 189 91 81 190 89 81 191 98 20 192 85 20 193 82 20 194 101 82 195 102 83 196 100 84 197 102 83 198 104 85 199 100 84 200 105 86 201 106 87 202 104 88 203 107 89 204 108 90 205 106 87 206 109 91 207 110 92 208 108 90 209 115 93 210 112 34 211 114 94 212 111 52 213 114 94 214 110 95 215 108 17 216 116 17 217 106 17 218 104 17 219 116 17 220 100 17 221 110 17 222 117 17 223 108 17 224 107 20 225 119 20 226 109 20 227 119 96 228 111 96 229 109 96 230 118 20 231 105 20 232 102 20 233 121 97 234 122 98 235 120 99 236 122 98 237 124 100 238 120 99 239 125 101 240 126 27 241 124 102 242 127 103 243 128 104 244 126 27 245 129 75 246 130 105 247 128 104 248 135 106 249 132 34 250 134 51 251 131 36 252 134 51 253 130 107 254 128 17 255 136 17 256 126 17 257 124 17 258 136 17 259 120 17 260 130 17 261 137 17 262 128 17 263 127 20 264 139 20 265 129 20 266 139 108 267 131 108 268 129 108 269 138 20 270 125 20 271 122 20 272 141 109 273 142 110 274 140 111 275 142 110 276 144 112 277 140 111 278 145 113 279 146 87 280 144 113 281 147 114 282 148 115 283 146 87 284 149 91 285 150 116 286 148 115 287 155 117 288 152 34 289 154 118 290 151 119 291 154 118 292 150 120 293 148 17 294 156 17 295 146 17 296 144 17 297 156 17 298 140 17 299 150 17 300 157 17 301 148 17 302 147 20 303 159 20 304 149 20 305 159 121 306 151 121 307 149 121 308 158 20 309 145 20 310 142 20 311 161 122 312 162 123 313 160 124 314 162 123 315 164 125 316 160 124 317 165 70 318 166 126 319 164 127 320 167 128 321 168 129 322 166 126 323 169 75 324 170 92 325 168 129 326 175 130 327 172 34 328 174 131 329 171 132 330 174 131 331 170 133 332 168 17 333 176 17 334 166 17 335 164 17 336 176 17 337 160 17 338 170 17 339 177 17 340 168 17 341 167 20 342 179 20 343 169 20 344 179 20 345 171 20 346 169 20 347 178 20 348 165 20 349 162 20 350 181 134 351 182 135 352 180 136 353 182 135 354 184 137 355 180 136 356 185 5 357 186 126 358 184 138 359 187 114 360 188 139 361 186 126 362 189 10 363 190 76 364 188 139 365 195 140 366 192 34 367 194 141 368 191 119 369 194 141 370 190 142 371 188 17 372 196 17 373 186 17 374 184 17 375 196 17 376 180 17 377 190 17 378 197 17 379 188 17 380 187 20 381 199 20 382 189 20 383 199 143 384 191 143 385 189 143 386 198 20 387 185 20 388 182 20 389 201 144 390 202 110 391 200 84 392 202 110 393 204 145 394 200 84 395 205 146 396 206 45 397 204 88 398 207 147 399 208 90 400 206 45 401 209 148 402 210 149 403 208 90 404 215 150 405 212 34 406 214 64 407 211 151 408 214 64 409 210 95 410 208 17 411 216 17 412 206 17 413 204 17 414 216 17 415 200 17 416 210 17 417 217 17 418 208 17 419 207 20 420 219 20 421 209 20 422 219 152 423 211 152 424 209 152 425 218 20 426 205 20 427 202 20 428 221 153 429 222 154 430 220 155 431 222 154 432 224 156 433 220 155 434 225 138 435 226 157 436 224 158 437 227 159 438 228 160 439 226 157 440 229 148 441 230 161 442 228 160 443 235 162 444 232 34 445 234 118 446 231 36 447 234 118 448 230 163 449 228 17 450 236 17 451 226 17 452 224 17 453 236 17 454 220 17 455 230 17 456 237 17 457 228 17 458 227 20 459 239 20 460 229 20 461 239 108 462 231 108 463 229 108 464 238 20 465 225 20 466 222 20 467 241 164 468 242 165 469 240 166 470 242 165 471 244 112 472 240 166 473 245 5 474 246 87 475 244 138 476 247 167 477 248 168 478 246 87 479 249 169 480 250 170 481 248 168 482 255 171 483 252 34 484 254 35 485 251 132 486 254 35 487 250 79 488 248 17 489 256 17 490 246 17 491 244 17 492 256 17 493 240 17 494 250 17 495 257 17 496 248 17 497 247 20 498 259 20 499 249 20 500 259 152 501 251 152 502 249 152 503 258 20 504 245 20 505 242 20 506 261 172 507 262 173 508 260 57 509 262 173 510 264 58 511 260 57 512 265 26 513 266 27 514 264 28 515 267 29 516 268 30 517 266 27 518 269 31 519 270 32 520 268 30 521 275 63 522 272 34 523 274 64 524 271 65 525 274 64 526 270 66 527 268 17 528 276 17 529 266 17 530 264 17 531 276 17 532 260 17 533 270 17 534 277 17 535 268 17 536 267 20 537 279 20 538 269 20 539 279 20 540 271 20 541 269 20 542 278 20 543 265 20 544 262 20 545 281 174 546 282 23 547 280 24 548 282 23 549 284 25 550 280 24 551 285 146 552 286 175 553 284 46 554 287 176 555 288 47 556 286 175 557 289 177 558 290 178 559 288 47 560 295 33 561 292 34 562 294 94 563 291 36 564 294 94 565 290 37 566 288 17 567 296 17 568 286 17 569 284 17 570 296 17 571 280 17 572 290 17 573 297 17 574 288 17 575 287 20 576 299 20 577 289 20 578 299 152 579 291 152 580 289 152 581 298 20 582 285 20 583 282 20 584 300 179 585 303 180 586 302 181 587 302 181 588 304 182 589 300 179 590 305 26 591 306 183 592 304 184 593 307 185 594 308 186 595 306 183 596 309 75 597 310 187 598 308 186 599 315 188 600 312 189 601 314 190 602 311 191 603 314 190 604 310 79 605 308 17 606 316 17 607 306 17 608 304 17 609 316 17 610 300 17 611 310 17 612 317 17 613 308 17 614 307 20 615 319 20 616 309 20 617 319 54 618 311 54 619 309 54 620 318 192 621 305 193 622 302 194 623 21 22 624 2 1 625 3 195 626 41 40 627 22 23 628 23 196 629 61 55 630 42 41 631 43 197 632 81 40 633 62 56 634 63 198 635 101 82 636 82 56 637 83 199 638 121 97 639 102 83 640 103 200 641 141 109 642 122 98 643 123 201 644 161 122 645 142 110 646 143 202 647 181 134 648 162 123 649 163 203 650 201 144 651 182 135 652 183 204 653 221 153 654 202 110 655 203 205 656 241 164 657 222 154 658 223 206 659 261 172 660 242 165 661 243 207 662 281 174 663 262 173 664 263 208 665 301 209 666 282 23 667 283 210 668 282 211 669 316 211 670 298 211 671 316 211 672 299 211 673 298 211 674 317 211 675 295 211 676 299 211 677 314 190 678 293 34 679 295 33 680 262 211 681 296 211 682 278 211 683 296 211 684 279 211 685 278 211 686 297 211 687 275 211 688 279 211 689 294 94 690 273 34 691 275 63 692 242 211 693 276 211 694 258 211 695 276 211 696 259 211 697 258 211 698 277 211 699 255 211 700 259 211 701 274 64 702 253 34 703 255 171 704 222 211 705 256 211 706 238 211 707 256 211 708 239 211 709 238 211 710 257 211 711 235 211 712 239 211 713 254 35 714 233 34 715 235 162 716 202 211 717 236 211 718 218 211 719 236 211 720 219 211 721 218 211 722 237 211 723 215 211 724 219 211 725 234 118 726 213 34 727 215 150 728 182 211 729 216 211 730 198 211 731 216 211 732 199 211 733 198 211 734 217 211 735 195 211 736 199 211 737 214 64 738 193 34 739 195 140 740 162 211 741 196 211 742 178 211 743 196 211 744 179 211 745 178 211 746 197 211 747 175 211 748 179 211 749 194 141 750 173 34 751 175 130 752 142 211 753 176 211 754 158 211 755 176 211 756 159 211 757 158 211 758 177 211 759 155 211 760 159 211 761 174 131 762 153 34 763 155 117 764 122 211 765 156 211 766 138 211 767 156 211 768 139 211 769 138 211 770 157 211 771 135 211 772 139 211 773 154 118 774 133 34 775 135 106 776 102 211 777 136 211 778 118 211 779 136 211 780 119 211 781 118 211 782 137 211 783 115 211 784 119 211 785 134 51 786 113 34 787 115 93 788 82 211 789 116 211 790 98 211 791 116 211 792 99 211 793 98 211 794 117 211 795 95 211 796 99 211 797 114 94 798 93 34 799 95 50 800 62 211 801 96 211 802 78 211 803 96 211 804 79 211 805 78 211 806 97 211 807 75 211 808 79 211 809 94 77 810 73 34 811 75 63 812 42 211 813 76 211 814 58 211 815 76 211 816 59 211 817 58 211 818 77 211 819 55 211 820 59 211 821 74 64 822 53 34 823 55 50 824 22 211 825 56 211 826 38 211 827 56 211 828 39 211 829 38 211 830 57 211 831 35 211 832 39 211 833 54 51 834 33 34 835 35 33 836 2 211 837 36 211 838 18 211 839 36 211 840 19 211 841 18 211 842 37 211 843 15 211 844 19 211 845 34 35 846 13 34 847 15 12 848 320 212 849 323 213 850 322 214 851 320 212 852 325 215 853 324 216 854 325 217 855 326 218 856 324 219 857 327 220 858 328 221 859 326 218 860 329 222 861 330 223 862 328 221 863 335 224 864 332 225 865 334 226 866 331 227 867 334 226 868 330 228 869 328 17 870 336 17 871 326 17 872 324 17 873 336 17 874 320 17 875 330 17 876 337 17 877 328 17 878 327 229 879 339 230 880 329 231 881 339 230 882 331 232 883 329 231 884 338 233 885 325 234 886 322 235 887 340 236 888 343 237 889 341 238 890 340 236 891 345 239 892 342 240 893 346 241 894 345 127 895 344 127 896 348 242 897 347 243 898 346 241 899 350 170 900 349 244 901 348 242 902 352 245 903 355 246 904 354 247 905 354 247 906 351 248 907 350 249 908 356 20 909 348 20 910 346 20 911 344 20 912 356 20 913 346 20 914 357 20 915 350 20 916 348 20 917 359 250 918 347 251 919 349 252 920 351 253 921 359 250 922 349 252 923 345 254 924 358 255 925 342 256 926 343 237 927 302 181 928 303 180 929 342 257 930 318 258 931 302 257 932 358 211 933 319 211 934 318 211 935 319 259 936 355 259 937 315 259 938 355 246 939 313 260 940 315 188 941 322 214 942 1 0 943 0 2 944 16 261 945 322 262 946 0 262 947 339 211 948 16 211 949 17 211 950 17 211 951 335 211 952 339 211 953 333 263 954 14 14 955 12 13 956 356 20 957 361 20 958 357 20 959 360 20 960 340 20 961 341 20 962 357 20 963 352 20 964 354 20 965 337 17 966 362 17 967 336 17 968 336 17 969 321 17 970 320 17 971 332 17 972 337 17 973 334 17 974 360 20 975 369 20 976 361 20 977 363 264 978 365 264 979 371 264 980 363 17 981 370 17 982 362 17 983 360 20 984 366 20 985 368 20 986 362 17 987 364 17 988 321 17 989 361 20 990 367 20 991 352 20 992 374 265 993 366 266 994 375 267 995 367 268 996 391 268 997 392 268 998 391 269 999 390 270 1000 389 271 1001 388 272 1002 390 270 1003 369 273 1004 377 274 1005 374 275 1006 373 276 1007 377 274 1008 378 277 1009 368 278 1010 368 278 1011 388 272 1012 369 273 1013 388 272 1014 379 279 1015 387 280 1016 386 281 1017 379 282 1018 381 281 1019 381 283 1020 385 284 1021 386 285 1022 380 286 1023 382 287 1024 385 288 1025 383 289 1026 382 290 1027 384 291 1028 364 292 1029 412 292 1030 413 292 1031 412 293 1032 410 294 1033 411 295 1034 410 294 1035 408 296 1036 409 297 1037 394 298 1038 365 299 1039 393 300 1040 394 301 1041 396 302 1042 371 303 1043 398 304 1044 396 302 1045 397 305 1046 371 303 1047 408 296 1048 370 306 1049 408 296 1050 399 307 1051 407 308 1052 399 309 1053 406 310 1054 407 311 1055 400 312 1056 405 313 1057 406 314 1058 404 315 1059 401 316 1060 402 315 1061 402 317 1062 403 318 1063 404 319 1064 411 320 1065 458 321 1066 412 322 1067 391 323 1068 438 324 1069 392 325 1070 410 326 1071 457 327 1072 411 320 1073 398 328 1074 443 329 1075 444 330 1076 374 331 1077 421 332 1078 420 333 1079 364 334 1080 459 335 1081 414 336 1082 386 337 1083 433 338 1084 387 339 1085 408 340 1086 455 341 1087 409 342 1088 384 343 1089 426 344 1090 430 345 1091 365 346 1092 439 347 1093 393 348 1094 390 349 1095 435 350 1096 389 351 1097 395 352 1098 440 353 1099 441 354 1100 376 355 1101 423 356 1102 422 357 1103 366 358 1104 421 332 1105 375 359 1106 389 351 1107 437 360 1108 391 323 1109 402 361 1110 447 362 1111 448 363 1112 378 364 1113 422 357 1114 424 365 1115 367 366 1116 438 324 1117 417 367 1118 380 368 1119 427 369 1120 426 344 1121 412 322 1122 459 335 1123 413 370 1124 383 371 1125 428 372 1126 382 373 1127 405 374 1128 452 375 1129 406 376 1130 399 377 1131 444 330 1132 445 378 1133 382 373 1134 431 379 1135 385 380 1136 387 339 1137 434 381 1138 388 382 1139 381 383 1140 425 384 1141 427 369 1142 385 380 1143 432 385 1144 386 337 1145 388 382 1146 418 386 1147 372 387 1148 409 342 1149 456 388 1150 410 326 1151 397 389 1152 442 390 1153 443 329 1154 372 387 1155 436 391 1156 390 349 1157 403 392 1158 448 363 1159 449 393 1160 407 394 1161 454 395 1162 408 340 1163 373 396 1164 420 333 1165 419 397 1166 396 398 1167 441 354 1168 442 390 1169 394 399 1170 439 347 1171 440 353 1172 377 400 1173 419 397 1174 423 356 1175 400 401 1176 445 378 1177 446 402 1178 401 403 1179 446 402 1180 447 362 1181 379 404 1182 424 365 1183 425 384 1184 406 376 1185 453 405 1186 407 394 1187 404 406 1188 451 407 1189 405 374 1190 383 371 1191 430 345 1192 429 408 1193 403 392 1194 450 409 1195 404 406 1196 143 202 1197 468 410 1198 161 122 1199 163 203 1200 161 122 1201 468 410 1202 301 209 1203 474 411 1204 475 412 1205 63 198 1206 61 55 1207 463 413 1208 23 196 1209 462 414 1210 41 40 1211 181 134 1212 468 410 1213 469 415 1214 223 206 1215 221 153 1216 471 416 1217 123 201 1218 121 97 1219 466 417 1220 43 197 1221 463 413 1222 61 55 1223 23 196 1224 21 22 1225 461 418 1226 201 144 1227 469 415 1228 470 419 1229 283 210 1230 281 174 1231 474 411 1232 183 204 1233 181 134 1234 469 415 1235 63 198 1236 464 420 1237 81 40 1238 343 237 1239 475 412 1240 477 421 1241 221 153 1242 470 419 1243 471 416 1244 83 199 1245 81 40 1246 464 420 1247 83 199 1248 465 422 1249 101 82 1250 243 207 1251 241 164 1252 472 423 1253 241 164 1254 471 416 1255 472 423 1256 143 202 1257 141 109 1258 467 424 1259 43 197 1260 41 40 1261 462 414 1262 103 200 1263 466 417 1264 121 97 1265 303 180 1266 301 209 1267 475 412 1268 261 172 1269 472 423 1270 473 425 1271 203 205 1272 201 144 1273 470 419 1274 103 200 1275 101 82 1276 465 422 1277 123 201 1278 467 424 1279 141 109 1280 281 174 1281 473 425 1282 474 411 1283 3 195 1284 1 0 1285 460 426 1286 263 208 1287 261 172 1288 473 425 1289 3 195 1290 461 418 1291 21 22 1292 323 213 1293 460 426 1294 1 0 1295 473 425 1296 472 423 1297 490 427 1298 473 425 1299 492 428 1300 474 411 1301 461 418 1302 478 429 1303 479 430 1304 474 411 1305 493 431 1306 475 412 1307 461 418 1308 480 432 1309 462 414 1310 477 421 1311 493 431 1312 495 433 1313 463 413 1314 462 414 1315 480 432 1316 476 434 1317 478 429 1318 460 426 1319 463 413 1320 482 435 1321 464 420 1322 465 422 1323 464 420 1324 482 435 1325 465 422 1326 484 436 1327 466 417 1328 467 424 1329 466 417 1330 484 436 1331 467 424 1332 486 437 1333 468 410 1334 469 415 1335 468 410 1336 486 437 1337 470 419 1338 486 437 1339 488 438 1340 471 416 1341 470 419 1342 488 438 1343 472 423 1344 488 438 1345 490 427 1346 321 439 1347 476 434 1348 323 213 1349 494 440 1350 364 334 1351 414 336 1352 477 421 1353 341 238 1354 343 237 1355 366 358 1356 495 433 1357 416 441 1358 353 442 1359 520 443 1360 313 260 1361 212 34 1362 213 34 1363 510 34 1364 112 34 1365 113 34 1366 500 34 1367 212 34 1368 508 34 1369 193 34 1370 12 13 1371 13 34 1372 489 444 1373 272 34 1374 273 34 1375 516 34 1376 53 445 1377 496 445 1378 483 445 1379 272 34 1380 514 34 1381 253 34 1382 172 34 1383 173 34 1384 506 34 1385 113 446 1386 502 446 1387 500 446 1388 72 34 1389 73 34 1390 496 34 1391 192 34 1392 506 34 1393 173 34 1394 232 34 1395 233 34 1396 512 34 1397 12 13 1398 522 447 1399 333 263 1400 132 34 1401 133 34 1402 502 34 1403 33 448 1404 483 448 1405 481 448 1406 252 34 1407 512 34 1408 233 34 1409 32 34 1410 33 34 1411 481 34 1412 292 34 1413 293 34 1414 518 34 1415 93 34 1416 500 34 1417 498 34 1418 312 34 1419 518 34 1420 293 34 1421 192 34 1422 193 34 1423 508 34 1424 92 34 1425 93 34 1426 498 34 1427 172 449 1428 504 449 1429 153 449 1430 13 34 1431 481 34 1432 489 444 1433 252 34 1434 253 34 1435 514 34 1436 232 34 1437 510 34 1438 213 34 1439 152 34 1440 153 34 1441 504 34 1442 73 450 1443 498 450 1444 496 450 1445 292 34 1446 516 34 1447 273 34 1448 52 34 1449 53 34 1450 483 34 1451 312 189 1452 313 260 1453 520 443 1454 133 451 1455 504 451 1456 502 451 1457 496 34 1458 509 452 1459 513 453 1460 523 454 1461 507 455 1462 520 443 1463 500 456 1464 491 457 1465 509 452 1466 510 458 1467 485 459 1468 508 34 1469 506 34 1470 491 457 1471 504 34 1472 483 34 1473 496 34 1474 513 453 1475 502 34 1476 504 34 1477 491 457 1478 520 443 1479 505 460 1480 518 461 1481 514 34 1482 497 462 1483 512 34 1484 483 34 1485 519 463 1486 481 34 1487 481 34 1488 515 464 1489 489 444 1490 489 444 1491 524 465 1492 522 447 1493 506 34 1494 508 34 1495 485 459 1496 498 34 1497 500 456 1498 509 452 1499 514 34 1500 516 34 1501 501 466 1502 518 461 1503 501 466 1504 516 34 1505 510 458 1506 512 34 1507 497 462 1508 522 447 1509 332 225 1510 333 263 1511 522 447 1512 415 467 1513 365 346 1514 352 245 1515 523 454 1516 353 442 1517 525 468 1518 367 366 1519 417 367 1520 422 357 1521 529 469 1522 528 470 1523 494 440 1524 511 471 1525 571 472 1526 416 441 1527 527 473 1528 421 332 1529 424 365 1530 528 470 1531 530 474 1532 525 468 1533 503 475 1534 575 476 1535 513 453 1536 509 452 1537 569 477 1538 417 367 1539 544 478 1540 503 475 1541 428 372 1542 535 479 1543 534 480 1544 501 466 1545 505 460 1546 567 481 1547 495 433 1548 499 482 1549 416 441 1550 452 375 1551 557 483 1552 558 484 1553 431 379 1554 534 480 1555 537 485 1556 479 430 1557 478 429 1558 566 486 1559 432 385 1560 537 485 1561 538 487 1562 488 438 1563 486 437 1564 568 488 1565 491 457 1566 567 481 1567 569 477 1568 443 329 1569 548 489 1570 549 490 1571 454 395 1572 559 491 1573 560 492 1574 493 431 1575 572 493 1576 495 433 1577 440 353 1578 545 494 1579 546 495 1580 492 428 1581 570 496 1582 493 431 1583 446 402 1584 553 497 1585 447 362 1586 451 407 1587 556 498 1588 557 483 1589 482 435 1590 480 432 1591 566 486 1592 497 462 1593 501 466 1594 567 481 1595 484 436 1596 568 488 1597 486 437 1598 458 321 1599 563 499 1600 564 500 1601 509 452 1602 491 457 1603 569 477 1604 444 330 1605 549 490 1606 550 501 1607 519 463 1608 573 502 1609 515 464 1610 455 341 1611 560 492 1612 561 503 1613 433 338 1614 538 487 1615 539 504 1616 505 460 1617 507 455 1618 567 481 1619 441 354 1620 546 495 1621 547 505 1622 435 350 1623 542 506 1624 541 507 1625 507 455 1626 575 476 1627 567 481 1628 447 362 1629 554 508 1630 448 363 1631 437 360 1632 541 507 1633 543 509 1634 459 335 1635 564 500 1636 565 510 1637 484 436 1638 482 435 1639 566 486 1640 427 369 1641 532 511 1642 426 344 1643 524 465 1644 487 512 1645 415 467 1646 445 378 1647 550 501 1648 551 513 1649 434 381 1650 539 504 1651 540 514 1652 425 384 1653 533 515 1654 427 369 1655 418 386 1656 540 514 1657 517 516 1658 515 464 1659 574 517 1660 524 465 1661 456 388 1662 561 503 1663 562 518 1664 436 391 1665 517 516 1666 542 506 1667 485 459 1668 497 462 1669 567 481 1670 490 427 1671 488 438 1672 568 488 1673 448 363 1674 555 519 1675 449 393 1676 419 397 1677 526 520 1678 521 521 1679 478 429 1680 571 472 1681 566 486 1682 442 390 1683 547 505 1684 548 489 1685 423 356 1686 521 521 1687 529 469 1688 445 378 1689 552 522 1690 446 402 1691 424 365 1692 531 523 1693 425 384 1694 480 432 1695 479 430 1696 566 486 1697 453 405 1698 558 484 1699 559 491 1700 430 345 1701 535 479 1702 429 408 1703 492 428 1704 490 427 1705 568 488 1706 449 393 1707 556 498 1708 450 409 1709 438 324 1710 543 509 1711 544 478 1712 519 463 1713 513 453 1714 569 477 1715 457 327 1716 562 518 1717 563 499 1718 420 333 1719 527 473 1720 526 520 1721 414 336 1722 565 510 1723 511 471 1724 426 344 1725 536 524 1726 430 345 1727 415 467 1728 545 494 1729 439 347 1730 576 525 1731 550 525 1732 577 525 1733 577 526 1734 550 526 1735 549 526 1736 577 527 1737 549 527 1738 578 527 1739 578 528 1740 549 528 1741 548 528 1742 578 529 1743 548 529 1744 579 529 1745 580 530 1746 530 530 1747 581 530 1748 581 531 1749 530 531 1750 528 531 1751 581 532 1752 528 532 1753 582 532 1754 582 533 1755 528 533 1756 529 533 1757 582 534 1758 529 534 1759 583 534 1760 584 535 1761 585 535 1762 538 535 1763 586 536 1764 543 536 1765 587 536 1766 587 528 1767 543 528 1768 541 528 1769 587 528 1770 541 528 1771 588 528 1772 588 528 1773 541 528 1774 589 528 1775 589 528 1776 541 528 1777 542 528 1778 589 528 1779 542 528 1780 590 528 1781 590 537 1782 542 537 1783 517 537 1784 590 538 1785 517 538 1786 591 538 1787 591 528 1788 517 528 1789 540 528 1790 591 539 1791 540 539 1792 592 539 1793 592 540 1794 540 540 1795 539 540 1796 592 528 1797 539 528 1798 585 528 1799 585 528 1800 539 528 1801 538 528 1802 538 541 1803 537 541 1804 584 541 1805 584 528 1806 537 528 1807 534 528 1808 584 528 1809 534 528 1810 593 528 1811 593 528 1812 534 528 1813 594 528 1814 594 542 1815 534 542 1816 535 542 1817 594 543 1818 535 543 1819 595 543 1820 595 528 1821 535 528 1822 536 528 1823 595 544 1824 536 544 1825 596 544 1826 596 528 1827 536 528 1828 532 528 1829 596 545 1830 532 545 1831 597 545 1832 597 546 1833 532 546 1834 533 546 1835 597 528 1836 533 528 1837 580 528 1838 580 547 1839 533 547 1840 531 547 1841 580 528 1842 531 528 1843 530 528 1844 545 528 1845 598 528 1846 546 528 1847 546 548 1848 598 548 1849 599 548 1850 546 549 1851 599 549 1852 547 549 1853 547 528 1854 599 528 1855 579 528 1856 547 550 1857 579 550 1858 548 550 1859 600 551 1860 601 551 1861 558 551 1862 487 552 1863 602 552 1864 545 552 1865 545 528 1866 602 528 1867 603 528 1868 545 553 1869 603 553 1870 598 553 1871 558 528 1872 557 528 1873 600 528 1874 600 528 1875 557 528 1876 556 528 1877 600 554 1878 556 554 1879 604 554 1880 604 555 1881 556 555 1882 605 555 1883 605 528 1884 556 528 1885 555 528 1886 605 528 1887 555 528 1888 606 528 1889 606 528 1890 555 528 1891 554 528 1892 606 528 1893 554 528 1894 607 528 1895 607 528 1896 554 528 1897 553 528 1898 607 528 1899 553 528 1900 608 528 1901 608 528 1902 553 528 1903 552 528 1904 608 528 1905 552 528 1906 576 528 1907 576 556 1908 552 556 1909 551 556 1910 576 528 1911 551 528 1912 550 528 1913 609 557 1914 564 557 1915 610 557 1916 610 558 1917 564 558 1918 563 558 1919 610 528 1920 563 528 1921 611 528 1922 611 528 1923 563 528 1924 612 528 1925 612 528 1926 563 528 1927 562 528 1928 612 528 1929 562 528 1930 613 528 1931 613 559 1932 562 559 1933 561 559 1934 613 528 1935 561 528 1936 614 528 1937 614 528 1938 561 528 1939 560 528 1940 614 528 1941 560 528 1942 615 528 1943 615 560 1944 560 560 1945 559 560 1946 615 528 1947 559 528 1948 601 528 1949 601 528 1950 559 528 1951 558 528 1952 529 528 1953 521 528 1954 583 528 1955 583 561 1956 521 561 1957 616 561 1958 616 528 1959 521 528 1960 526 528 1961 616 562 1962 526 562 1963 617 562 1964 617 528 1965 526 528 1966 527 528 1967 617 528 1968 527 528 1969 618 528 1970 618 528 1971 527 528 1972 499 528 1973 618 563 1974 499 563 1975 619 563 1976 602 528 1977 487 528 1978 574 528 1979 602 528 1980 574 528 1981 620 528 1982 620 564 1983 574 564 1984 573 564 1985 620 528 1986 573 528 1987 621 528 1988 573 528 1989 569 528 1990 621 528 1991 622 528 1992 567 528 1993 623 528 1994 623 565 1995 567 565 1996 575 565 1997 623 528 1998 575 528 1999 624 528 2000 624 566 2001 575 566 2002 503 566 2003 624 567 2004 503 567 2005 586 567 2006 586 568 2007 503 568 2008 544 568 2009 586 569 2010 544 569 2011 543 569 2012 619 528 2013 499 528 2014 572 528 2015 619 528 2016 572 528 2017 625 528 2018 625 570 2019 572 570 2020 570 570 2021 625 528 2022 570 528 2023 626 528 2024 570 528 2025 568 528 2026 626 528 2027 567 528 2028 621 528 2029 569 528 2030 627 528 2031 566 528 2032 628 528 2033 628 528 2034 566 528 2035 571 528 2036 628 528 2037 571 528 2038 629 528 2039 629 528 2040 571 528 2041 511 528 2042 629 528 2043 511 528 2044 609 528 2045 609 571 2046 511 571 2047 565 571 2048 609 572 2049 565 572 2050 564 572 2051 568 528 2052 627 528 2053 626 528 2054 677 528 2055 668 528 2056 678 528 2057 670 573 2058 677 573 2059 676 573 2060 672 574 2061 643 574 2062 642 574 2063 654 528 2064 653 528 2065 655 528 2066 653 575 2067 659 575 2068 655 575 2069 579 576 2070 681 577 2071 578 578 2072 616 579 2073 676 580 2074 583 581 2075 578 578 2076 682 582 2077 577 583 2078 628 584 2079 632 585 2080 627 586 2081 611 587 2082 649 588 2083 610 589 2084 614 590 2085 646 591 2086 613 592 2087 617 593 2088 643 594 2089 616 579 2090 576 595 2091 651 596 2092 608 597 2093 605 598 2094 655 599 2095 604 600 2096 623 601 2097 637 602 2098 622 603 2099 615 604 2100 645 605 2101 614 590 2102 606 606 2103 654 607 2104 605 598 2105 638 528 2106 633 528 2107 632 528 2108 603 608 2109 661 609 2110 598 610 2111 600 611 2112 658 612 2113 601 613 2114 608 597 2115 652 614 2116 607 615 2117 619 616 2118 641 617 2119 618 618 2120 602 619 2121 656 620 2122 603 608 2123 607 615 2124 653 621 2125 606 606 2126 618 618 2127 642 622 2128 617 593 2129 604 600 2130 659 623 2131 600 611 2132 644 624 2133 651 624 2134 683 624 2135 658 625 2136 652 625 2137 651 625 2138 681 626 2139 647 626 2140 646 626 2141 645 627 2142 681 627 2143 646 627 2144 644 628 2145 682 628 2146 645 628 2147 648 629 2148 680 629 2149 660 629 2150 648 528 2151 661 528 2152 649 528 2153 656 630 2154 649 630 2155 661 630 2156 597 631 2157 663 632 2158 596 633 2159 577 583 2160 683 634 2161 576 595 2162 610 589 2163 650 635 2164 609 636 2165 583 581 2166 677 637 2167 582 638 2168 620 639 2169 657 640 2170 602 619 2171 612 641 2172 648 642 2173 611 587 2174 631 643 2175 657 643 2176 639 643 2177 678 644 2178 667 644 2179 679 644 2180 589 645 2181 671 646 2182 588 647 2183 596 633 2184 664 648 2185 595 649 2186 622 603 2187 638 650 2188 621 651 2189 613 592 2190 647 652 2191 612 641 2192 586 653 2193 635 654 2194 624 655 2195 598 610 2196 660 656 2197 599 657 2198 637 658 2199 634 658 2200 633 658 2201 601 613 2202 644 659 2203 615 604 2204 625 660 2205 640 661 2206 619 616 2207 588 647 2208 672 662 2209 587 663 2210 671 664 2211 676 664 2212 643 664 2213 630 665 2214 656 665 2215 657 665 2216 594 666 2217 666 667 2218 593 668 2219 627 586 2220 633 669 2221 626 670 2222 609 636 2223 630 671 2224 629 672 2225 580 673 2226 662 674 2227 597 631 2228 581 675 2229 679 676 2230 580 673 2231 587 663 2232 673 677 2233 586 653 2234 599 657 2235 680 678 2236 579 576 2237 624 655 2238 636 679 2239 623 601 2240 591 680 2241 669 681 2242 590 682 2243 629 672 2244 631 683 2245 628 584 2246 642 684 2247 673 684 2248 672 684 2249 636 685 2250 640 685 2251 634 685 2252 631 528 2253 638 528 2254 632 528 2255 662 528 2256 675 528 2257 663 528 2258 590 682 2259 670 686 2260 589 645 2261 674 528 2262 679 528 2263 667 528 2264 635 687 2265 641 687 2266 640 687 2267 585 688 2268 667 689 2269 592 690 2270 666 528 2271 665 528 2272 664 528 2273 663 691 2274 666 691 2275 664 691 2276 595 649 2277 665 692 2278 594 666 2279 584 693 2280 674 694 2281 585 688 2282 593 668 2283 675 695 2284 584 693 2285 582 638 2286 678 696 2287 581 675 2288 626 670 2289 634 697 2290 625 660 2291 592 690 2292 668 698 2293 591 680 2294 621 651 2295 639 699 2296 620 639 2297 1 0 2298 3 195 2299 2 1 2300 0 2 2301 2 1 2302 5 3 2303 5 5 2304 7 8 2305 6 6 2306 7 8 2307 9 10 2308 8 9 2309 9 10 2310 11 700 2311 10 11 2312 15 12 2313 13 34 2314 12 13 2315 11 15 2316 15 12 2317 14 14 2318 8 17 2319 17 17 2320 16 701 2321 4 702 2322 6 17 2323 16 17 2324 10 17 2325 14 17 2326 17 17 2327 7 20 2328 18 20 2329 19 20 2330 19 20 2331 15 20 2332 11 20 2333 18 703 2334 7 703 2335 5 703 2336 21 22 2337 23 196 2338 22 23 2339 22 23 2340 25 704 2341 24 25 2342 25 26 2343 27 29 2344 26 27 2345 27 29 2346 29 31 2347 28 30 2348 29 31 2349 31 32 2350 30 32 2351 35 33 2352 33 34 2353 32 34 2354 31 36 2355 35 33 2356 34 35 2357 28 17 2358 37 17 2359 36 17 2360 24 705 2361 26 705 2362 36 705 2363 30 17 2364 34 17 2365 37 17 2366 27 20 2367 38 20 2368 39 20 2369 39 20 2370 35 20 2371 31 20 2372 38 706 2373 27 706 2374 25 706 2375 41 40 2376 43 197 2377 42 41 2378 42 41 2379 45 707 2380 44 43 2381 45 44 2382 47 29 2383 46 45 2384 47 29 2385 49 48 2386 48 47 2387 49 48 2388 51 32 2389 50 49 2390 55 50 2391 53 34 2392 52 34 2393 51 52 2394 55 50 2395 54 51 2396 48 17 2397 57 17 2398 56 17 2399 44 705 2400 46 705 2401 56 705 2402 50 17 2403 54 17 2404 57 17 2405 47 20 2406 58 20 2407 59 20 2408 59 20 2409 55 20 2410 51 20 2411 58 708 2412 47 708 2413 45 708 2414 61 55 2415 63 198 2416 62 56 2417 62 56 2418 65 709 2419 64 58 2420 65 59 2421 67 60 2422 66 45 2423 67 60 2424 69 61 2425 68 30 2426 69 61 2427 71 710 2428 70 62 2429 75 63 2430 73 34 2431 72 34 2432 71 65 2433 75 63 2434 74 64 2435 68 17 2436 77 17 2437 76 17 2438 64 17 2439 66 17 2440 76 17 2441 70 17 2442 74 17 2443 77 17 2444 67 20 2445 78 20 2446 79 20 2447 79 20 2448 75 20 2449 71 20 2450 78 711 2451 67 711 2452 65 711 2453 81 40 2454 83 199 2455 82 56 2456 82 56 2457 85 69 2458 84 69 2459 85 70 2460 87 73 2461 86 71 2462 87 73 2463 89 75 2464 88 74 2465 89 75 2466 91 712 2467 90 76 2468 95 50 2469 93 34 2470 92 34 2471 91 78 2472 95 50 2473 94 77 2474 88 17 2475 97 17 2476 96 17 2477 84 713 2478 86 713 2479 96 713 2480 90 17 2481 94 17 2482 97 17 2483 87 20 2484 98 20 2485 99 20 2486 99 20 2487 95 20 2488 91 20 2489 98 714 2490 87 714 2491 85 714 2492 101 82 2493 103 200 2494 102 83 2495 102 83 2496 105 85 2497 104 85 2498 105 86 2499 107 89 2500 106 87 2501 107 89 2502 109 91 2503 108 90 2504 109 91 2505 111 161 2506 110 92 2507 115 93 2508 113 34 2509 112 34 2510 111 52 2511 115 93 2512 114 94 2513 108 17 2514 117 17 2515 116 17 2516 104 17 2517 106 17 2518 116 17 2519 110 17 2520 114 17 2521 117 17 2522 107 20 2523 118 20 2524 119 20 2525 119 20 2526 115 20 2527 111 20 2528 118 715 2529 107 715 2530 105 715 2531 121 97 2532 123 201 2533 122 98 2534 122 98 2535 125 716 2536 124 100 2537 125 101 2538 127 103 2539 126 27 2540 127 103 2541 129 75 2542 128 104 2543 129 75 2544 131 105 2545 130 105 2546 135 106 2547 133 34 2548 132 34 2549 131 36 2550 135 106 2551 134 51 2552 128 17 2553 137 17 2554 136 17 2555 124 17 2556 126 17 2557 136 17 2558 130 17 2559 134 17 2560 137 17 2561 127 20 2562 138 20 2563 139 20 2564 139 20 2565 135 20 2566 131 20 2567 138 717 2568 127 717 2569 125 717 2570 141 109 2571 143 202 2572 142 110 2573 142 110 2574 145 718 2575 144 112 2576 145 113 2577 147 114 2578 146 87 2579 147 114 2580 149 91 2581 148 115 2582 149 91 2583 151 719 2584 150 116 2585 155 117 2586 153 34 2587 152 34 2588 151 119 2589 155 117 2590 154 118 2591 148 17 2592 157 17 2593 156 17 2594 144 17 2595 146 17 2596 156 17 2597 150 17 2598 154 17 2599 157 17 2600 147 20 2601 158 20 2602 159 20 2603 159 20 2604 155 20 2605 151 20 2606 158 720 2607 147 720 2608 145 720 2609 161 122 2610 163 203 2611 162 123 2612 162 123 2613 165 58 2614 164 125 2615 165 70 2616 167 128 2617 166 126 2618 167 128 2619 169 75 2620 168 129 2621 169 75 2622 171 721 2623 170 92 2624 175 130 2625 173 34 2626 172 34 2627 171 132 2628 175 130 2629 174 131 2630 168 17 2631 177 17 2632 176 17 2633 164 17 2634 166 17 2635 176 17 2636 170 17 2637 174 17 2638 177 17 2639 167 20 2640 178 20 2641 179 20 2642 179 20 2643 175 20 2644 171 20 2645 178 20 2646 167 20 2647 165 20 2648 181 134 2649 183 204 2650 182 135 2651 182 135 2652 185 722 2653 184 137 2654 185 5 2655 187 114 2656 186 126 2657 187 114 2658 189 10 2659 188 139 2660 189 10 2661 191 92 2662 190 76 2663 195 140 2664 193 34 2665 192 34 2666 191 119 2667 195 140 2668 194 141 2669 188 17 2670 197 17 2671 196 17 2672 184 17 2673 186 17 2674 196 17 2675 190 17 2676 194 17 2677 197 17 2678 187 20 2679 198 20 2680 199 20 2681 199 20 2682 195 20 2683 191 20 2684 198 723 2685 187 723 2686 185 723 2687 201 144 2688 203 205 2689 202 110 2690 202 110 2691 205 724 2692 204 145 2693 205 146 2694 207 147 2695 206 45 2696 207 147 2697 209 148 2698 208 90 2699 209 148 2700 211 725 2701 210 149 2702 215 150 2703 213 34 2704 212 34 2705 211 151 2706 215 150 2707 214 64 2708 208 17 2709 217 17 2710 216 17 2711 204 17 2712 206 17 2713 216 17 2714 210 17 2715 214 17 2716 217 17 2717 207 20 2718 218 20 2719 219 20 2720 219 20 2721 215 20 2722 211 20 2723 218 726 2724 207 726 2725 205 726 2726 221 153 2727 223 206 2728 222 154 2729 222 154 2730 225 727 2731 224 156 2732 225 138 2733 227 159 2734 226 157 2735 227 159 2736 229 148 2737 228 160 2738 229 148 2739 231 728 2740 230 161 2741 235 162 2742 233 34 2743 232 34 2744 231 36 2745 235 162 2746 234 118 2747 228 17 2748 237 17 2749 236 17 2750 224 17 2751 226 17 2752 236 17 2753 230 17 2754 234 17 2755 237 17 2756 227 20 2757 238 20 2758 239 20 2759 239 20 2760 235 20 2761 231 20 2762 238 717 2763 227 717 2764 225 717 2765 241 164 2766 243 207 2767 242 165 2768 242 165 2769 245 729 2770 244 112 2771 245 5 2772 247 167 2773 246 87 2774 247 167 2775 249 169 2776 248 168 2777 249 169 2778 251 730 2779 250 170 2780 255 171 2781 253 34 2782 252 34 2783 251 132 2784 255 171 2785 254 35 2786 248 17 2787 257 17 2788 256 17 2789 244 17 2790 246 17 2791 256 17 2792 250 17 2793 254 17 2794 257 17 2795 247 20 2796 258 20 2797 259 20 2798 259 20 2799 255 20 2800 251 20 2801 258 726 2802 247 726 2803 245 726 2804 261 172 2805 263 208 2806 262 173 2807 262 173 2808 265 709 2809 264 58 2810 265 26 2811 267 29 2812 266 27 2813 267 29 2814 269 31 2815 268 30 2816 269 31 2817 271 32 2818 270 32 2819 275 63 2820 273 34 2821 272 34 2822 271 65 2823 275 63 2824 274 64 2825 268 17 2826 277 17 2827 276 17 2828 264 17 2829 266 17 2830 276 17 2831 270 17 2832 274 17 2833 277 17 2834 267 20 2835 278 20 2836 279 20 2837 279 20 2838 275 20 2839 271 20 2840 278 20 2841 267 20 2842 265 20 2843 281 174 2844 283 210 2845 282 23 2846 282 23 2847 285 704 2848 284 25 2849 285 146 2850 287 176 2851 286 175 2852 287 176 2853 289 177 2854 288 47 2855 289 177 2856 291 731 2857 290 178 2858 295 33 2859 293 34 2860 292 34 2861 291 36 2862 295 33 2863 294 94 2864 288 17 2865 297 17 2866 296 17 2867 284 17 2868 286 17 2869 296 17 2870 290 17 2871 294 17 2872 297 17 2873 287 20 2874 298 20 2875 299 20 2876 299 20 2877 295 20 2878 291 20 2879 298 726 2880 287 726 2881 285 726 2882 300 179 2883 301 209 2884 303 180 2885 302 181 2886 305 732 2887 304 182 2888 305 26 2889 307 185 2890 306 183 2891 307 185 2892 309 75 2893 308 186 2894 309 75 2895 311 733 2896 310 187 2897 315 188 2898 313 260 2899 312 189 2900 311 191 2901 315 188 2902 314 190 2903 308 17 2904 317 17 2905 316 17 2906 304 17 2907 306 17 2908 316 17 2909 310 17 2910 314 17 2911 317 17 2912 307 20 2913 318 734 2914 319 20 2915 319 20 2916 315 20 2917 311 20 2918 318 708 2919 307 708 2920 305 735 2921 21 22 2922 20 24 2923 2 1 2924 41 40 2925 40 42 2926 22 23 2927 61 55 2928 60 57 2929 42 41 2930 81 40 2931 80 68 2932 62 56 2933 101 82 2934 100 84 2935 82 56 2936 121 97 2937 120 99 2938 102 83 2939 141 109 2940 140 111 2941 122 98 2942 161 122 2943 160 124 2944 142 110 2945 181 134 2946 180 136 2947 162 123 2948 201 144 2949 200 84 2950 182 135 2951 221 153 2952 220 155 2953 202 110 2954 241 164 2955 240 166 2956 222 154 2957 261 172 2958 260 57 2959 242 165 2960 281 174 2961 280 24 2962 262 173 2963 301 209 2964 300 179 2965 282 23 2966 282 211 2967 300 211 2968 316 211 2969 316 211 2970 317 211 2971 299 211 2972 317 211 2973 314 211 2974 295 211 2975 314 190 2976 312 189 2977 293 34 2978 262 211 2979 280 211 2980 296 211 2981 296 211 2982 297 211 2983 279 211 2984 297 211 2985 294 211 2986 275 211 2987 294 94 2988 292 34 2989 273 34 2990 242 211 2991 260 211 2992 276 211 2993 276 211 2994 277 211 2995 259 211 2996 277 211 2997 274 211 2998 255 211 2999 274 64 3000 272 34 3001 253 34 3002 222 211 3003 240 211 3004 256 211 3005 256 211 3006 257 211 3007 239 211 3008 257 211 3009 254 211 3010 235 211 3011 254 35 3012 252 34 3013 233 34 3014 202 211 3015 220 211 3016 236 211 3017 236 211 3018 237 211 3019 219 211 3020 237 211 3021 234 211 3022 215 211 3023 234 118 3024 232 34 3025 213 34 3026 182 211 3027 200 211 3028 216 211 3029 216 211 3030 217 211 3031 199 211 3032 217 211 3033 214 211 3034 195 211 3035 214 64 3036 212 34 3037 193 34 3038 162 211 3039 180 211 3040 196 211 3041 196 211 3042 197 211 3043 179 211 3044 197 211 3045 194 211 3046 175 211 3047 194 141 3048 192 34 3049 173 34 3050 142 211 3051 160 211 3052 176 211 3053 176 211 3054 177 211 3055 159 211 3056 177 211 3057 174 211 3058 155 211 3059 174 131 3060 172 34 3061 153 34 3062 122 211 3063 140 211 3064 156 211 3065 156 211 3066 157 211 3067 139 211 3068 157 211 3069 154 211 3070 135 211 3071 154 118 3072 152 34 3073 133 34 3074 102 211 3075 120 211 3076 136 211 3077 136 211 3078 137 211 3079 119 211 3080 137 211 3081 134 211 3082 115 211 3083 134 51 3084 132 34 3085 113 34 3086 82 211 3087 100 211 3088 116 211 3089 116 211 3090 117 211 3091 99 211 3092 117 211 3093 114 211 3094 95 211 3095 114 94 3096 112 34 3097 93 34 3098 62 211 3099 80 211 3100 96 211 3101 96 211 3102 97 211 3103 79 211 3104 97 211 3105 94 211 3106 75 211 3107 94 77 3108 92 34 3109 73 34 3110 42 211 3111 60 211 3112 76 211 3113 76 211 3114 77 211 3115 59 211 3116 77 211 3117 74 211 3118 55 211 3119 74 64 3120 72 34 3121 53 34 3122 22 211 3123 40 211 3124 56 211 3125 56 211 3126 57 211 3127 39 211 3128 57 211 3129 54 211 3130 35 211 3131 54 51 3132 52 34 3133 33 34 3134 2 211 3135 20 211 3136 36 211 3137 36 211 3138 37 211 3139 19 211 3140 37 211 3141 34 211 3142 15 211 3143 34 35 3144 32 34 3145 13 34 3146 320 212 3147 321 439 3148 323 213 3149 320 212 3150 322 214 3151 325 215 3152 325 217 3153 327 220 3154 326 218 3155 327 220 3156 329 222 3157 328 221 3158 329 222 3159 331 736 3160 330 223 3161 335 224 3162 333 263 3163 332 225 3164 331 227 3165 335 224 3166 334 226 3167 328 17 3168 337 17 3169 336 17 3170 324 17 3171 326 17 3172 336 17 3173 330 17 3174 334 17 3175 337 17 3176 327 229 3177 338 233 3178 339 230 3179 339 230 3180 335 737 3181 331 232 3182 338 233 3183 327 229 3184 325 234 3185 340 236 3186 342 240 3187 343 237 3188 340 236 3189 344 738 3190 345 239 3191 346 241 3192 347 243 3193 345 127 3194 348 242 3195 349 244 3196 347 243 3197 350 170 3198 351 739 3199 349 244 3200 352 245 3201 353 442 3202 355 246 3203 354 247 3204 355 246 3205 351 248 3206 356 20 3207 357 20 3208 348 20 3209 344 20 3210 340 20 3211 356 20 3212 357 20 3213 354 20 3214 350 20 3215 359 250 3216 358 255 3217 347 251 3218 351 253 3219 355 740 3220 359 250 3221 345 254 3222 347 251 3223 358 255 3224 343 237 3225 342 240 3226 302 181 3227 342 741 3228 358 741 3229 318 741 3230 358 211 3231 359 211 3232 319 211 3233 319 211 3234 359 211 3235 355 211 3236 355 246 3237 353 442 3238 313 260 3239 322 214 3240 323 213 3241 1 0 3242 16 742 3243 338 742 3244 322 742 3245 339 211 3246 338 211 3247 16 211 3248 17 743 3249 14 743 3250 335 743 3251 333 263 3252 335 224 3253 14 14 3254 356 20 3255 360 20 3256 361 20 3257 360 20 3258 356 20 3259 340 20 3260 357 744 3261 361 744 3262 352 744 3263 337 17 3264 363 17 3265 362 17 3266 336 17 3267 362 17 3268 321 17 3269 332 17 3270 363 17 3271 337 17 3272 360 20 3273 368 20 3274 369 20 3275 363 17 3276 332 17 3277 365 17 3278 363 17 3279 371 17 3280 370 17 3281 360 20 3282 341 20 3283 366 20 3284 362 17 3285 370 17 3286 364 17 3287 361 745 3288 369 745 3289 367 745 3290 374 275 3291 368 278 3292 366 746 3293 367 747 3294 369 273 3295 391 269 3296 391 269 3297 369 273 3298 390 270 3299 388 272 3300 372 748 3301 390 270 3302 377 274 3303 368 278 3304 374 275 3305 377 274 3306 376 749 3307 378 277 3308 368 278 3309 378 277 3310 388 272 3311 388 272 3312 378 277 3313 379 279 3314 386 750 3315 387 751 3316 379 752 3317 381 753 3318 380 754 3319 385 754 3320 380 755 3321 384 756 3322 382 756 3323 364 757 3324 370 306 3325 412 293 3326 412 293 3327 370 306 3328 410 294 3329 410 294 3330 370 306 3331 408 296 3332 394 301 3333 371 303 3334 365 758 3335 394 301 3336 395 759 3337 396 302 3338 398 304 3339 371 303 3340 396 302 3341 371 303 3342 398 304 3343 408 296 3344 408 296 3345 398 304 3346 399 307 3347 399 760 3348 400 761 3349 406 761 3350 400 762 3351 401 763 3352 405 763 3353 404 764 3354 405 765 3355 401 766 3356 411 320 3357 457 327 3358 458 321 3359 391 323 3360 437 360 3361 438 324 3362 410 326 3363 456 388 3364 457 327 3365 398 328 3366 397 389 3367 443 329 3368 374 331 3369 375 359 3370 421 332 3371 364 334 3372 413 370 3373 459 335 3374 386 337 3375 432 385 3376 433 338 3377 408 340 3378 454 395 3379 455 341 3380 384 343 3381 380 368 3382 426 344 3383 365 346 3384 415 467 3385 439 347 3386 390 349 3387 436 391 3388 435 350 3389 395 352 3390 394 399 3391 440 353 3392 376 355 3393 377 400 3394 423 356 3395 366 358 3396 416 441 3397 421 332 3398 389 351 3399 435 350 3400 437 360 3401 402 361 3402 401 403 3403 447 362 3404 378 364 3405 376 355 3406 422 357 3407 367 366 3408 392 325 3409 438 324 3410 380 368 3411 381 383 3412 427 369 3413 412 322 3414 458 321 3415 459 335 3416 383 371 3417 429 408 3418 428 372 3419 405 374 3420 451 407 3421 452 375 3422 399 377 3423 398 328 3424 444 330 3425 382 373 3426 428 372 3427 431 379 3428 387 339 3429 433 338 3430 434 381 3431 381 383 3432 379 404 3433 425 384 3434 385 380 3435 431 379 3436 432 385 3437 388 382 3438 434 381 3439 418 386 3440 409 342 3441 455 341 3442 456 388 3443 397 389 3444 396 398 3445 442 390 3446 372 387 3447 418 386 3448 436 391 3449 403 392 3450 402 361 3451 448 363 3452 407 394 3453 453 405 3454 454 395 3455 373 396 3456 374 331 3457 420 333 3458 396 398 3459 395 352 3460 441 354 3461 394 399 3462 393 348 3463 439 347 3464 377 400 3465 373 396 3466 419 397 3467 400 401 3468 399 377 3469 445 378 3470 401 403 3471 400 401 3472 446 402 3473 379 404 3474 378 364 3475 424 365 3476 406 376 3477 452 375 3478 453 405 3479 404 406 3480 450 409 3481 451 407 3482 383 371 3483 384 343 3484 430 345 3485 403 392 3486 449 393 3487 450 409 3488 143 202 3489 467 424 3490 468 410 3491 301 209 3492 283 210 3493 474 411 3494 23 196 3495 461 418 3496 462 414 3497 181 134 3498 163 203 3499 468 410 3500 43 197 3501 462 414 3502 463 413 3503 201 144 3504 183 204 3505 469 415 3506 63 198 3507 463 413 3508 464 420 3509 343 237 3510 303 180 3511 475 412 3512 221 153 3513 203 205 3514 470 419 3515 83 199 3516 464 420 3517 465 422 3518 241 164 3519 223 206 3520 471 416 3521 103 200 3522 465 422 3523 466 417 3524 261 172 3525 243 207 3526 472 423 3527 123 201 3528 466 417 3529 467 424 3530 281 174 3531 263 208 3532 473 425 3533 3 195 3534 460 426 3535 461 418 3536 323 213 3537 476 434 3538 460 426 3539 473 425 3540 490 427 3541 492 428 3542 461 418 3543 460 426 3544 478 429 3545 474 411 3546 492 428 3547 493 431 3548 461 418 3549 479 430 3550 480 432 3551 477 421 3552 475 412 3553 493 431 3554 476 434 3555 494 440 3556 478 429 3557 463 413 3558 480 432 3559 482 435 3560 465 422 3561 482 435 3562 484 436 3563 467 424 3564 484 436 3565 486 437 3566 470 419 3567 469 415 3568 486 437 3569 472 423 3570 471 416 3571 488 438 3572 321 439 3573 364 334 3574 476 434 3575 494 440 3576 476 434 3577 364 334 3578 477 421 3579 366 358 3580 341 238 3581 366 358 3582 477 421 3583 495 433 3584 353 442 3585 523 454 3586 520 443 3587 212 34 3588 510 34 3589 508 34 3590 53 34 3591 72 34 3592 496 34 3593 272 445 3594 516 445 3595 514 445 3596 113 34 3597 132 34 3598 502 34 3599 192 34 3600 508 34 3601 506 34 3602 12 13 3603 489 444 3604 522 447 3605 33 34 3606 52 34 3607 483 34 3608 252 34 3609 514 34 3610 512 34 3611 93 34 3612 112 34 3613 500 34 3614 312 189 3615 520 443 3616 518 461 3617 172 34 3618 506 34 3619 504 34 3620 13 34 3621 32 34 3622 481 34 3623 232 34 3624 512 34 3625 510 34 3626 73 34 3627 92 34 3628 498 34 3629 292 448 3630 518 448 3631 516 448 3632 133 34 3633 152 34 3634 504 34 3635 496 34 3636 498 34 3637 509 452 3638 523 454 3639 525 468 3640 507 455 3641 500 456 3642 502 34 3643 491 457 3644 510 458 3645 497 462 3646 485 459 3647 506 34 3648 485 459 3649 491 457 3650 520 443 3651 507 455 3652 505 460 3653 514 34 3654 501 466 3655 497 462 3656 483 34 3657 513 453 3658 519 463 3659 481 34 3660 519 463 3661 515 464 3662 489 444 3663 515 464 3664 524 465 3665 518 461 3666 505 460 3667 501 466 3668 522 447 3669 365 346 3670 332 225 3671 522 447 3672 524 465 3673 415 467 3674 352 245 3675 367 366 3676 523 454 3677 525 468 3678 523 454 3679 367 366 3680 422 357 3681 423 356 3682 529 469 3683 494 440 3684 414 336 3685 511 471 3686 416 441 3687 499 482 3688 527 473 3689 424 365 3690 422 357 3691 528 470 3692 525 468 3693 417 367 3694 503 475 3695 417 367 3696 438 324 3697 544 478 3698 428 372 3699 429 408 3700 535 479 3701 495 433 3702 572 493 3703 499 482 3704 452 375 3705 451 407 3706 557 483 3707 431 379 3708 428 372 3709 534 480 3710 432 385 3711 431 379 3712 537 485 3713 491 457 3714 485 459 3715 567 481 3716 443 329 3717 442 390 3718 548 489 3719 454 395 3720 453 405 3721 559 491 3722 493 431 3723 570 496 3724 572 493 3725 440 353 3726 439 347 3727 545 494 3728 492 428 3729 568 488 3730 570 496 3731 446 402 3732 552 522 3733 553 497 3734 451 407 3735 450 409 3736 556 498 3737 484 436 3738 566 486 3739 568 488 3740 458 321 3741 457 327 3742 563 499 3743 444 330 3744 443 329 3745 549 490 3746 519 463 3747 569 477 3748 573 502 3749 455 341 3750 454 395 3751 560 492 3752 433 338 3753 432 385 3754 538 487 3755 441 354 3756 440 353 3757 546 495 3758 435 350 3759 436 391 3760 542 506 3761 507 455 3762 525 468 3763 575 476 3764 447 362 3765 553 497 3766 554 508 3767 437 360 3768 435 350 3769 541 507 3770 459 335 3771 458 321 3772 564 500 3773 427 369 3774 533 515 3775 532 511 3776 524 465 3777 574 517 3778 487 512 3779 445 378 3780 444 330 3781 550 501 3782 434 381 3783 433 338 3784 539 504 3785 425 384 3786 531 523 3787 533 515 3788 418 386 3789 434 381 3790 540 514 3791 515 464 3792 573 502 3793 574 517 3794 456 388 3795 455 341 3796 561 503 3797 436 391 3798 418 386 3799 517 516 3800 448 363 3801 554 508 3802 555 519 3803 419 397 3804 420 333 3805 526 520 3806 478 429 3807 494 440 3808 571 472 3809 442 390 3810 441 354 3811 547 505 3812 423 356 3813 419 397 3814 521 521 3815 445 378 3816 551 513 3817 552 522 3818 424 365 3819 530 474 3820 531 523 3821 453 405 3822 452 375 3823 558 484 3824 430 345 3825 536 524 3826 535 479 3827 449 393 3828 555 519 3829 556 498 3830 438 324 3831 437 360 3832 543 509 3833 457 327 3834 456 388 3835 562 518 3836 420 333 3837 421 332 3838 527 473 3839 414 336 3840 459 335 3841 565 510 3842 426 344 3843 532 511 3844 536 524 3845 415 467 3846 487 512 3847 545 494 3848 567 528 3849 622 528 3850 621 528 3851 568 528 3852 566 528 3853 627 528 3854 677 528 3855 669 528 3856 668 528 3857 670 528 3858 669 528 3859 677 528 3860 672 767 3861 671 767 3862 643 767 3863 653 528 3864 652 528 3865 659 528 3866 579 576 3867 680 678 3868 681 577 3869 616 579 3870 643 594 3871 676 580 3872 578 578 3873 681 577 3874 682 582 3875 628 584 3876 631 683 3877 632 585 3878 611 587 3879 648 642 3880 649 588 3881 614 590 3882 645 605 3883 646 591 3884 617 593 3885 642 622 3886 643 594 3887 576 595 3888 683 634 3889 651 596 3890 605 598 3891 654 607 3892 655 599 3893 623 601 3894 636 679 3895 637 602 3896 615 604 3897 644 659 3898 645 605 3899 606 606 3900 653 621 3901 654 607 3902 638 528 3903 637 528 3904 633 528 3905 603 608 3906 656 620 3907 661 609 3908 600 611 3909 659 623 3910 658 612 3911 608 597 3912 651 596 3913 652 614 3914 619 616 3915 640 661 3916 641 617 3917 602 619 3918 657 640 3919 656 620 3920 607 615 3921 652 614 3922 653 621 3923 618 618 3924 641 617 3925 642 622 3926 604 600 3927 655 599 3928 659 623 3929 644 768 3930 658 768 3931 651 768 3932 658 769 3933 659 769 3934 652 769 3935 681 528 3936 680 528 3937 647 528 3938 645 770 3939 682 770 3940 681 770 3941 644 771 3942 683 771 3943 682 771 3944 648 528 3945 647 528 3946 680 528 3947 648 772 3948 660 772 3949 661 772 3950 656 773 3951 650 773 3952 649 773 3953 597 631 3954 662 674 3955 663 632 3956 577 583 3957 682 582 3958 683 634 3959 610 589 3960 649 588 3961 650 635 3962 583 581 3963 676 580 3964 677 637 3965 620 639 3966 639 699 3967 657 640 3968 612 641 3969 647 652 3970 648 642 3971 631 528 3972 630 528 3973 657 528 3974 678 774 3975 668 774 3976 667 774 3977 589 645 3978 670 686 3979 671 646 3980 596 633 3981 663 632 3982 664 648 3983 622 603 3984 637 602 3985 638 650 3986 613 592 3987 646 591 3988 647 652 3989 586 653 3990 673 677 3991 635 654 3992 598 610 3993 661 609 3994 660 656 3995 637 528 3996 636 528 3997 634 528 3998 601 613 3999 658 612 4000 644 659 4001 625 660 4002 634 697 4003 640 661 4004 588 647 4005 671 646 4006 672 662 4007 671 528 4008 670 528 4009 676 528 4010 630 775 4011 650 775 4012 656 775 4013 594 666 4014 665 692 4015 666 667 4016 627 586 4017 632 585 4018 633 669 4019 609 636 4020 650 635 4021 630 671 4022 580 673 4023 679 676 4024 662 674 4025 581 675 4026 678 696 4027 679 676 4028 587 663 4029 672 662 4030 673 677 4031 599 657 4032 660 656 4033 680 678 4034 624 655 4035 635 654 4036 636 679 4037 591 680 4038 668 698 4039 669 681 4040 629 672 4041 630 671 4042 631 683 4043 642 528 4044 641 528 4045 673 528 4046 636 528 4047 635 528 4048 640 528 4049 631 776 4050 639 776 4051 638 776 4052 662 777 4053 674 777 4054 675 777 4055 590 682 4056 669 681 4057 670 686 4058 674 528 4059 662 528 4060 679 528 4061 635 528 4062 673 528 4063 641 528 4064 585 688 4065 674 694 4066 667 689 4067 663 778 4068 675 778 4069 666 778 4070 595 649 4071 664 648 4072 665 692 4073 584 693 4074 675 695 4075 674 694 4076 593 668 4077 666 667 4078 675 695 4079 582 638 4080 677 637 4081 678 696 4082 626 670 4083 633 669 4084 634 697 4085 592 690 4086 667 689 4087 668 698 4088 621 651 4089 638 650 4090 639 699 4091</p>
        </triangles>
      </mesh>
    </geometry>
    <geometry id="Plane_001-mesh" name="Plane.001">
      <mesh>
        <source id="Plane_001-mesh-positions">
          <float_array id="Plane_001-mesh-positions-array" count="828">0.01804995 0.0210762 0.006796181 0.01804995 0.01995563 0.006011486 0.01804995 0.02636265 0.007728338 0.01804995 0.03179615 -0.003923714 0.01804995 0.03237432 -0.002683997 0.01804995 0.03272831 -0.001362681 0.01804995 0.03284758 0 0.01804995 0.03272831 0.001362681 0.01804995 0.03237432 0.002683997 0.01804995 0.03179615 0.003923714 0.01804995 -0.01384747 0.004049122 0.01804995 -0.01384747 -0.00604856 0.01804995 -0.01375895 -0.006413996 0.01804995 -0.01350897 -0.006701648 0.01804995 -0.01361989 0.004783987 0.01804995 -0.01375108 0.004540443 0.01804995 -0.01383763 0.004210293 0.01804995 -0.003646731 0.00534749 0.01804995 0.004576623 -0.001334249 0.01804995 0.004755318 -3.36565e-4 0.01804995 0.004718959 6.76401e-4 0.01804995 7.13726e-4 0.004713416 0.01804995 -0.003302872 0.005321681 0.01804995 -0.003474295 0.005341053 0.01804995 -0.003435075 -0.00679332 0.01804995 -0.002962768 -0.006633639 0.01804995 0.002008914 -0.004323184 0.01804995 0.002877593 -0.00380069 0.01804995 0.003616034 -0.003106415 0.01804995 0.0041911 -0.002271652 0.01804995 0.004469275 0.001658678 0.01804995 0.004017591 0.002566099 0.01804995 0.003384172 0.00335747 0.01804995 0.002597868 0.003997147 0.01804995 0.001694083 0.004456043 0.01804995 -0.01315641 -0.006840348 0.01804995 -0.01304852 -0.00684756 0.01804995 -0.003930747 -0.00684756 0.01804995 -0.02636265 -0.007728338 0.01804995 -0.02499997 -0.007847547 0.01804995 -0.02363723 -0.007728338 0.01804995 -0.02768403 -0.007374227 0.01804995 -0.02892369 -0.006796181 0.01804995 -0.02231591 -0.007374227 0.01804995 -0.0210762 -0.006796181 0.01804995 -0.01995563 -0.006011486 0.01804995 -0.01898837 -0.005044281 0.01804995 -0.03101158 0.005044281 0.01804995 -0.03179609 0.003923714 0.01804995 -0.03237432 0.002683997 0.01804995 -0.03272831 -0.001362681 0.01804995 -0.03237432 -0.002683997 0.01804995 -0.03179609 -0.003923714 0.01804995 -0.03101158 -0.005044281 0.01804995 -0.03004425 -0.006011486 0.01804995 -0.03272831 0.001362681 0.01804995 -0.03284758 0 0.01804995 -0.02231591 0.007374227 0.01804995 -0.02363723 0.007728338 0.01804995 -0.02499997 0.007847547 0.01804995 -0.01995563 0.006011486 0.01804995 -0.0210762 0.006796181 0.01804995 -0.02636265 0.007728338 0.01804995 -0.02768403 0.007374227 0.01804995 -0.01727157 -0.001362681 0.01804995 -0.01715236 0 0.01804995 -0.01727157 0.001362681 0.01804995 -0.01820379 -0.003923714 0.01804995 -0.01762562 -0.002683997 0.01804995 -0.01898837 0.005044281 0.01804995 -0.01820379 0.003923714 0.01804995 -0.01762562 0.002683997 0.01804995 -0.01254922 0.00534749 0.01804995 -0.01315969 0.00519526 0.01804995 0.03101158 0.005044281 0.01804995 0.03004425 0.006011486 0.01804995 0.01898837 0.005044281 0.01804995 0.01820379 0.003923714 0.01804995 0.02499997 0 0.01804995 -0.02499997 0 0.01804995 0.01099991 0 0.01804995 -0.004173815 -9.12363e-5 0.01804995 0.01203835 0.005220234 0.01804995 0.01099991 0.005322515 0.01804995 0.009961605 0.005220234 0.01804995 0.008963108 0.004917383 0.01804995 0.008042931 0.004425466 0.01804995 0.007236301 0.003763616 0.01804995 0.005779623 0.001038312 0.01804995 0.005677402 0 0.01804995 0.005779623 -0.001038312 0.01804995 0.01203835 -0.005220234 0.01804995 0.01303678 -0.004917383 0.01804995 0.01395702 -0.004425466 0.01804995 0.01542556 0.002957046 0.01804995 0.01476359 0.003763616 0.01804995 0.006082475 -0.00203675 0.01804995 0.006574392 -0.002957046 0.01804995 0.007236301 -0.003763616 0.01804995 0.008042931 -0.004425466 0.01804995 0.008963108 -0.004917383 0.01804995 0.009961605 -0.005220234 0.01804995 0.01099991 -0.005322515 0.01804995 0.01622027 -0.001038312 0.01804995 0.01632255 0 0.01804995 0.01622027 0.001038312 0.01804995 0.01591742 0.00203675 0.01804995 0.01395702 0.004425466 0.01804995 0.01303678 0.004917383 0.01804995 0.006574392 0.002957046 0.01804995 0.006082475 0.00203675 0.01804995 0.01591742 -0.00203675 0.01804995 0.01476359 -0.003763616 0.01804995 0.01542556 -0.002957046 0.01804995 0.02892369 0.006796181 0.01804995 0.02768403 0.007374227 0.01804995 -0.03004425 0.006011486 0.01804995 -0.02892369 0.006796181 0.01804995 0.02892369 -0.006796181 0.01804995 0.03004425 -0.006011486 0.01804995 0.03101158 -0.005044281 0.01804995 0.01995563 -0.006011486 0.01804995 0.0210762 -0.006796181 0.01804995 0.02231591 -0.007374227 0.01804995 0.02363729 -0.007728338 0.01804995 0.02499997 -0.007847547 0.01804995 0.02636265 -0.007728338 0.01804995 0.02768403 -0.007374227 0.01804995 0.01727157 0.001362681 0.01804995 0.01715236 0 0.01804995 0.01727157 -0.001362681 0.01804995 0.01898837 -0.005044281 0.01804995 0.01820379 -0.003923714 0.01804995 0.01762562 -0.002683997 0.01804995 0.01762562 0.002683997 0.01804995 0.02499997 0.007847547 0.01804995 0.02363729 0.007728338 0.01804995 0.02231591 0.007374227 0.01905 0.0210762 0.006796181 0.01905 0.01995563 0.006011486 0.01905 0.02636265 0.007728338 0.01905 0.03179615 -0.003923714 0.01905 0.03237432 -0.002683997 0.01905 0.03272831 -0.001362681 0.01905 0.03284758 0 0.01905 0.03272831 0.001362681 0.01905 0.03237432 0.002683997 0.01905 0.03179615 0.003923714 0.01905 -0.01384747 0.004049122 0.01905 -0.01384747 -0.00604856 0.01905 -0.01375895 -0.006413996 0.01905 -0.01350897 -0.006701648 0.01905 -0.01361989 0.004783987 0.01905 -0.01375108 0.004540443 0.01905 -0.01383763 0.004210293 0.01905 -0.003646731 0.00534749 0.01905 0.004576623 -0.001334249 0.01905 0.004755318 -3.36565e-4 0.01905 0.004718959 6.76401e-4 0.01905 7.13726e-4 0.004713416 0.01905 -0.003302872 0.005321681 0.01905 -0.003474295 0.005341053 0.01905 -0.003435075 -0.00679332 0.01905 -0.002962768 -0.006633639 0.01905 0.002008914 -0.004323184 0.01905 0.002877593 -0.00380069 0.01905 0.003616034 -0.003106415 0.01905 0.0041911 -0.002271652 0.01905 0.004469275 0.001658678 0.01905 0.004017591 0.002566099 0.01905 0.003384172 0.00335747 0.01905 0.002597868 0.003997147 0.01905 0.001694083 0.004456043 0.01905 -0.01315641 -0.006840348 0.01905 -0.01304852 -0.00684756 0.01905 -0.003930747 -0.00684756 0.01905 -0.02636265 -0.007728338 0.01905 -0.02499997 -0.007847547 0.01905 -0.02363723 -0.007728338 0.01905 -0.02768403 -0.007374227 0.01905 -0.02892369 -0.006796181 0.01905 -0.02231591 -0.007374227 0.01905 -0.0210762 -0.006796181 0.01905 -0.01995563 -0.006011486 0.01905 -0.01898837 -0.005044281 0.01905 -0.03101158 0.005044281 0.01905 -0.03179609 0.003923714 0.01905 -0.03237432 0.002683997 0.01905 -0.03272831 -0.001362681 0.01905 -0.03237432 -0.002683997 0.01905 -0.03179609 -0.003923714 0.01905 -0.03101158 -0.005044281 0.01905 -0.03004425 -0.006011486 0.01905 -0.03272831 0.001362681 0.01905 -0.03284758 0 0.01905 -0.02231591 0.007374227 0.01905 -0.02363723 0.007728338 0.01905 -0.02499997 0.007847547 0.01905 -0.01995563 0.006011486 0.01905 -0.0210762 0.006796181 0.01905 -0.02636265 0.007728338 0.01905 -0.02768403 0.007374227 0.01905 -0.01727157 -0.001362681 0.01905 -0.01715236 0 0.01905 -0.01727157 0.001362681 0.01905 -0.01820379 -0.003923714 0.01905 -0.01762562 -0.002683997 0.01905 -0.01898837 0.005044281 0.01905 -0.01820379 0.003923714 0.01905 -0.01762562 0.002683997 0.01905 -0.01254922 0.00534749 0.01905 -0.01315969 0.00519526 0.01905 0.03101158 0.005044281 0.01905 0.03004425 0.006011486 0.01905 0.01898837 0.005044281 0.01905 0.01820379 0.003923714 0.01905 0.02499997 0 0.01905 -0.02499997 0 0.01905 0.01099991 0 0.01905 -0.004173815 -9.12363e-5 0.01905 0.01203835 0.005220234 0.01905 0.01099991 0.005322515 0.01905 0.009961605 0.005220234 0.01905 0.008963108 0.004917383 0.01905 0.008042931 0.004425466 0.01905 0.007236301 0.003763616 0.01905 0.005779623 0.001038312 0.01905 0.005677402 0 0.01905 0.005779623 -0.001038312 0.01905 0.01203835 -0.005220234 0.01905 0.01303678 -0.004917383 0.01905 0.01395702 -0.004425466 0.01905 0.01542556 0.002957046 0.01905 0.01476359 0.003763616 0.01905 0.006082475 -0.00203675 0.01905 0.006574392 -0.002957046 0.01905 0.007236301 -0.003763616 0.01905 0.008042931 -0.004425466 0.01905 0.008963108 -0.004917383 0.01905 0.009961605 -0.005220234 0.01905 0.01099991 -0.005322515 0.01905 0.01622027 -0.001038312 0.01905 0.01632255 0 0.01905 0.01622027 0.001038312 0.01905 0.01591742 0.00203675 0.01905 0.01395702 0.004425466 0.01905 0.01303678 0.004917383 0.01905 0.006574392 0.002957046 0.01905 0.006082475 0.00203675 0.01905 0.01591742 -0.00203675 0.01905 0.01476359 -0.003763616 0.01905 0.01542556 -0.002957046 0.01905 0.02892369 0.006796181 0.01905 0.02768403 0.007374227 0.01905 -0.03004425 0.006011486 0.01905 -0.02892369 0.006796181 0.01905 0.02892369 -0.006796181 0.01905 0.03004425 -0.006011486 0.01905 0.03101158 -0.005044281 0.01905 0.01995563 -0.006011486 0.01905 0.0210762 -0.006796181 0.01905 0.02231591 -0.007374227 0.01905 0.02363729 -0.007728338 0.01905 0.02499997 -0.007847547 0.01905 0.02636265 -0.007728338 0.01905 0.02768403 -0.007374227 0.01905 0.01727157 0.001362681 0.01905 0.01715236 0 0.01905 0.01727157 -0.001362681 0.01905 0.01898837 -0.005044281 0.01905 0.01820379 -0.003923714 0.01905 0.01762562 -0.002683997 0.01905 0.01762562 0.002683997 0.01905 0.02499997 0.007847547 0.01905 0.02363729 0.007728338 0.01905 0.02231591 0.007374227</float_array>
          <technique_common>
            <accessor source="#Plane_001-mesh-positions-array" count="276" stride="3">
              <param name="X" type="float"/>
              <param name="Y" type="float"/>
              <param name="Z" type="float"/>
            </accessor>
          </technique_common>
        </source>
        <source id="Plane_001-mesh-normals">
          <float_array id="Plane_001-mesh-normals-array" count="1029">-1 0 0 -1 -1.36071e-6 0 -1 2.72149e-6 0 -1 -2.7215e-6 0 -1 2.7216e-6 0 -1 -3.4019e-7 0 -1 2.72147e-6 0 -1 -2.72159e-6 0 -1 2.72149e-6 0 -1 -2.72149e-6 0 -1 3.40188e-7 0 -1 1.36071e-6 0 -1 2.63295e-6 0 -1 -2.63298e-6 0 -1 2.4381e-6 0 -1 -4.11937e-7 0 -1 4.43186e-6 0 -1 2.03174e-7 0 -1 -3.16677e-6 0 -1 9.52905e-7 0 -1 3.35471e-6 0 -1 4.19027e-7 0 -1 -1.48972e-7 0 -1 -8.83426e-7 0 -1 -2.10712e-6 0 -1 -2.72147e-6 0 -1 -2.7216e-6 0 -1 -1.36071e-6 0 -1 2.72147e-6 0 -1 1.36071e-6 0 -1 -3.40188e-7 0 -1 2.72149e-6 0 -1 2.7215e-6 0 -1 3.4019e-7 0 -1 -2.72161e-6 0 1 0 0 1 -1.36071e-6 0 1 -1.36076e-6 0 1 -3.4019e-7 0 1 -1.3608e-6 0 1 -1.36079e-6 0 1 1.36076e-6 0 1 3.40188e-7 0 1 1.36071e-6 0 1 1.36076e-6 0 1 1.31643e-6 0 1 2.63298e-6 0 1 -2.6329e-6 0 1 2.63289e-6 0 1 2.63301e-6 0 1 -1.31644e-6 0 1 1.31643e-6 0 1 2.63298e-6 0 1 -1.31643e-6 0 1 -2.63302e-6 0 1 -2.63298e-6 0 1 -2.63287e-6 0 1 -2.63298e-6 0 1 2.63287e-6 0 1 -2.4381e-6 0 1 8.42768e-7 0 1 2.13919e-6 0 1 0 0 1 6.70942e-6 0 1 -1.92835e-6 0 1 -8.65749e-6 0 1 -1.36076e-6 0 1 1.3608e-6 0 1 -1.36071e-6 0 1 1.36071e-6 0 1 -3.40188e-7 0 1 1.36076e-6 0 1 3.4019e-7 0 1 -1.3608e-6 0 1 1.36079e-6 0 0 0.07502108 0.997182 0 0.1310278 0.9913787 0 0.1310274 0.9913787 0 1.18436e-6 1 0 0.173649 0.9848076 0 0.1736513 0.9848073 0 0.642789 0.7660433 0 0.7660329 0.6428013 0 0.7660354 0.6427984 0 -0.8660203 -0.5000091 0 -0.9396925 -0.3420206 0 -0.9396938 -0.3420172 0 0.8314678 0.5555731 0 0.923885 0.3826704 0 0.9238866 0.3826663 0 -0.5000051 0.8660226 0 -0.342029 0.9396895 0 -0.3420269 0.9396902 0 -0.8314686 -0.5555717 0 -0.9238853 -0.3826696 0 -0.9238873 -0.3826649 0 -0.4999997 -0.8660256 0 -0.6427884 -0.7660439 0 -0.6427898 -0.7660426 0 0.6427859 -0.7660459 0 0.5000076 -0.866021 0 0.5000051 -0.8660226 0 0.8660218 0.5000063 0 0.9396995 0.3420016 0 0.9397004 0.3419991 0 -0.1218863 0.9925441 0 0.01882576 0.9998229 0 0.01882576 0.9998229 0 -0.9848079 0.1736477 0 -0.9396938 0.3420172 0 -0.9396925 0.3420206 0 -0.7660462 0.6427856 0 -0.6427889 0.7660434 0 -0.6427859 0.7660459 0 -0.03262919 -0.9994676 0 -0.2187131 -0.9757893 0 -0.2187104 -0.9757899 0 0.3826942 -0.9238751 0 0.1951075 -0.9807819 0 0.195102 -0.9807829 0 0.3420237 -0.9396914 0 0.1736515 -0.9848071 0 0.173649 -0.9848076 0 2.03747e-6 1 0 0.195102 0.9807829 0 0.1951075 0.9807819 0 -0.4999979 0.8660266 0 -0.3420206 0.9396924 0 -0.3420184 0.9396933 0 -0.9848081 0.1736467 0 -0.9396932 0.3420187 0 -0.9396927 0.3420201 0 0.3826942 0.9238751 0 0.3826993 0.923873 0 -0.1736457 -0.9848083 0 -0.3420269 -0.9396902 0 -0.342029 -0.9396895 0 0.9807871 0.1950811 0 1 1.91832e-6 0 1 -1.91832e-6 0 -0.382699 -0.9238732 0 -0.5555644 -0.8314736 0 -0.5555688 -0.8314706 0 0.3420257 0.9396906 0 0.4999979 0.8660266 0 0.4999997 0.8660256 0 0.923885 -0.3826704 0 0.8314676 -0.5555735 0 0.8314648 -0.5555775 0 0.6036196 -0.7972726 0 0.469087 -0.8831521 0 0.4690863 -0.8831524 0 -0.8314652 0.555577 0 -0.7070931 0.7071205 0 -0.7070894 0.7071242 0 0.8427644 0.5382828 0 0.9375129 0.3479506 0 0.9375152 0.3479446 0 -0.9238853 0.3826696 0 -0.8314683 0.5555722 0 -0.577008 -0.8167385 0 -0.5769976 -0.8167459 0 -0.9848079 -0.1736477 0 -0.9848085 -0.1736441 0 0.5000076 0.866021 0 0.6427866 0.7660453 0 0.1736457 0.9848083 0 0.3420269 0.9396902 0 0.342029 0.9396895 0 0.6427876 -0.7660444 0 0.4999997 -0.8660256 0 0.4999979 -0.8660266 0 -0.1736434 0.9848086 0 -1.351e-6 1 0 -0.9807857 -0.1950883 0 -0.9807868 -0.1950826 0 -1 -2.98114e-6 0 -1 2.98114e-6 0 0.1736434 -0.9848086 0 -6.15389e-7 -1 0 -3.10789e-6 -1 0 0.7070891 -0.7071245 0 0.5555685 -0.8314709 0 0.5555638 -0.8314739 0 0.3714575 -0.92845 0 0.2157992 -0.9764378 0 0.2158023 -0.9764371 0 0.2021358 0.9793576 0 0.2021361 0.9793576 0 0.9807871 -0.1950811 0 0.9807863 -0.1950857 0 0.7660456 -0.6427863 0 0.6427896 -0.7660429 0 -0.9874379 0.1580079 0 -0.9304284 0.366474 0 -0.9304299 0.3664699 0 0.3420257 -0.9396906 0 9.90336e-7 -1 0 -1.5474e-6 -1 0 -0.8660276 0.4999962 0 -0.7660476 0.642784 0 -0.7660456 0.6427863 0 -0.9807868 0.1950826 0 -0.9807857 0.1950883 0 -0.642789 -0.7660433 0 -0.7660456 -0.6427863 0 -0.7660475 -0.6427841 0 0.7070929 -0.7071208 0 -0.1951018 0.980783 0 -3.52685e-6 1 0 -0.8660288 0.4999943 0 0.5449609 0.8384615 0 0.709895 0.7043076 0 0.709899 0.7043036 0 -0.8660187 0.5000117 0 -0.7660481 0.6427832 0 -0.1736433 -0.9848086 0 0.3826993 -0.923873 0 -0.707089 -0.7071246 0 -0.7070931 -0.7071205 0 -0.1951072 -0.980782 0 -0.382694 -0.9238752 0 -0.9848082 -0.1736458 0 -1 -2.05923e-7 0 -1 2.05923e-7 0 -0.3420206 -0.9396924 0 -0.4999979 -0.8660266 0 -0.6427876 0.7660444 0 -0.4999997 0.8660256 0 0.3714566 -0.9284504 0 0.5555638 0.8314739 0 0.5555685 0.8314709 0 0.9848079 -0.1736477 0 0.9397004 -0.3419991 0 0.9396995 -0.3420016 0 0.8660276 -0.4999962 0 0.7660476 -0.642784 0 -1 -1.26887e-6 0 -1 1.26887e-6 0 1 -1.26887e-6 0 0.9848085 -0.1736441 0 -0.7660469 -0.6427848 0 -0.8660278 -0.4999961 0 -0.8660292 -0.4999937 0 -0.5555688 0.8314706 0 -0.5555644 0.8314736 0 -0.5000051 -0.8660226 0 -0.5000076 -0.866021 0 -0.1736477 0.9848079 0 -0.1736451 0.9848083 0 -0.9848085 0.1736441 0 0.9848085 0.1736441 0 1 1.26887e-6 0 0.98988 0.1419067 0 0.9975041 -0.07060903 0 0.9975037 -0.07061517 0 0.7070928 0.7071208 0 0.8314653 0.5555769 0 0.5000051 0.8660226 0 0.355367 0.9347269 0 0.3553728 0.9347247 0 -0.9396927 -0.3420201 0 -0.9396932 -0.3420187 0 0.9600253 -0.2799136 0 0.8791614 -0.4765244 0 0.8791582 -0.4765301 0 0.5449558 0.8384648 0 -0.6427896 0.7660429 0 -3.52685e-6 -1 0 -0.1951018 -0.980783 0 0.9396927 -0.3420201 0 0.8660288 -0.4999943 0 -0.9995362 0.03045588 0 -0.9874386 0.1580039 0 -0.1736459 0.9848082 0 0.7585445 -0.6516214 0 0.6036239 -0.7972693 0 0.342029 -0.9396895 0 0.3420269 -0.9396902 0 0.8660205 0.5000086 0 2.03747e-6 -1 0 0.9898792 0.1419127 0 0.05441737 -0.9985184 0 -0.03311282 -0.9994516 0 -0.7851997 0.6192426 0 -0.7852019 0.6192398 0 1 -2.05923e-7 0 0.9848082 -0.1736458 0 0.9848081 -0.1736467 0 0.9396932 0.3420187 0 0.9848081 0.1736467 0 0.9848082 0.1736458 0 0.7660336 -0.6428006 0 0.6427889 -0.7660434 0 -0.8314657 -0.5555762 0 0.8660292 0.4999937 0 0.9396927 0.3420201 0 0.1736459 -0.9848082 0 1 2.05923e-7 0 0.7660469 0.6427848 0 0.8660278 0.4999961 0 0.05441671 -0.9985184 0 -0.7660449 -0.642787 0 0.3420237 0.9396914 0 -0.8885948 -0.4586931 0 -0.9929525 -0.1185129 0 -0.9929521 -0.1185171 0 0.8660204 -0.5000088 0 0.7660362 -0.6427977 0 0.7585485 -0.6516166 0 0.960027 -0.2799075 0 -2.91506e-6 1 0 -4.2375e-7 1 0 0.8427608 0.5382883 0 -0.8660188 -0.5000115 0 0.7070888 0.7071248 0 0.9807863 0.1950857 0 -0.6427866 -0.7660453 0 -0.9848082 0.1736458 0 -0.4678122 0.8838281 0 -0.1218872 0.9925439 0 0.8660215 -0.5000069 0 -0.382694 0.9238752 0 -0.1951072 0.980782 0 0.6427884 0.7660439 0 0.6427898 0.7660426 0 -0.1736475 -0.9848079 0 -0.3420184 -0.9396933 0 -0.9995363 0.03045088 0 -0.9848081 -0.1736467 0 -0.4678137 0.8838271 0 0.7660449 0.642787 0 0.9396932 -0.3420187 0 -0.8660198 0.5000097 0 0.923887 -0.3826655 0 -0.8886014 -0.4586803 0 -0.382699 0.9238732 0 -0.5000076 0.866021 0 0.9848079 0.1736477 0 -0.9238876 0.3826642 0 0.1736433 0.9848086 0 0.07502132 0.997182 0 -0.1736451 -0.9848083</float_array>
          <technique_common>
            <accessor source="#Plane_001-mesh-normals-array" count="343" stride="3">
              <param name="X" type="float"/>
              <param name="Y" type="float"/>
              <param name="Z" type="float"/>
            </accessor>
          </technique_common>
        </source>
        <source id="Plane_001-mesh-map-0">
          <float_array id="Plane_001-mesh-map-0-array" count="3216">0 0 0 0 0 0 0 0 0 0 0 0 0 0 0 0 0 0 0 0 0 0 0 0 0 0 0 0 0 0 0 0 0 0 0 0 0 0 0 0 0 0 0 0 0 0 0 0 0 0 0 0 0 0 0 0 0 0 0 0 0 0 0 0 0 0 0 0 0 0 0 0 0 0 0 0 0 0 0 0 0 0 0 0 0 0 0 0 0 0 0 0 0 0 0 0 0 0 0 0 0 0 0 0 0 0 0 0 0 0 0 0 0 0 0 0 0 0 0 0 0 0 0 0 0 0 0 0 0 0 0 0 0 0 0 0 0 0 0 0 0 0 0 0 0 0 0 0 0 0 0 0 0 0 0 0 0 0 0 0 0 0 0 0 0 0 0 0 0 0 0 0 0 0 0 0 0 0 0 0 0 0 0 0 0 0 0 0 0 0 0 0 0 0 0 0 0 0 0 0 0 0 0 0 0 0 0 0 0 0 0 0 0 0 0 0 0 0 0 0 0 0 0 0 0 0 0 0 0 0 0 0 0 0 0 0 0 0 0 0 0 0 0 0 0 0 0 0 0 0 0 0 0 0 0 0 0 0 0 0 0 0 0 0 0 0 0 0 0 0 0 0 0 0 0 0 0 0 0 0 0 0 0 0 0 0 0 0 0 0 0 0 0 0 0 0 0 0 0 0 0 0 0 0 0 0 0 0 0 0 0 0 0 0 0 0 0 0 0 0 0 0 0 0 0 0 0 0 0 0 0 0 0 0 0 0 0 0 0 0 0 0 0 0 0 0 0 0 0 0 0 0 0 0 0 0 0 0 0 0 0 0 0 0 0 0 0 0 0 0 0 0 0 0 0 0 0 0 0 0 0 0 0 0 0 0 0 0 0 0 0 0 0 0 0 0 0 0 0 0 0 0 0 0 0 0 0 0 0 0 0 0 0 0 0 0 0 0 0 0 0 0 0 0 0 0 0 0 0 0 0 0 0 0 0 0 0 0 0 0 0 0 0 0 0 0 0 0 0 0 0 0 0 0 0 0 0 0 0 0 0 0 0 0 0 0 0 0 0 0 0 0 0 0 0 0 0 0 0 0 0 0 0 0 0 0 0 0 0 0 0 0 0 0 0 0 0 0 0 0 0 0 0 0 0 0 0 0 0 0 0 0 0 0 0 0 0 0 0 0 0 0 0 0 0 0 0 0 0 0 0 0 0 0 0 0 0 0 0 0 0 0 0 0 0 0 0 0 0 0 0 0 0 0 0 0 0 0 0 0 0 0 0 0 0 0 0 0 0 0 0 0 0 0 0 0 0 0 0 0 0 0 0 0 0 0 0 0 0 0 0 0 0 0 0 0 0 0 0 0 0 0 0 0 0 0 0 0 0 0 0 0 0 0 0 0 0 0 0 0 0 0 0 0 0 0 0 0 0 0 0 0 0 0 0 0 0 0 0 0 0 0 0 0 0 0 0 0 0 0 0 0 0 0 0 0 0 0 0 0 0 0 0 0 0 0 0 0 0 0 0 0 0 0 0 0 0 0 0 0 0 0 0 0 0 0 0 0 0 0 0 0 0 0 0 0 0 0 0 0 0 0 0 0 0 0 0 0 0 0 0 0 0 0 0 0 0 0 0 0 0 0 0 0 0 0 0 0 0 0 0 0 0 0 0 0 0 0 0 0 0 0 0 0 0 0 0 0 0 0 0 0 0 0 0 0 0 0 0 0 0 0 0 0 0 0 0 0 0 0 0 0 0 0 0 0 0 0 0 0 0 0 0 0 0 0 0 0 0 0 0 0 0 0 0 0 0 0 0 0 0 0 0 0 0 0 0 0 0 0 0 0 0 0 0 0 0 0 0 0 0 0 0 0 0 0 0 0 0 0 0 0 0 0 0 0 0 0 0 0 0 0 0 0 0 0 0 0 0 0 0 0 0 0 0 0 0 0 0 0 0 0 0 0 0 0 0 0 0 0 0 0 0 0 0 0 0 0 0 0 0 0 0 0 0 0 0 0 0 0 0 0 0 0 0 0 0 0 0 0 0 0 0 0 0 0 0 0 0 0 0 0 0 0 0 0 0 0 0 0 0 0 0 0 0 0 0 0 0 0 0 0 0 0 0 0 0 0 0 0 0 0 0 0 0 0 0 0 0 0 0 0 0 0 0 0 0 0 0 0 0 0 0 0 0 0 0 0 0 0 0 0 0 0 0 0 0 0 0 0 0 0 0 0 0 0 0 0 0 0 0 0 0 0 0 0 0 0 0 0 0 0 0 0 0 0 0 0 0 0 0 0 0 0 0 0 0 0 0 0 0 0 0 0 0 0 0 0 0 0 0 0 0 0 0 0 0 0 0 0 0 0 0 0 0 0 0 0 0 0 0 0 0 0 0 0 0 0 0 0 0 0 0 0 0 0 0 0 0 0 0 0 0 0 0 0 0 0 0 0 0 0 0 0 0 0 0 0 0 0 0 0 0 0 0 0 0 0 0 0 0 0 0 0 0 0 0 0 0 0 0 0 0 0 0 0 0 0 0 0 0 0 0 0 0 0 0 0 0 0 0 0 0 0 0 0 0 0 0 0 0 0 0 0 0 0 0 0 0 0 0 0 0 0 0 0 0 0 0 0 0 0 0 0 0 0 0 0 0 0 0 0 0 0 0 0 0 0 0 0 0 0 0 0 0 0 0 0 0 0 0 0 0 0 0 0 0 0 0 0 0 0 0 0 0 0 0 0 0 0 0 0 0 0 0 0 0 0 0 0 0 0 0 0 0 0 0 0 0 0 0 0 0 0 0 0 0 0 0 0 0 0 0 0 0 0 0 0 0 0 0 0 0 0 0 0 0 0 0 0 0 0 0 0 0 0 0 0 0 0 0 0 0 0 0 0 0 0 0 0 0 0 0 0 0 0 0 0 0 0 0 0 0 0 0 0 0 0 0 0 0 0 0 0 0 0 0 0 0 0 0 0 0 0 0 0 0 0 0 0 0 0 0 0 0 0 0 0 0 0 0 0 0 0 0 0 0 0 0 0 0 0 0 0 0 0 0 0 0 0 0 0 0 0 0 0 0 0 0 0 0 0 0 0 0 0 0 0 0 0 0 0 0 0 0 0 0 0 0 0 0 0 0 0 0 0 0 0 0 0 0 0 0 0 0 0 0 0 0 0 0 0 0 0 0 0 0 0 0 0 0 0 0 0 0 0 0 0 0 0 0 0 0 0 0 0 0 0 0 0 0 0 0 0 0 0 0 0 0 0 0 0 0 0 0 0 0 0 0 0 0 0 0 0 0 0 0 0 0 0 0 0 0 0 0 0 0 0 0 0 0 0 0 0 0 0 0 0 0 0 0 0 0 0 0 0 0 0 0 0 0 0 0 0 0 0 0 0 0 0 0 0 0 0 0 0 0 0 0 0 0 0 0 0 0 0 0 0 0 0 0 0 0 0 0 0 0 0 0 0 0 0 0 0 0 0 0 0 0 0 0 0 0 0 0 0 0 0 0 0 0 0 0 0 0 0 0 0 0 0 0 0 0 0 0 0 0 0 0 0 0 0 0 0 0 0 0 0 0 0 0 0 0 0 0 0 0 0 0 0 0 0 0 0 0 0 0 0 0 0 0 0 0 0 0 0 0 0 0 0 0 0 0 0 0 0 0 0 0 0 0 0 0 0 0 0 0 0 0 0 0 0 0 0 0 0 0 0 0 0 0 0 0 0 0 0 0 0 0 0 0 0 0 0 0 0 0 0 0 0 0 0 0 0 0 0 0 0 0 0 0 0 0 0 0 0 0 0 0 0 0 0 0 0 0 0 0 0 0 0 0 0 0 0 0 0 0 0 0 0 0 0 0 0 0 0 0 0 0 0 0 0 0 0 0 0 0 0 0 0 0 0 0 0 0 0 0 0 0 0 0 0 0 0 0 0 0 0 0 0 0 0 0 0 0 0 0 0 0 0 0 0 0 0 0 0 0 0 0 0 0 0 0 0 0 0 0 0 0 0 0 0 0 0 0 0 0 0 0 0 0 0 0 0 0 0 0 0 0 0 0 0 0 0 0 0 0 0 0 0 0 0 0 0 0 0 0 0 0 0 0 0 0 0 0 0 0 0 0 0 0 0 0 0 0 0 0 0 0 0 0 0 0 0 0 0 0 0 0 0 0 0 0 0 0 0 0 0 0 0 0 0 0 0 0 0 0 0 0 0 0 0 0 0 0 0 0 0 0 0 0 0 0 0 0 0 0 0 0 0 0 0 0 0 0 0 0 0 0 0 0 0 0 0 0 0 0 0 0 0 0 0 0 0 0 0 0 0 0 0 0 0 0 0 0 0 0 0 0 0 0 0 0 0 0 0 0 0 0 0 0 0 0 0 0 0 0 0 0 0 0 0 0 0 0 0 0 0 0 0 0 0 0 0 0 0 0 0 0 0 0 0 0 0 0 0 0 0 0 0 0 0 0 0 0 0 0 0 0 0 0 0 0 0 0 0 0 0 0 0 0 0 0 0 0 0 0 0 0 0 0 0 0 0 0 0 0 0 0 0 0 0 0 0 0 0 0 0 0 0 0 0 0 0 0 0 0 0 0 0 0 0 0 0 0 0 0 0 0 0 0 0 0 0 0 0 0 0 0 0 0 0 0 0 0 0 0 0 0 0 0 0 0 0 0 0 0 0 0 0 0 0 0 0 0 0 0 0 0 0 0 0 0 0 0 0 0 0 0 0 0 0 0 0 0 0 0 0 0 0 0 0 0 0 0 0 0 0 0 0 0 0 0 0 0 0 0 0 0 0 0 0 0 0 0 0 0 0 0 0 0 0 0 0 0 0 0 0 0 0 0 0 0 0 0 0 0 0 0 0 0 0 0 0 0 0 0 0 0 0 0 0 0 0 0 0 0 0 0 0 0 0 0 0 0 0 0 0 0 0 0 0 0 0 0 0 0 0 0 0 0 0 0 0 0 0 0 0 0 0 0 0 0 0 0 0 0 0 0 0 0 0 0 0 0 0 0 0 0 0 0 0 0 0 0 0 0 0 0 0 0 0 0 0 0 0 0 0 0 0 0 0 0 0 0 0 0 0 0 0 0 0 0 0 0 0 0 0 0 0 0 0 0 0 0 0 0 0 0 0 0 0 0 0 0 0 0 0 0 0 0 0 0 0 0 0 0 0 0 0 0 0 0 0 0 0 0 0 0 0 0 0 0 0 0 0 0 0 0 0 0 0 0 0 0 0 0 0 0 0 0 0 0 0 0 0 0 0 0 0 0 0 0 0 0 0 0 0 0 0 0 0 0 0 0 0 0 0 0 0 0 0 0 0 0 0 0 0 0 0 0 0 0 0 0 0 0 0 0 0 0 0 0 0 0 0 0 0 0 0 0 0 0 0 0 0 0 0 0 0 0 0 0 0 0 0 0 0 0 0 0 0 0 0 0 0 0 0 0 0 0 0 0 0 0 0 0 0 0 0 0 0 0 0 0 0 0 0 0 0 0 0 0 0 0 0 0 0 0 0 0 0 0 0 0 0 0 0 0 0 0 0 0 0 0 0 0 0 0 0 0 0 0 0 0 0 0 0 0 0 0 0 0 0 0 0 0 0 0 0 0 0 0 0 0 0 0 0 0 0 0 0 0 0 0 0 0 0 0 0 0 0 0 0 0 0 0 0 0 0 0 0 0 0 0 0 0 0 0 0 0 0 0 0 0 0 0 0 0 0 0 0 0 0 0 0 0 0 0 0 0 0 0 0 0 0 0 0 0 0 0 0 0 0 0 0 0 0 0 0 0 0 0 0 0 0 0 0 0 0 0 0 0 0 0 0 0 0 0 0 0 0 0 0 0 0 0 0 0 0 0 0 0 0 0 0 0 0 0 0 0 0 0 0 0 0 0 0 0 0 0 0 0 0 0 0 0 0 0 0 0 0 0 0 0 0 0 0 0 0 0 0 0 0 0 0 0 0 0 0 0 0 0 0 0 0 0 0 0 0 0 0 0 0 0 0 0 0 0 0 0 0 0 0 0 0 0 0 0 0 0 0 0 0 0 0 0 0 0 0 0 0 0 0 0 0 0 0 0 0 0 0 0 0 0 0 0 0 0 0 0 0 0 0 0 0 0 0 0 0 0 0 0 0 0 0 0 0 0 0 0 0 0 0 0 0 0 0 0 0 0 0 0 0 0 0 0 0 0 0 0 0 0 0 0 0 0 0 0 0 0 0 0 0 0 0 0 0 0 0 0 0 0 0 0 0 0 0 0 0 0 0 0 0 0 0 0 0 0 0 0 0 0 0 0 0 0 0 0 0 0 0 0 0 0 0 0 0 0 0 0 0 0 0 0 0 0 0 0 0 0 0 0 0 0 0 0 0 0 0 0 0 0 0 0 0 0 0 0 0 0 0 0 0 0 0 0 0 0 0 0 0 0 0 0 0 0 0 0 0 0 0 0 0 0 0 0 0 0 0 0 0 0 0 0 0 0 0 0 0 0 0 0 0 0 0 0 0 0 0 0 0 0 0 0 0 0 0 0 0 0 0 0 0 0 0 0 0 0 0 0 0 0 0 0 0 0 0 0 0 0 0 0 0 0 0 0 0 0 0 0 0 0 0 0 0 0 0 0 0 0 0 0 0 0 0 0 0 0 0 0 0 0 0 0 0 0 0 0 0 0 0 0 0 0 0 0 0 0 0 0 0 0 0 0 0 0 0 0 0 0 0 0 0 0 0 0 0 0 0 0 0 0 0 0 0 0 0 0 0 0 0 0 0 0 0 0 0 0 0 0 0 0 0 0 0 0 0 0 0 0 0 0 0 0 0 0 0 0 0 0 0 0 0 0 0 0 0 0 0 0 0 0 0 0 0 0 0 0 0 0 0 0 0 0 0 0 0 0 0 0 0 0 0 0 0 0 0 0 0 0 0 0 0 0 0 0 0 0 0 0 0 0 0 0 0 0 0 0 0 0 0 0 0 0 0 0 0 0 0 0 0 0 0 0 0 0 0 0 0 0 0 0 0 0 0 0 0 0 0 0 0 0 0 0 0 0 0 0 0 0 0 0 0 0 0 0 0 0 0 0 0 0 0 0 0 0 0 0 0 0 0 0 0 0 0 0 0 0 0 0 0 0 0 0 0 0 0 0 0 0 0 0 0 0 0 0 0 0 0 0 0 0 0 0 0 0 0 0 0 0 0 0 0 0 0 0 0 0 0 0 0 0 0 0 0 0 0 0 0 0 0 0 0 0 0 0 0 0 0 0 0 0 0 0 0</float_array>
          <technique_common>
            <accessor source="#Plane_001-mesh-map-0-array" count="1608" stride="2">
              <param name="S" type="float"/>
              <param name="T" type="float"/>
            </accessor>
          </technique_common>
        </source>
        <vertices id="Plane_001-mesh-vertices">
          <input semantic="POSITION" source="#Plane_001-mesh-positions"/>
        </vertices>
        <triangles material="Grey_Glass-material" count="536">
          <input semantic="VERTEX" source="#Plane_001-mesh-vertices" offset="0"/>
          <input semantic="NORMAL" source="#Plane_001-mesh-normals" offset="1"/>
          <input semantic="TEXCOORD" source="#Plane_001-mesh-map-0" offset="2" set="0"/>
          <p>3 0 0 78 0 1 4 0 2 118 1 3 78 1 4 119 1 5 119 0 6 78 0 7 120 0 8 123 2 9 78 2 10 124 2 11 74 0 12 78 0 13 75 0 14 6 0 15 78 0 16 7 0 17 137 3 18 78 3 19 0 3 20 122 3 21 78 3 22 123 3 23 130 0 24 78 0 25 133 0 26 77 0 27 78 0 28 134 0 29 127 4 30 78 4 31 118 4 32 128 0 33 78 0 34 129 0 35 4 5 36 78 5 37 5 5 38 114 4 39 78 4 40 115 4 41 2 6 42 78 6 43 135 6 44 1 0 45 78 0 46 76 0 47 125 6 48 78 6 49 126 6 50 76 0 51 78 0 52 77 0 53 7 0 54 78 0 55 8 0 56 5 0 57 78 0 58 6 0 59 124 7 60 78 7 61 125 7 62 136 8 63 78 8 64 137 8 65 132 0 66 78 0 67 131 0 68 126 9 69 78 9 70 127 9 71 120 0 72 78 0 73 3 0 74 8 0 75 78 0 76 9 0 77 9 0 78 78 0 79 74 0 80 115 9 81 78 9 82 2 9 83 135 7 84 78 7 85 136 7 86 134 10 87 78 10 88 128 10 89 121 0 90 78 0 91 122 0 92 0 11 93 78 11 94 1 11 95 129 0 96 78 0 97 130 0 98 133 0 99 78 0 100 132 0 101 131 0 102 78 0 103 121 0 104 75 0 105 78 0 106 114 0 107 88 0 108 80 0 109 89 0 110 112 0 111 80 0 112 113 0 113 98 0 114 80 0 115 99 0 116 91 0 117 80 0 118 92 0 119 85 0 120 80 0 121 86 0 122 111 0 123 80 0 124 103 0 125 110 0 126 80 0 127 88 0 128 102 12 129 80 12 130 91 12 131 84 0 132 80 0 133 85 0 134 105 0 135 80 0 136 106 0 137 107 0 138 80 0 139 108 0 140 87 0 141 80 0 142 109 0 143 101 13 144 80 13 145 102 13 146 83 13 147 80 13 148 84 13 149 96 0 150 80 0 151 97 0 152 82 12 153 80 12 154 83 12 155 108 0 156 80 0 157 82 0 158 90 0 159 80 0 160 96 0 161 92 0 162 80 0 163 93 0 164 86 0 165 80 0 166 87 0 167 106 0 168 80 0 169 94 0 170 99 0 171 80 0 172 100 0 173 100 0 174 80 0 175 101 0 176 93 0 177 80 0 178 112 0 179 97 0 180 80 0 181 98 0 182 95 0 183 80 0 184 107 0 185 103 0 186 80 0 187 104 0 188 94 0 189 80 0 190 95 0 191 104 0 192 80 0 193 105 0 194 109 0 195 80 0 196 110 0 197 113 0 198 80 0 199 111 0 200 89 0 201 80 0 202 90 0 203 34 14 204 81 14 205 21 14 206 25 15 207 81 15 208 26 15 209 30 0 210 81 0 211 31 0 212 11 0 213 81 0 214 12 0 215 24 16 216 81 16 217 25 16 218 33 0 219 81 0 220 34 0 221 16 0 222 81 0 223 10 0 224 18 17 225 81 17 226 19 17 227 72 18 228 81 18 229 73 18 230 21 0 231 81 0 232 22 0 233 27 19 234 81 19 235 28 19 236 20 0 237 81 0 238 30 0 239 15 0 240 81 0 241 16 0 242 12 20 243 81 20 244 13 20 245 14 0 246 81 0 247 15 0 248 22 0 249 81 0 250 23 0 251 29 21 252 81 21 253 18 21 254 23 0 255 81 0 256 17 0 257 13 0 258 81 0 259 35 0 260 32 0 261 81 0 262 33 0 263 37 0 264 81 0 265 24 0 266 35 0 267 81 0 268 36 0 269 10 22 270 81 22 271 11 22 272 36 0 273 81 0 274 37 0 275 31 0 276 81 0 277 32 0 278 28 23 279 81 23 280 29 23 281 73 0 282 81 0 283 14 0 284 26 24 285 81 24 286 27 24 287 17 0 288 81 0 289 72 0 290 19 0 291 81 0 292 20 0 293 38 25 294 79 25 295 39 25 296 48 0 297 79 0 298 49 0 299 59 25 300 79 25 301 62 25 302 54 0 303 79 0 304 42 0 305 69 0 306 79 0 307 60 0 308 50 0 309 79 0 310 51 0 311 45 0 312 79 0 313 46 0 314 67 0 315 79 0 316 68 0 317 46 0 318 79 0 319 67 0 320 42 26 321 79 26 322 41 26 323 44 27 324 79 27 325 45 27 326 39 28 327 79 28 328 40 28 329 117 29 330 79 29 331 116 29 332 68 30 333 79 30 334 64 30 335 41 31 336 79 31 337 38 31 338 53 0 339 79 0 340 54 0 341 64 0 342 79 0 343 65 0 344 61 32 345 79 32 346 57 32 347 63 26 348 79 26 349 117 26 350 51 0 351 79 0 352 52 0 353 58 28 354 79 28 355 59 28 356 62 31 357 79 31 358 63 31 359 49 33 360 79 33 361 55 33 362 60 0 363 79 0 364 61 0 365 47 0 366 79 0 367 48 0 368 56 0 369 79 0 370 50 0 371 57 34 372 79 34 373 58 34 374 40 34 375 79 34 376 43 34 377 66 0 378 79 0 379 71 0 380 52 0 381 79 0 382 53 0 383 55 0 384 79 0 385 56 0 386 71 0 387 79 0 388 70 0 389 65 0 390 79 0 391 66 0 392 70 0 393 79 0 394 69 0 395 43 32 396 79 32 397 44 32 398 116 0 399 79 0 400 47 0 401 141 35 402 142 35 403 216 35 404 256 36 405 257 36 406 216 36 407 257 35 408 258 35 409 216 35 410 261 35 411 262 35 412 216 35 413 212 37 414 213 37 415 216 37 416 144 35 417 145 35 418 216 35 419 275 35 420 138 35 421 216 35 422 260 35 423 261 35 424 216 35 425 268 35 426 271 35 427 216 35 428 215 35 429 272 35 430 216 35 431 265 35 432 256 35 433 216 35 434 266 35 435 267 35 436 216 35 437 142 38 438 143 38 439 216 38 440 252 35 441 253 35 442 216 35 443 140 35 444 273 35 445 216 35 446 139 35 447 214 35 448 216 35 449 263 35 450 264 35 451 216 35 452 214 39 453 215 39 454 216 39 455 145 35 456 146 35 457 216 35 458 143 35 459 144 35 460 216 35 461 262 35 462 263 35 463 216 35 464 274 35 465 275 35 466 216 35 467 270 40 468 269 40 469 216 40 470 264 35 471 265 35 472 216 35 473 258 41 474 141 41 475 216 41 476 146 35 477 147 35 478 216 35 479 147 41 480 212 41 481 216 41 482 253 35 483 140 35 484 216 35 485 273 35 486 274 35 487 216 35 488 272 42 489 266 42 490 216 42 491 259 35 492 260 35 493 216 35 494 138 43 495 139 43 496 216 43 497 267 35 498 268 35 499 216 35 500 271 35 501 270 35 502 216 35 503 269 44 504 259 44 505 216 44 506 213 35 507 252 35 508 216 35 509 226 35 510 227 35 511 218 35 512 250 45 513 251 45 514 218 45 515 236 46 516 237 46 517 218 46 518 229 47 519 230 47 520 218 47 521 223 35 522 224 35 523 218 35 524 249 35 525 241 35 526 218 35 527 248 35 528 226 35 529 218 35 530 240 35 531 229 35 532 218 35 533 222 48 534 223 48 535 218 48 536 243 35 537 244 35 538 218 35 539 245 49 540 246 49 541 218 49 542 225 50 543 247 50 544 218 50 545 239 35 546 240 35 547 218 35 548 221 35 549 222 35 550 218 35 551 234 51 552 235 51 553 218 51 554 220 35 555 221 35 556 218 35 557 246 35 558 220 35 559 218 35 560 228 35 561 234 35 562 218 35 563 230 35 564 231 35 565 218 35 566 224 52 567 225 52 568 218 52 569 244 53 570 232 53 571 218 53 572 237 54 573 238 54 574 218 54 575 238 35 576 239 35 577 218 35 578 231 55 579 250 55 580 218 55 581 235 56 582 236 56 583 218 56 584 233 57 585 245 57 586 218 57 587 241 35 588 242 35 589 218 35 590 232 58 591 233 58 592 218 58 593 242 35 594 243 35 595 218 35 596 247 35 597 248 35 598 218 35 599 251 35 600 249 35 601 218 35 602 227 35 603 228 35 604 218 35 605 172 59 606 159 59 607 219 59 608 163 35 609 164 35 610 219 35 611 168 60 612 169 60 613 219 60 614 149 35 615 150 35 616 219 35 617 162 35 618 163 35 619 219 35 620 171 61 621 172 61 622 219 61 623 154 35 624 148 35 625 219 35 626 156 62 627 157 62 628 219 62 629 210 35 630 211 35 631 219 35 632 159 35 633 160 35 634 219 35 635 165 35 636 166 35 637 219 35 638 158 35 639 168 35 640 219 35 641 153 35 642 154 35 643 219 35 644 150 63 645 151 63 646 219 63 647 152 35 648 153 35 649 219 35 650 160 35 651 161 35 652 219 35 653 167 35 654 156 35 655 219 35 656 161 35 657 155 35 658 219 35 659 151 35 660 173 35 661 219 35 662 170 64 663 171 64 664 219 64 665 175 65 666 162 65 667 219 65 668 173 35 669 174 35 670 219 35 671 148 35 672 149 35 673 219 35 674 174 35 675 175 35 676 219 35 677 169 35 678 170 35 679 219 35 680 166 35 681 167 35 682 219 35 683 211 35 684 152 35 685 219 35 686 164 35 687 165 35 688 219 35 689 155 35 690 210 35 691 219 35 692 157 35 693 158 35 694 219 35 695 176 35 696 177 35 697 217 35 698 186 35 699 187 35 700 217 35 701 197 35 702 200 35 703 217 35 704 192 35 705 180 35 706 217 35 707 207 66 708 198 66 709 217 66 710 188 35 711 189 35 712 217 35 713 183 35 714 184 35 715 217 35 716 205 35 717 206 35 718 217 35 719 184 67 720 205 67 721 217 67 722 180 35 723 179 35 724 217 35 725 182 68 726 183 68 727 217 68 728 177 35 729 178 35 730 217 35 731 255 69 732 254 69 733 217 69 734 206 70 735 202 70 736 217 70 737 179 35 738 176 35 739 217 35 740 191 71 741 192 71 742 217 71 743 202 35 744 203 35 745 217 35 746 199 35 747 195 35 748 217 35 749 201 35 750 255 35 751 217 35 752 189 35 753 190 35 754 217 35 755 196 35 756 197 35 757 217 35 758 200 35 759 201 35 760 217 35 761 187 72 762 193 72 763 217 72 764 198 35 765 199 35 766 217 35 767 185 73 768 186 73 769 217 73 770 194 35 771 188 35 772 217 35 773 195 35 774 196 35 775 217 35 776 178 35 777 181 35 778 217 35 779 204 35 780 209 35 781 217 35 782 190 73 783 191 73 784 217 73 785 193 35 786 194 35 787 217 35 788 209 35 789 208 35 790 217 35 791 203 35 792 204 35 793 217 35 794 208 74 795 207 74 796 217 74 797 181 35 798 182 35 799 217 35 800 254 35 801 185 35 802 217 35 803 23 75 804 160 76 805 22 77 806 59 78 807 196 79 808 58 80 809 75 81 810 212 82 811 74 83 812 52 84 813 189 85 814 51 86 815 94 87 816 244 88 817 106 89 818 117 90 819 201 91 820 63 92 821 97 93 822 234 94 823 96 95 824 122 96 825 259 97 826 121 98 827 119 99 828 256 100 829 118 101 830 9 102 831 146 103 832 8 104 833 72 105 834 155 106 835 17 107 836 55 108 837 187 109 838 49 110 839 47 111 840 254 112 841 116 113 842 36 114 843 173 115 844 35 116 845 92 117 846 229 118 847 91 119 848 43 120 849 178 121 850 40 122 851 83 123 852 220 124 853 82 125 854 0 126 855 275 127 856 137 128 857 128 129 858 272 130 859 134 131 860 82 125 861 246 132 862 108 133 863 38 134 864 179 135 865 41 136 866 105 137 867 242 138 868 104 139 869 100 140 870 237 141 871 99 142 872 57 143 873 199 144 874 61 145 875 111 146 876 251 147 877 113 148 878 27 149 879 164 150 880 26 151 881 109 152 882 225 153 883 87 154 884 31 155 885 168 156 886 30 157 887 110 158 888 247 159 889 109 152 890 35 116 891 151 160 892 13 161 893 51 86 894 188 162 895 50 163 896 114 164 897 213 165 898 75 81 899 2 166 900 253 167 901 115 168 902 45 169 903 182 170 904 44 171 905 62 172 906 197 173 907 59 78 908 96 95 909 228 174 910 90 175 911 90 175 912 227 176 913 89 177 914 126 178 915 263 179 916 125 180 917 112 181 918 231 182 919 93 183 920 25 184 921 162 185 922 24 186 923 22 77 924 159 187 925 21 188 926 104 139 927 241 189 928 103 190 929 46 191 930 183 192 931 45 169 932 16 193 933 153 194 934 15 195 935 44 171 936 181 196 937 43 120 938 40 122 939 177 197 940 39 198 941 77 199 942 214 200 943 76 201 944 89 177 945 226 202 946 88 203 947 54 204 948 191 205 949 53 206 950 113 148 951 250 207 952 112 181 953 84 208 954 221 209 955 83 123 956 134 131 957 215 210 958 77 199 959 33 211 960 170 212 961 32 213 962 48 214 963 185 215 964 47 111 965 39 198 966 176 216 967 38 134 968 93 183 969 230 217 970 92 117 971 99 142 972 236 218 973 98 219 974 101 220 975 238 221 976 100 140 977 130 222 978 267 223 979 129 224 980 123 225 981 260 226 982 122 96 983 1 227 984 138 228 985 0 126 986 26 151 987 163 229 988 25 184 989 108 133 990 245 230 991 107 231 992 5 232 993 142 233 994 4 234 995 67 235 996 184 236 997 46 191 998 50 163 999 194 237 1000 56 238 1001 6 239 1002 143 240 1003 5 232 1004 131 241 1005 270 242 1006 132 243 1007 87 154 1008 224 244 1009 86 245 1010 41 136 1011 180 246 1012 42 247 1013 137 128 1014 274 248 1015 136 249 1016 56 238 1017 193 250 1018 55 108 1019 7 251 1020 144 252 1021 6 239 1022 20 253 1023 157 254 1024 19 255 1025 95 256 1026 232 257 1027 94 87 1028 115 168 1029 252 258 1030 114 164 1031 21 188 1032 172 259 1033 34 260 1034 132 243 1035 271 261 1036 133 262 1037 18 263 1038 167 264 1039 29 265 1040 34 260 1041 171 266 1042 33 211 1043 76 201 1044 139 267 1045 1 227 1046 102 268 1047 239 269 1048 101 220 1049 68 270 1050 205 271 1051 67 235 1052 10 272 1053 154 273 1054 16 193 1055 63 92 1056 200 274 1057 62 172 1058 28 275 1059 165 276 1060 27 149 1061 118 101 1062 265 277 1063 127 278 1064 74 83 1065 147 279 1066 9 102 1067 91 119 1068 240 280 1069 102 268 1070 30 157 1071 158 281 1072 20 253 1073 37 282 1074 174 283 1075 36 114 1076 15 195 1077 152 284 1078 14 285 1079 65 286 1080 202 287 1081 64 288 1082 71 289 1083 204 290 1084 66 291 1085 120 292 1086 257 293 1087 119 99 1088 98 219 1089 235 294 1090 97 93 1091 70 295 1092 209 296 1093 71 289 1094 127 278 1095 264 297 1096 126 178 1097 66 291 1098 203 298 1099 65 286 1100 69 299 1101 208 300 1102 70 295 1103 24 186 1104 175 301 1105 37 282 1106 121 98 1107 269 302 1108 131 241 1109 58 80 1110 195 303 1111 57 143 1112 12 304 1113 149 305 1114 11 306 1115 3 307 1116 258 308 1117 120 292 1118 29 265 1119 166 309 1120 28 275 1121 19 255 1122 156 310 1123 18 263 1124 136 249 1125 273 311 1126 135 312 1127 32 213 1128 169 313 1129 31 155 1130 53 206 1131 190 314 1132 52 84 1133 107 231 1134 233 315 1135 95 256 1136 106 89 1137 243 316 1138 105 137 1139 42 247 1140 192 317 1141 54 204 1142 129 224 1143 266 318 1144 128 129 1145 73 319 1146 210 320 1147 72 105 1148 4 234 1149 141 321 1150 3 307 1151 85 322 1152 222 323 1153 84 208 1154 61 145 1155 198 324 1156 60 325 1157 124 326 1158 261 327 1159 123 225 1160 11 306 1161 148 328 1162 10 272 1163 133 262 1164 268 329 1165 130 222 1166 14 285 1167 211 330 1168 73 319 1169 60 325 1170 207 331 1171 69 299 1172 64 288 1173 206 332 1174 68 270 1175 49 110 1176 186 333 1177 48 214 1178 103 190 1179 249 334 1180 111 146 1181 13 161 1182 150 335 1183 12 304 1184 86 245 1185 223 336 1186 85 322 1187 116 113 1188 255 337 1189 117 90 1190 8 104 1191 145 338 1192 7 251 1193 88 203 1194 248 339 1195 110 158 1196 135 312 1197 140 340 1198 2 166 1199 17 107 1200 161 341 1201 23 75 1202 125 180 1203 262 342 1204 124 326 1205 23 75 1206 161 341 1207 160 76 1208 59 78 1209 197 173 1210 196 79 1211 75 81 1212 213 165 1213 212 82 1214 52 84 1215 190 314 1216 189 85 1217 94 87 1218 232 257 1219 244 88 1220 117 90 1221 255 337 1222 201 91 1223 97 93 1224 235 294 1225 234 94 1226 122 96 1227 260 226 1228 259 97 1229 119 99 1230 257 293 1231 256 100 1232 9 102 1233 147 279 1234 146 103 1235 72 105 1236 210 320 1237 155 106 1238 55 108 1239 193 250 1240 187 109 1241 47 111 1242 185 215 1243 254 112 1244 36 114 1245 174 283 1246 173 115 1247 92 117 1248 230 217 1249 229 118 1250 43 120 1251 181 196 1252 178 121 1253 83 123 1254 221 209 1255 220 124 1256 0 126 1257 138 228 1258 275 127 1259 128 129 1260 266 318 1261 272 130 1262 82 125 1263 220 124 1264 246 132 1265 38 134 1266 176 216 1267 179 135 1268 105 137 1269 243 316 1270 242 138 1271 100 140 1272 238 221 1273 237 141 1274 57 143 1275 195 303 1276 199 144 1277 111 146 1278 249 334 1279 251 147 1280 27 149 1281 165 276 1282 164 150 1283 109 152 1284 247 159 1285 225 153 1286 31 155 1287 169 313 1288 168 156 1289 110 158 1290 248 339 1291 247 159 1292 35 116 1293 173 115 1294 151 160 1295 51 86 1296 189 85 1297 188 162 1298 114 164 1299 252 258 1300 213 165 1301 2 166 1302 140 340 1303 253 167 1304 45 169 1305 183 192 1306 182 170 1307 62 172 1308 200 274 1309 197 173 1310 96 95 1311 234 94 1312 228 174 1313 90 175 1314 228 174 1315 227 176 1316 126 178 1317 264 297 1318 263 179 1319 112 181 1320 250 207 1321 231 182 1322 25 184 1323 163 229 1324 162 185 1325 22 77 1326 160 76 1327 159 187 1328 104 139 1329 242 138 1330 241 189 1331 46 191 1332 184 236 1333 183 192 1334 16 193 1335 154 273 1336 153 194 1337 44 171 1338 182 170 1339 181 196 1340 40 122 1341 178 121 1342 177 197 1343 77 199 1344 215 210 1345 214 200 1346 89 177 1347 227 176 1348 226 202 1349 54 204 1350 192 317 1351 191 205 1352 113 148 1353 251 147 1354 250 207 1355 84 208 1356 222 323 1357 221 209 1358 134 131 1359 272 130 1360 215 210 1361 33 211 1362 171 266 1363 170 212 1364 48 214 1365 186 333 1366 185 215 1367 39 198 1368 177 197 1369 176 216 1370 93 183 1371 231 182 1372 230 217 1373 99 142 1374 237 141 1375 236 218 1376 101 220 1377 239 269 1378 238 221 1379 130 222 1380 268 329 1381 267 223 1382 123 225 1383 261 327 1384 260 226 1385 1 227 1386 139 267 1387 138 228 1388 26 151 1389 164 150 1390 163 229 1391 108 133 1392 246 132 1393 245 230 1394 5 232 1395 143 240 1396 142 233 1397 67 235 1398 205 271 1399 184 236 1400 50 163 1401 188 162 1402 194 237 1403 6 239 1404 144 252 1405 143 240 1406 131 241 1407 269 302 1408 270 242 1409 87 154 1410 225 153 1411 224 244 1412 41 136 1413 179 135 1414 180 246 1415 137 128 1416 275 127 1417 274 248 1418 56 238 1419 194 237 1420 193 250 1421 7 251 1422 145 338 1423 144 252 1424 20 253 1425 158 281 1426 157 254 1427 95 256 1428 233 315 1429 232 257 1430 115 168 1431 253 167 1432 252 258 1433 21 188 1434 159 187 1435 172 259 1436 132 243 1437 270 242 1438 271 261 1439 18 263 1440 156 310 1441 167 264 1442 34 260 1443 172 259 1444 171 266 1445 76 201 1446 214 200 1447 139 267 1448 102 268 1449 240 280 1450 239 269 1451 68 270 1452 206 332 1453 205 271 1454 10 272 1455 148 328 1456 154 273 1457 63 92 1458 201 91 1459 200 274 1460 28 275 1461 166 309 1462 165 276 1463 118 101 1464 256 100 1465 265 277 1466 74 83 1467 212 82 1468 147 279 1469 91 119 1470 229 118 1471 240 280 1472 30 157 1473 168 156 1474 158 281 1475 37 282 1476 175 301 1477 174 283 1478 15 195 1479 153 194 1480 152 284 1481 65 286 1482 203 298 1483 202 287 1484 71 289 1485 209 296 1486 204 290 1487 120 292 1488 258 308 1489 257 293 1490 98 219 1491 236 218 1492 235 294 1493 70 295 1494 208 300 1495 209 296 1496 127 278 1497 265 277 1498 264 297 1499 66 291 1500 204 290 1501 203 298 1502 69 299 1503 207 331 1504 208 300 1505 24 186 1506 162 185 1507 175 301 1508 121 98 1509 259 97 1510 269 302 1511 58 80 1512 196 79 1513 195 303 1514 12 304 1515 150 335 1516 149 305 1517 3 307 1518 141 321 1519 258 308 1520 29 265 1521 167 264 1522 166 309 1523 19 255 1524 157 254 1525 156 310 1526 136 249 1527 274 248 1528 273 311 1529 32 213 1530 170 212 1531 169 313 1532 53 206 1533 191 205 1534 190 314 1535 107 231 1536 245 230 1537 233 315 1538 106 89 1539 244 88 1540 243 316 1541 42 247 1542 180 246 1543 192 317 1544 129 224 1545 267 223 1546 266 318 1547 73 319 1548 211 330 1549 210 320 1550 4 234 1551 142 233 1552 141 321 1553 85 322 1554 223 336 1555 222 323 1556 61 145 1557 199 144 1558 198 324 1559 124 326 1560 262 342 1561 261 327 1562 11 306 1563 149 305 1564 148 328 1565 133 262 1566 271 261 1567 268 329 1568 14 285 1569 152 284 1570 211 330 1571 60 325 1572 198 324 1573 207 331 1574 64 288 1575 202 287 1576 206 332 1577 49 110 1578 187 109 1579 186 333 1580 103 190 1581 241 189 1582 249 334 1583 13 161 1584 151 160 1585 150 335 1586 86 245 1587 224 244 1588 223 336 1589 116 113 1590 254 112 1591 255 337 1592 8 104 1593 146 103 1594 145 338 1595 88 203 1596 226 202 1597 248 339 1598 135 312 1599 273 311 1600 140 340 1601 17 107 1602 155 106 1603 161 341 1604 125 180 1605 263 179 1606 262 342 1607</p>
        </triangles>
      </mesh>
    </geometry>
    <geometry id="Plane_002-mesh" name="Plane.002">
      <mesh>
        <source id="Plane_002-mesh-positions">
          <float_array id="Plane_002-mesh-positions-array" count="324">0.01905 -0.04055815 -0.00469619 0.01905 -0.03986036 -0.005694389 0.01905 -0.03902536 -0.006580293 0.01905 -0.03806746 -0.00733906 0.01905 0.04050636 0.004782021 0.01905 0.03980207 0.005765259 0.01905 0.03896349 0.0066365 0.01905 0.03800487 0.007381558 0.01905 0.0415408 -0.002294898 0.01905 0.04116785 -0.003456473 0.01905 0.0348708 -0.008778095 0.01905 0.03606206 -0.008385658 0.01905 0.03718674 -0.007872045 0.01905 0.03822582 -0.007228136 0.01905 0.03915959 -0.006454586 0.01905 0.03996962 -0.005557239 0.01905 0.04064244 -0.004551589 0.01905 0.04175812 -0.001089811 0.01905 0.04181921 1.35594e-4 0.01905 0.04172354 0.001358449 0.01905 0.04147171 0.002555847 0.01905 0.04106479 0.003704786 0.01905 -0.03586065 -0.008461713 0.01905 -0.03700584 -0.007965981 0.01905 -0.04150289 0.002442002 0.01905 -0.04110759 0.003604412 0.01905 -0.03210455 -0.009281992 0.01905 -0.03465133 -0.008836627 0.01905 -0.04174077 0.001232743 0.01905 -0.0418201 0 0.01905 -0.04174077 -0.001232624 0.01905 -0.04150289 -0.002442002 0.01905 -0.04110759 -0.003604412 0.01905 -0.03465121 0.008836686 0.01905 -0.03586065 0.008461713 0.01905 -0.0370059 0.007965981 0.01905 -0.03806746 0.00733906 0.01905 -0.0390253 0.006580412 0.01905 -0.0398603 0.005694389 0.01905 -0.04055815 0.00469619 0.01905 0.03694522 0.007996439 0.01905 0.03580415 0.008482336 0.01905 0.03460055 0.00884962 0.01905 0.03206884 0.009285748 0.01905 -0.02945536 -0.009440302 0.01905 -0.02700006 -0.009459793 0.01905 0.02704077 -0.009459793 0.01905 0.02973121 -0.009432971 0.01905 0.03235441 -0.009253978 0.01905 0.02943724 0.00944072 0.01905 0.02700006 0.009459793 0.01905 -0.02700006 0.009459793 0.01905 -0.02945536 0.009440302 0.01905 -0.03210449 0.009281992 0.01804995 -0.03210449 0.009281992 0.01804995 -0.02945536 0.009440302 0.01804995 -0.02700006 0.009459793 0.01804995 0.02700006 0.009459793 0.01804995 0.02943724 0.00944072 0.01804995 0.03235441 -0.009253978 0.01804995 0.02973121 -0.009432971 0.01804995 0.02704077 -0.009459793 0.01804995 -0.02700006 -0.009459793 0.01804995 -0.02945536 -0.009440302 0.01804995 0.03206884 0.009285748 0.01804995 0.03460055 0.00884962 0.01804995 0.03580415 0.008482336 0.01804995 0.03694522 0.007996439 0.01804995 -0.04055815 0.00469619 0.01804995 -0.0398603 0.005694389 0.01804995 -0.0390253 0.006580412 0.01804995 -0.03806746 0.00733906 0.01804995 -0.0370059 0.007965981 0.01804995 -0.03586065 0.008461713 0.01804995 -0.03465121 0.008836686 0.01804995 -0.04110759 -0.003604412 0.01804995 -0.04150289 -0.002442002 0.01804995 -0.04174077 -0.001232624 0.01804995 -0.0418201 0 0.01804995 -0.04174077 0.001232743 0.01804995 -0.03465133 -0.008836627 0.01804995 -0.03210455 -0.009281992 0.01804995 -0.04110759 0.003604412 0.01804995 -0.04150289 0.002442002 0.01804995 -0.03700584 -0.007965981 0.01804995 -0.03586065 -0.008461713 0.01804995 0.04106479 0.003704786 0.01804995 0.04147171 0.002555847 0.01804995 0.04172354 0.001358449 0.01804995 0.04181921 1.35594e-4 0.01804995 0.04175812 -0.001089811 0.01804995 0.04064244 -0.004551589 0.01804995 0.03996962 -0.005557239 0.01804995 0.03915959 -0.006454586 0.01804995 0.03822582 -0.007228136 0.01804995 0.03718674 -0.007872045 0.01804995 0.03606206 -0.008385658 0.01804995 0.0348708 -0.008778095 0.01804995 0.04116785 -0.003456473 0.01804995 0.0415408 -0.002294898 0.01804995 0.03800487 0.007381558 0.01804995 0.03896349 0.0066365 0.01804995 0.03980207 0.005765259 0.01804995 0.04050636 0.004782021 0.01804995 -0.03806746 -0.00733906 0.01804995 -0.03902536 -0.006580293 0.01804995 -0.03986036 -0.005694389 0.01804995 -0.04055815 -0.00469619</float_array>
          <technique_common>
            <accessor source="#Plane_002-mesh-positions-array" count="108" stride="3">
              <param name="X" type="float"/>
              <param name="Y" type="float"/>
              <param name="Z" type="float"/>
            </accessor>
          </technique_common>
        </source>
        <source id="Plane_002-mesh-normals">
          <float_array id="Plane_002-mesh-normals-array" count="645">0 0.6919452 -0.7219501 0.6912699 0.5700712 -0.4440324 0.6912657 0.5000221 -0.5216605 0 0.003912806 0.9999924 0.7062725 -0.002843737 0.7079344 0.7062999 0.002735972 0.7079075 0 -0.0338068 -0.9994284 0.7062808 -0.002775907 -0.7079265 0.7014238 -0.02406102 -0.7123383 0 -0.9661286 -0.2580614 0.6919302 -0.6658005 -0.2791815 0.6924701 -0.6970364 -0.1860792 0 -0.775718 -0.6310797 0.6912073 -0.4885382 -0.5325064 0.6911413 -0.5606064 -0.4561188 0 0.7687419 0.6395592 0.6913641 0.483093 0.5372493 0.6912579 0.5553707 0.462305 0 0.3423148 0.9395853 0.6933019 0.1666523 0.7011131 0.695413 0.2459613 0.6752065 0 0.1271707 -0.9918808 0.6927168 0.1802587 -0.6983196 0.694078 0.09158533 -0.7140504 0 0.2498949 -0.968273 0.6949979 0.2621304 -0.6695264 0 0.993496 -0.1138675 0.6930592 0.7208085 0.01020222 0.6929828 0.7162536 -0.08219248 0 -0.4537515 0.8911284 0.6921361 -0.4085463 0.5950107 0.6933807 -0.3270951 0.642053 0 -0.003969073 -0.9999921 0.7060646 0.003563702 -0.7081385 0 0.6687914 0.7434501 0.6923137 0.4033733 0.5983242 0 0.3647031 -0.931124 0.6932207 0.3403229 -0.6353152 0 0.7887924 -0.6146597 0.6915127 0.6274351 -0.3579603 0 -0.9222204 0.3866645 0.6924634 -0.6969907 0.1862751 0.6919242 -0.6658282 0.2791302 0 -0.9661294 0.2580583 0.6928557 -0.7150642 0.09292054 0 -0.9916566 0.1289079 0.6929911 -0.7209461 -3.4249e-5 0 0.2312812 0.972887 0.6948143 0.08229345 0.7144654 0 -0.003969013 0.9999921 0.7014023 -0.02409982 0.7123581 0 -0.6760636 -0.7368433 0.6921504 -0.4084925 -0.5950309 0 0.9999003 0.01412755 0.6929116 0.7136939 0.1025406 0 -0.5660005 0.8244049 0.6912149 -0.4885976 0.5324418 0 -0.858653 0.5125575 0.6913475 -0.6204126 0.3703064 0 0.4720111 -0.8815926 0.6920824 0.4213457 -0.58608 0 -1 -1.6754e-6 0.6928589 -0.7150526 -0.0929861 0 0.5590384 0.8291418 0.6935781 0.3223698 0.644226 0 0.004984498 -0.9999877 0.7006883 0.02788728 -0.7129223 0 0.1144558 0.9934284 0.7014984 0.023723 0.7122761 0 -0.03380614 0.9994285 0.6946499 -0.08357346 0.7144768 0 0.9290384 -0.3699836 0.6926112 0.6998564 -0.1746159 0.6921324 0.6706078 -0.2669045 0 0.9702453 -0.242124 0 0.9898418 0.142174 0.6925081 0.6945225 0.1951183 0 -0.4537647 -0.8911215 0.6952182 -0.2494252 -0.6741357 0.6933959 -0.326829 -0.642172 0 -0.5659929 -0.8244102 0 -0.347201 -0.9377908 0.6931121 -0.1691207 -0.7007095 0 -0.234663 0.9720768 0.6952345 -0.2494676 0.6741032 0.6931045 -0.1691862 0.7007014 0 -0.6760888 0.7368202 0.6911674 -0.560626 0.4560549 0 0.03331708 0.9994449 0 -0.1161305 0.993234 0 0.852558 0.5226327 0.6914069 0.6159268 0.3776118 0 0.5836939 -0.8119738 0 0.8685641 -0.4955769 0 0.9173783 0.3980165 0.6919688 0.6622679 0.287368 0 -0.2346646 -0.9720765 0.6946372 -0.08352577 -0.7144947 0 -0.9916563 -0.1289111 0 0.4476858 0.894191 0 -0.1161416 -0.9932327 0 0.03903836 -0.9992377 0 -0.8586685 -0.5125313 0.6913519 -0.6203867 -0.3703418 0 0.9627403 0.2704279 0 -0.9222244 -0.3866555 0 -0.3472018 0.9377905 0 -0.7757174 0.6310806 0.708918 0.002790868 0.7052854 0.7089518 -0.002830743 -0.7052513 0.7094587 0.003481447 -0.7047385 0.7190541 0.02304708 0.6945719 0.7207178 0.02703469 -0.6927012 0.7326061 0.07779389 0.6761926 0.7341052 0.08633089 -0.6735255 0.7348535 0.1567505 0.6598634 0.7307763 0.2336937 0.6413683 0.7367688 0.1689419 -0.6546987 0.7315936 0.2487353 -0.6347452 0.7343005 0.3039218 0.6069879 0.7349835 0.320042 -0.5978063 0.7367033 0.3780502 0.560666 0.7371576 0.3943951 -0.5486813 0.7385166 0.4509397 0.5012452 0.7386783 0.531678 -0.4143342 0.7387106 0.4663697 -0.4866272 0.7382258 0.5858815 -0.3343137 0.7387105 0.5181644 0.43106 0.7370605 0.6278604 -0.2500664 0.7384215 0.5749248 0.3524135 0.7361533 0.6566704 -0.1638981 0.7373507 0.6197082 0.2688416 0.7354468 0.6731882 -0.07704389 0.7363437 0.6514046 0.1829486 0.735276 0.6776987 0.009686291 0.7355599 0.6705814 0.09629243 0.7192206 -0.02366286 0.6943787 0.7192206 -0.02351647 -0.6943837 0.7329649 -0.07897627 0.6756665 0.7352433 -0.1590786 -0.6588712 0.7359905 -0.1588413 0.6580939 0.731136 -0.2369748 0.6397523 0.7346587 -0.3078724 -0.6045587 0.7346907 -0.307805 0.6045541 0.7370271 -0.3824425 -0.5572512 0.738808 -0.4556092 0.4965713 0.7370605 -0.3824988 0.5571683 0.7388069 -0.4556281 -0.4965555 0.7389059 -0.5226693 0.4252468 0.738937 -0.522673 -0.4251885 0.7385472 -0.578894 0.3455862 0.7374495 -0.6228815 -0.2611263 0.7374483 -0.6228626 0.2611747 0.7364478 -0.6535516 -0.1746852 0.7364401 -0.6536183 0.1744684 0.7357004 -0.6716588 -0.08729022 0.7354385 -0.6775916 2.1968e-5 0.7356984 -0.6716552 0.08733499 -1 6.28779e-7 0 -1 0 0 -1 0 0 -1 5.00437e-7 0 -1 -3.96721e-7 0 -1 -2.62526e-7 0 -1 -6.66427e-7 0 -1 0 0 -1 4.09623e-7 0 -1 -1.27818e-7 0 -1 0 0 -1 8.6204e-7 0 -1 1.17864e-6 0 -1 -3.34218e-6 0 -1 2.44383e-6 0 -1 -9.07753e-7 0 -1 -7.63939e-7 0 -1 1.40596e-6 0 -1 0 0 -1 -1.11464e-6 0 -1 -8.98326e-6 0 -1 3.52535e-6 0 -1 9.2674e-7 0 -1 3.71736e-5 0 -1 6.86423e-6 0 -1 5.84584e-7 0 -1 0 0 -1 -5.79936e-7 0 -1 -2.09334e-7 0 -1 -6.72689e-7 0 -1 -2.43705e-7 0 -1 2.95229e-7 0 -1 0 0 -1 1.84375e-7 0 -1 4.83955e-7 0 -1 2.27341e-7 0 -1 -3.35804e-7 0 -1 -1.73027e-7 0 -1 -1.56262e-6 0 -1 -1.08869e-6 0 -1 2.21288e-6 0 -1 -1.64745e-6 0 -1 4.26618e-7 0 -1 3.75757e-6 0 -1 -2.50559e-6 0 -1 0 0 -1 -3.33942e-7 0 -1 -3.59406e-6 0 -1 -8.04199e-7 0 -1 -8.04573e-7 0 -1 -3.79338e-5 0 0.7089856 -0.002767682 0.7052176 0.7329649 -0.07889586 -0.675676 0.731136 -0.2368955 -0.6397817 0.7385506 -0.5789231 -0.3455302 -1 0 0 -1 -3.75008e-6 0</float_array>
          <technique_common>
            <accessor source="#Plane_002-mesh-normals-array" count="215" stride="3">
              <param name="X" type="float"/>
              <param name="Y" type="float"/>
              <param name="Z" type="float"/>
            </accessor>
          </technique_common>
        </source>
        <source id="Plane_002-mesh-map-0">
          <float_array id="Plane_002-mesh-map-0-array" count="1272">0 0 0 0 0 0 0 0 0 0 0 0 0 0 0 0 0 0 0 0 0 0 0 0 0 0 0 0 0 0 0 0 0 0 0 0 0 0 0 0 0 0 0 0 0 0 0 0 0 0 0 0 0 0 0 0 0 0 0 0 0 0 0 0 0 0 0 0 0 0 0 0 0 0 0 0 0 0 0 0 0 0 0 0 0 0 0 0 0 0 0 0 0 0 0 0 0 0 0 0 0 0 0 0 0 0 0 0 0 0 0 0 0 0 0 0 0 0 0 0 0 0 0 0 0 0 0 0 0 0 0 0 0 0 0 0 0 0 0 0 0 0 0 0 0 0 0 0 0 0 0 0 0 0 0 0 0 0 0 0 0 0 0 0 0 0 0 0 0 0 0 0 0 0 0 0 0 0 0 0 0 0 0 0 0 0 0 0 0 0 0 0 0 0 0 0 0 0 0 0 0 0 0 0 0 0 0 0 0 0 0 0 0 0 0 0 0 0 0 0 0 0 0 0 0 0 0 0 0 0 0 0 0 0 0 0 0 0 0 0 0 0 0 0 0 0 0 0 0 0 0 0 0 0 0 0 0 0 0 0 0 0 0 0 0 0 0 0 0 0 0 0 0 0 0 0 0 0 0 0 0 0 0 0 0 0 0 0 0 0 0 0 0 0 0 0 0 0 0 0 0 0 0 0 0 0 0 0 0 0 0 0 0 0 0 0 0 0 0 0 0 0 0 0 0 0 0 0 0 0 0 0 0 0 0 0 0 0 0 0 0 0 0 0 0 0 0 0 0 0 0 0 0 0 0 0 0 0 0 0 0 0 0 0 0 0 0 0 0 0 0 0 0 0 0 0 0 0 0 0 0 0 0 0 0 0 0 0 0 0 0 0 0 0 0 0 0 0 0 0 0 0 0 0 0 0 0 0 0 0 0 0 0 0 0 0 0 0 0 0 0 0 0 0 0 0 0 0 0 0 0 0 0 0 0 0 0 0 0 0 0 0 0 0 0 0 0 0 0 0 0 0 0 0 0 0 0 0 0 0 0 0 0 0 0 0 0 0 0 0 0 0 0 0 0 0 0 0 0 0 0 0 0 0 0 0 0 0 0 0 0 0 0 0 0 0 0 0 0 0 0 0 0 0 0 0 0 0 0 0 0 0 0 0 0 0 0 0 0 0 0 0 0 0 0 0 0 0 0 0 0 0 0 0 0 0 0 0 0 0 0 0 0 0 0 0 0 0 0 0 0 0 0 0 0 0 0 0 0 0 0 0 0 0 0 0 0 0 0 0 0 0 0 0 0 0 0 0 0 0 0 0 0 0 0 0 0 0 0 0 0 0 0 0 0 0 0 0 0 0 0 0 0 0 0 0 0 0 0 0 0 0 0 0 0 0 0 0 0 0 0 0 0 0 0 0 0 0 0 0 0 0 0 0 0 0 0 0 0 0 0 0 0 0 0 0 0 0 0 0 0 0 0 0 0 0 0 0 0 0 0 0 0 0 0 0 0 0 0 0 0 0 0 0 0 0 0 0 0 0 0 0 0 0 0 0 0 0 0 0 0 0 0 0 0 0 0 0 0 0 0 0 0 0 0 0 0 0 0 0 0 0 0 0 0 0 0 0 0 0 0 0 0 0 0 0 0 0 0 0 0 0 0 0 0 0 0 0 0 0 0 0 0 0 0 0 0 0 0 0 0 0 0 0 0 0 0 0 0 0 0 0 0 0 0 0 0 0 0 0 0 0 0 0 0 0 0 0 0 0 0 0 0 0 0 0 0 0 0 0 0 0 0 0 0 0 0 0 0 0 0 0 0 0 0 0 0 0 0 0 0 0 0 0 0 0 0 0 0 0 0 0 0 0 0 0 0 0 0 0 0 0 0 0 0 0 0 0 0 0 0 0 0 0 0 0 0 0 0 0 0 0 0 0 0 0 0 0 0 0 0 0 0 0 0 0 0 0 0 0 0 0 0 0 0 0 0 0 0 0 0 0 0 0 0 0 0 0 0 0 0 0 0 0 0 0 0 0 0 0 0 0 0 0 0 0 0 0 0 0 0 0 0 0 0 0 0 0 0 0 0 0 0 0 0 0 0 0 0 0 0 0 0 0 0 0 0 0 0 0 0 0 0 0 0 0 0 0 0 0 0 0 0 0 0 0 0 0 0 0 0 0 0 0 0 0 0 0 0 0 0 0 0 0 0 0 0 0 0 0 0 0 0 0 0 0 0 0 0 0 0 0 0 0 0 0 0 0 0 0 0 0 0 0 0 0 0 0 0 0 0 0 0 0 0 0 0 0 0 0 0 0 0 0 0 0 0 0 0 0 0 0 0 0 0 0 0 0 0 0 0 0 0 0 0 0 0 0 0 0 0 0 0 0 0 0 0 0 0 0 0 0 0 0 0 0 0 0 0 0 0 0 0 0 0 0 0 0 0 0 0 0 0 0 0 0 0 0 0 0 0 0 0 0 0 0 0 0 0 0 0 0 0 0 0 0 0 0 0 0 0 0 0 0 0 0 0 0 0 0 0 0 0 0 0 0 0 0 0 0 0 0 0 0 0 0 0 0 0 0 0 0 0 0 0 0 0 0 0 0 0 0 0 0 0 0 0 0 0 0 0 0 0 0 0 0 0 0 0 0 0 0 0 0 0 0 0 0 0 0 0 0 0 0 0 0 0 0 0 0 0 0 0 0 0 0 0 0 0 0 0 0 0 0 0 0 0 0 0 0 0 0 0 0 0 0 0 0 0 0 0 0 0 0 0 0 0 0 0 0 0 0 0 0 0 0 0 0 0 0 0 0 0 0 0 0 0 0 0 0 0 0 0 0 0 0 0 0 0 0 0 0 0 0 0 0 0 0 0 0 0 0</float_array>
          <technique_common>
            <accessor source="#Plane_002-mesh-map-0-array" count="636" stride="2">
              <param name="S" type="float"/>
              <param name="T" type="float"/>
            </accessor>
          </technique_common>
        </source>
        <vertices id="Plane_002-mesh-vertices">
          <input semantic="POSITION" source="#Plane_002-mesh-positions"/>
        </vertices>
        <triangles material="Black_Glass-material" count="212">
          <input semantic="VERTEX" source="#Plane_002-mesh-vertices" offset="0"/>
          <input semantic="NORMAL" source="#Plane_002-mesh-normals" offset="1"/>
          <input semantic="TEXCOORD" source="#Plane_002-mesh-map-0" offset="2" set="0"/>
          <p>93 0 0 15 1 1 14 2 2 57 3 3 51 4 4 50 5 5 63 6 6 45 7 7 44 8 8 76 9 9 32 10 10 31 11 11 106 12 12 2 13 13 1 14 14 102 15 15 6 16 16 5 17 17 66 18 18 42 19 19 41 20 20 59 21 21 10 22 22 48 23 23 97 24 24 11 25 25 10 22 26 90 26 27 18 27 28 17 28 29 72 29 30 36 30 31 35 31 32 62 32 33 46 33 34 45 7 35 101 34 36 7 35 37 6 16 38 96 36 39 12 37 40 11 25 41 92 38 42 16 39 43 15 1 44 82 40 45 24 41 46 25 42 47 83 43 48 28 44 49 24 41 50 79 45 51 29 46 52 28 44 53 65 47 54 43 48 55 42 19 56 56 49 57 52 50 58 51 4 59 105 51 60 3 52 61 2 13 62 89 53 63 19 54 64 18 27 65 71 55 66 37 56 67 36 30 68 68 57 69 25 42 70 39 58 71 95 59 72 13 60 73 12 37 74 78 61 75 30 62 76 29 46 77 100 63 78 40 64 79 7 35 80 61 65 81 47 66 82 46 33 83 64 67 84 49 68 85 43 48 86 55 69 87 53 70 88 52 50 89 98 71 90 8 72 91 9 73 92 99 74 93 17 28 94 8 72 95 88 75 96 20 76 97 19 54 98 84 77 99 22 78 100 23 79 101 104 80 102 23 79 103 3 52 104 85 81 105 27 82 106 22 78 107 74 83 108 34 84 109 33 85 110 70 86 111 38 87 112 37 56 113 58 88 114 50 5 115 49 68 116 54 89 117 33 85 118 53 70 119 103 90 120 5 17 121 4 91 122 94 92 123 14 2 124 13 60 125 91 93 126 9 73 127 16 39 128 86 94 129 4 91 130 21 95 131 80 96 132 26 97 133 27 82 134 77 98 135 31 11 136 30 62 137 67 99 138 41 20 139 40 64 140 81 100 141 44 8 142 26 97 143 60 101 144 48 23 145 47 66 146 107 102 147 1 14 148 0 103 149 87 104 150 21 95 151 20 76 152 75 105 153 0 103 154 32 10 155 73 106 156 35 31 157 34 84 158 69 107 159 39 58 160 38 87 161 93 0 162 92 38 163 15 1 164 57 3 165 56 49 166 51 4 167 63 6 168 62 32 169 45 7 170 76 9 171 75 105 172 32 10 173 106 12 174 105 51 175 2 13 176 102 15 177 101 34 178 6 16 179 66 18 180 65 47 181 42 19 182 59 21 183 97 24 184 10 22 185 97 24 186 96 36 187 11 25 188 90 26 189 89 53 190 18 27 191 72 29 192 71 55 193 36 30 194 62 32 195 61 65 196 46 33 197 101 34 198 100 63 199 7 35 200 96 36 201 95 59 202 12 37 203 92 38 204 91 93 205 16 39 206 82 40 207 83 43 208 24 41 209 83 43 210 79 45 211 28 44 212 79 45 213 78 61 214 29 46 215 65 47 216 64 67 217 43 48 218 56 49 219 55 69 220 52 50 221 105 51 222 104 80 223 3 52 224 89 53 225 88 75 226 19 54 227 71 55 228 70 86 229 37 56 230 68 57 231 82 40 232 25 42 233 95 59 234 94 92 235 13 60 236 78 61 237 77 98 238 30 62 239 100 63 240 67 99 241 40 64 242 61 65 243 60 101 244 47 66 245 64 67 246 58 88 247 49 68 248 55 69 249 54 89 250 53 70 251 98 71 252 99 74 253 8 72 254 99 74 255 90 26 256 17 28 257 88 75 258 87 104 259 20 76 260 84 77 261 85 81 262 22 78 263 104 80 264 84 77 265 23 79 266 85 81 267 80 96 268 27 82 269 74 83 270 73 106 271 34 84 272 70 86 273 69 107 274 38 87 275 58 88 276 57 3 277 50 5 278 54 89 279 74 83 280 33 85 281 103 90 282 102 15 283 5 17 284 94 92 285 93 0 286 14 2 287 91 93 288 98 71 289 9 73 290 86 94 291 103 90 292 4 91 293 80 96 294 81 100 295 26 97 296 77 98 297 76 9 298 31 11 299 67 99 300 66 18 301 41 20 302 81 100 303 63 6 304 44 8 305 60 101 306 59 21 307 48 23 308 107 102 309 106 12 310 1 14 311 87 104 312 86 94 313 21 95 314 75 105 315 107 102 316 0 103 317 73 106 318 72 29 319 35 31 320 69 107 321 68 57 322 39 58 323 50 108 324 45 109 325 46 110 326 46 110 327 49 111 328 50 108 329 47 112 330 43 113 331 49 111 332 48 114 333 42 115 334 43 113 335 41 116 336 10 117 337 11 118 338 11 118 339 40 119 340 41 116 341 12 120 342 7 121 343 40 119 344 13 122 345 6 123 346 7 121 347 15 124 348 6 123 349 14 125 350 16 126 351 5 127 352 15 124 353 9 128 354 4 129 355 16 126 356 8 130 357 21 131 358 9 128 359 17 132 360 20 133 361 8 130 362 18 134 363 19 135 364 17 132 365 45 109 366 52 136 367 44 137 368 53 138 369 44 137 370 52 136 371 27 139 372 53 138 373 33 140 374 34 141 375 27 139 376 33 140 377 23 142 378 34 141 379 35 143 380 35 143 381 3 144 382 23 142 383 37 145 384 3 144 385 36 146 386 2 147 387 38 148 388 1 149 389 39 150 390 1 149 391 38 148 392 32 151 393 39 150 394 25 152 395 25 152 396 31 153 397 32 151 398 24 154 399 30 155 400 31 153 401 29 156 402 30 155 403 28 157 404 57 158 405 62 159 406 56 160 407 63 161 408 56 160 409 62 159 410 63 161 411 54 162 412 55 163 413 80 164 414 54 162 415 81 165 416 80 164 417 73 166 418 74 167 419 84 168 420 73 166 421 85 159 422 104 169 423 72 170 424 84 168 425 70 171 426 104 169 427 105 172 428 105 172 429 69 173 430 70 171 431 106 174 432 68 175 433 69 173 434 68 175 435 75 176 436 82 177 437 83 178 438 75 176 439 76 179 440 77 180 441 83 178 442 76 179 443 78 181 444 79 182 445 77 180 446 58 183 447 61 184 448 57 158 449 64 185 450 60 186 451 58 183 452 65 187 453 59 188 454 64 185 455 66 189 456 97 190 457 65 187 458 96 191 459 67 192 460 95 193 461 100 194 462 95 193 463 67 192 464 94 195 465 101 196 466 93 197 467 101 196 468 92 198 469 93 197 470 102 199 471 91 200 472 92 198 473 103 201 474 98 202 475 91 200 476 99 203 477 86 204 478 87 205 479 90 206 480 87 205 481 88 207 482 89 208 483 90 206 484 88 207 485 50 108 486 51 209 487 45 109 488 46 110 489 47 112 490 49 111 491 47 112 492 48 114 493 43 113 494 48 114 495 10 117 496 42 115 497 41 116 498 42 115 499 10 117 500 11 118 501 12 120 502 40 119 503 12 120 504 13 122 505 7 121 506 13 122 507 14 125 508 6 123 509 15 124 510 5 127 511 6 123 512 16 126 513 4 129 514 5 127 515 9 128 516 21 131 517 4 129 518 8 130 519 20 133 520 21 131 521 17 132 522 19 135 523 20 133 524 45 109 525 51 209 526 52 136 527 53 138 528 26 210 529 44 137 530 27 139 531 26 210 532 53 138 533 34 141 534 22 211 535 27 139 536 23 142 537 22 211 538 34 141 539 35 143 540 36 146 541 3 144 542 37 145 543 2 147 544 3 144 545 2 147 546 37 145 547 38 148 548 39 150 549 0 212 550 1 149 551 32 151 552 0 212 553 39 150 554 25 152 555 24 154 556 31 153 557 24 154 558 28 157 559 30 155 560 57 158 561 61 184 562 62 159 563 63 161 564 55 163 565 56 160 566 63 161 567 81 165 568 54 162 569 80 164 570 74 167 571 54 162 572 80 164 573 85 159 574 73 166 575 84 168 576 72 170 577 73 166 578 104 169 579 71 213 580 72 170 581 70 171 582 71 213 583 104 169 584 105 172 585 106 174 586 69 173 587 106 174 588 107 214 589 68 175 590 68 175 591 107 214 592 75 176 593 83 178 594 82 177 595 75 176 596 77 180 597 79 182 598 83 178 599 58 183 600 60 186 601 61 184 602 64 185 603 59 188 604 60 186 605 65 187 606 97 190 607 59 188 608 66 189 609 96 191 610 97 190 611 96 191 612 66 189 613 67 192 614 100 194 615 94 195 616 95 193 617 94 195 618 100 194 619 101 196 620 101 196 621 102 199 622 92 198 623 102 199 624 103 201 625 91 200 626 103 201 627 86 204 628 98 202 629 99 203 630 98 202 631 86 204 632 90 206 633 99 203 634 87 205 635</p>
        </triangles>
      </mesh>
    </geometry>
  </library_geometries>
  <library_visual_scenes>
    <visual_scene id="Scene" name="Scene">
      <node id="body" name="body" type="NODE">
        <matrix sid="transform">1 -7.54979e-8 0 0 7.54979e-8 1 0 0 0 0 1 0 0 0 0 1</matrix>
        <instance_geometry url="#Plane-mesh" name="body">
          <bind_material>
            <technique_common>
              <instance_material symbol="Metal_Coat-material" target="#Metal_Coat-material">
                <bind_vertex_input semantic="Plane-mesh-map-0" input_semantic="TEXCOORD" input_set="0"/>
              </instance_material>
            </technique_common>
          </bind_material>
        </instance_geometry>
      </node>
      <node id="optics" name="optics" type="NODE">
        <matrix sid="transform">1 -7.54979e-8 0 5e-4 7.54979e-8 1 0 0 0 0 1 0 0 0 0 1</matrix>
        <instance_geometry url="#Plane_001-mesh" name="optics">
          <bind_material>
            <technique_common>
              <instance_material symbol="Grey_Glass-material" target="#Grey_Glass-material">
                <bind_vertex_input semantic="Plane_001-mesh-map-0" input_semantic="TEXCOORD" input_set="0"/>
              </instance_material>
            </technique_common>
          </bind_material>
        </instance_geometry>
      </node>
      <node id="glass" name="glass" type="NODE">
        <matrix sid="transform">1 -7.54979e-8 0 0 7.54979e-8 1 0 0 0 0 1 0 0 0 0 1</matrix>
        <instance_geometry url="#Plane_002-mesh" name="glass">
          <bind_material>
            <technique_common>
              <instance_material symbol="Black_Glass-material" target="#Black_Glass-material">
                <bind_vertex_input semantic="Plane_002-mesh-map-0" input_semantic="TEXCOORD" input_set="0"/>
              </instance_material>
            </technique_common>
          </bind_material>
        </instance_geometry>
      </node>
    </visual_scene>
  </library_visual_scenes>
  <scene>
    <instance_visual_scene url="#Scene"/>
  </scene>
</COLLADA>
