<?xml version="1.0" encoding="utf-8"?>
<COLLADA xmlns="http://www.collada.org/2005/11/COLLADASchema" version="1.4.1" xmlns:xsi="http://www.w3.org/2001/XMLSchema-instance">
  <asset>
    <contributor>
      <author>Blender User</author>
      <authoring_tool>Blender 4.5.3 LTS commit date:2025-09-08, commit time:12:46, hash:67807e1800cc</authoring_tool>
    </contributor>
    <created>2025-10-15T14:50:15</created>
    <modified>2025-10-15T14:50:15</modified>
    <unit name="meter" meter="1"/>
    <up_axis>Z_UP</up_axis>
  </asset>
  <library_images/>
  <library_geometries>
    <geometry id="shape0_001-mesh" name="shape0.001">
      <mesh>
        <source id="shape0_001-mesh-positions">
          <float_array id="shape0_001-mesh-positions-array" count="81">-0.495116 20.3616 -0.9658369 4.28443 12.1754 -0.9658369 3.26549 18.9261 -0.9658369 -4.24559 17.3333 -0.9658369 -0.04757446 20.1217 -14.4901 -4.29475 11.65 -14.5 -4.27643 12.196 -0.9658369 4.29475 11.65 -14.5 3.84938 17.0037 -14.5737 3.02918 13.9128 -14.496 2.52418 18.8456 -14.579 0.241059 12.2011 -14.4963 -2.27857 13.8182 -14.1388 -3.93734 16.7458 -14.5654 -2.14777 19.2589 -14.5492 -0.938568 18.2364 -13.3314 2.00187 17.6742 -13.3985 2.31419 14.5233 -13.3627 0.380634 13.1823 -13.4194 -2.52944 16.3911 -13.3102 -1.834 13.9462 -3.98236 0.479757 13.2354 -3.98236 2.37908 14.7359 -3.98236 2.22313 17.1512 -3.98235 0.14667 18.395 -3.98234 -2.57072 16.7212 -3.96693 -6.50139e-4 15.7968 -2.47029</float_array>
          <technique_common>
            <accessor source="#shape0_001-mesh-positions-array" count="27" stride="3">
              <param name="X" type="float"/>
              <param name="Y" type="float"/>
              <param name="Z" type="float"/>
            </accessor>
          </technique_common>
        </source>
        <source id="shape0_001-mesh-normals">
          <float_array id="shape0_001-mesh-normals-array" count="186">-0.8136729 0.5796942 -0.04348576 -0.3791454 0.9248842 -0.02895259 0.3566176 0.9342383 -0.004770517 0.8108811 0.5832715 -0.04760587 0.4434773 0.8958018 -0.02944701 -0.6281651 0.777967 0.0132718 -0.9975496 0.06994736 -0.001471579 -0.9997193 0.006001472 -0.02291905 0 0 1 -3.25959e-5 -0.007142663 0.9999745 -0.006785333 0.008073568 0.9999444 0.9966543 0.08168816 0.002681255 0.9962704 0.08627319 0.001559674 0.9963716 0.0850774 0.00232768 0.9874057 0.1575041 0.014925 0.9870997 0.1590965 0.01796448 0.9886589 0.1497901 0.01080811 -0.009547114 -0.9991416 0.04031157 -0.009547114 -0.9991411 0.04032438 -0.009324848 -0.9992135 0.03854429 0.008195161 -0.9999665 -3.80188e-4 -6.65641e-5 -0.9999992 -0.001227617 -6.22291e-5 -0.9999992 -0.001227617 -0.03260588 -0.01646935 -0.9993327 0 0.006714105 -0.9999775 -2.61594e-4 0.06897222 -0.9976186 -7.2736e-4 0.001360476 -0.9999989 0.2042188 -0.02688223 -0.9785561 -0.02152121 0.1837269 -0.9827418 0.5002353 -0.3511134 -0.7915075 -0.06593054 -0.6935561 -0.7173793 -0.5905558 -0.426861 -0.6848603 -0.5520867 -0.06416857 -0.8313138 -0.4268197 0.695331 -0.5782213 0.6769008 0.2846148 -0.6788223 0.3387991 0.6731972 -0.6572829 -0.4330192 0.6507323 -0.6237321 -0.7800298 0.1920173 -0.5955528 -0.1710552 -0.8315943 -0.5283853 0.5236551 -0.4596949 -0.7172629 0.9953101 0.09673172 9.79904e-4 0.2383113 0.9709243 -0.02266782 -0.5699211 0.8216983 0.00136286 -0.9950923 -0.0985307 0.009116828 -0.1868117 -0.9816474 0.03833812 0.7572764 -0.6525608 0.02640062 0.5236979 -0.8506417 -0.04636007 -0.5135406 -0.8573285 -0.03555124 -0.9977251 -0.06442081 0.01986634 -0.6198513 0.7846033 -0.01349467 0.2936508 0.9558753 -0.008462905 0.9654553 0.2565665 -0.04549354 -0.3397482 0.4300509 -0.8364374 -0.5471305 -0.03532338 -0.8363016 -0.2818925 -0.4705978 -0.8361068 0.1609587 0.5239443 -0.8364058 0.5367336 0.1471142 -0.8308277 0.2987908 -0.4926072 -0.8173508 0.001670181 0.01041311 0.9999444 0.008221089 -0.006605744 0.9999444 0 0 1 0 0 1</float_array>
          <technique_common>
            <accessor source="#shape0_001-mesh-normals-array" count="62" stride="3">
              <param name="X" type="float"/>
              <param name="Y" type="float"/>
              <param name="Z" type="float"/>
            </accessor>
          </technique_common>
        </source>
        <source id="shape0_001-mesh-map-0">
          <float_array id="shape0_001-mesh-map-0-array" count="300">0 0 0 0 0 0 0 0 0 0 0 0 0 0 0 0 0 0 0 0 0 0 0 0 0 0 0 0 0 0 0 0 0 0 0 0 0 0 0 0 0 0 0 0 0 0 0 0 0 0 0 0 0 0 0 0 0 0 0 0 0 0 0 0 0 0 0 0 0 0 0 0 0 0 0 0 0 0 0 0 0 0 0 0 0 0 0 0 0 0 0 0 0 0 0 0 0 0 0 0 0 0 0 0 0 0 0 0 0 0 0 0 0 0 0 0 0 0 0 0 0 0 0 0 0 0 0 0 0 0 0 0 0 0 0 0 0 0 0 0 0 0 0 0 0 0 0 0 0 0 0 0 0 0 0 0 0 0 0 0 0 0 0 0 0 0 0 0 0 0 0 0 0 0 0 0 0 0 0 0 0 0 0 0 0 0 0 0 0 0 0 0 0 0 0 0 0 0 0 0 0 0 0 0 0 0 0 0 0 0 0 0 0 0 0 0 0 0 0 0 0 0 0 0 0 0 0 0 0 0 0 0 0 0 0 0 0 0 0 0 0 0 0 0 0 0 0 0 0 0 0 0 0 0 0 0 0 0 0 0 0 0 0 0 0 0 0 0 0 0 0 0 0 0 0 0 0 0 0 0 0 0 0 0 0 0 0 0 0 0 0 0 0 0 0 0 0 0 0 0</float_array>
          <technique_common>
            <accessor source="#shape0_001-mesh-map-0-array" count="150" stride="2">
              <param name="S" type="float"/>
              <param name="T" type="float"/>
            </accessor>
          </technique_common>
        </source>
        <vertices id="shape0_001-mesh-vertices">
          <input semantic="POSITION" source="#shape0_001-mesh-positions"/>
        </vertices>
        <triangles count="50">
          <input semantic="VERTEX" source="#shape0_001-mesh-vertices" offset="0"/>
          <input semantic="NORMAL" source="#shape0_001-mesh-normals" offset="1"/>
          <input semantic="TEXCOORD" source="#shape0_001-mesh-map-0" offset="2" set="0"/>
          <p>14 0 0 13 0 1 3 0 2 4 1 3 14 1 4 0 1 5 4 2 6 0 2 7 2 2 8 2 3 9 8 3 10 10 3 11 2 4 12 10 4 13 4 4 14 3 5 15 0 5 16 14 5 17 6 6 18 13 6 19 5 6 20 6 7 21 3 7 22 13 7 23 3 8 24 6 9 25 1 10 26 7 11 27 8 12 28 1 13 29 8 14 30 2 15 31 1 16 32 1 17 33 6 18 34 5 19 35 5 20 36 7 21 37 1 22 38 8 23 39 7 23 40 9 23 41 7 24 42 5 24 43 11 24 44 4 25 45 10 25 46 14 25 47 11 26 48 9 26 49 7 26 50 12 27 51 5 27 52 13 27 53 12 28 54 11 28 55 5 28 56 13 29 57 14 29 58 15 29 59 14 30 60 10 30 61 16 30 62 10 31 63 8 31 64 16 31 65 8 32 66 17 32 67 16 32 68 9 33 69 11 33 70 18 33 71 12 34 72 13 34 73 19 34 74 12 35 75 18 35 76 11 35 77 18 36 78 17 36 79 9 36 80 8 37 81 9 37 82 17 37 83 16 38 84 15 38 85 14 38 86 15 39 87 19 39 88 13 39 89 12 40 90 19 40 91 25 40 92 18 41 93 12 41 94 20 41 95 17 42 96 18 42 97 21 42 98 16 43 99 17 43 100 22 43 101 15 44 102 16 44 103 24 44 104 19 45 105 15 45 106 25 45 107 24 46 108 25 46 109 15 46 110 23 47 111 24 47 112 16 47 113 22 48 114 23 48 115 16 48 116 21 49 117 22 49 118 17 49 119 20 50 120 21 50 121 18 50 122 25 51 123 20 51 124 12 51 125 22 52 126 21 52 127 26 52 128 23 53 129 22 53 130 26 53 131 26 54 132 24 54 133 23 54 134 26 55 135 21 55 136 20 55 137 26 56 138 20 56 139 25 56 140 26 57 141 25 57 142 24 57 143 1 58 144 2 59 145 3 60 146 2 59 147 0 61 148 3 60 149</p>
        </triangles>
      </mesh>
    </geometry>
    <geometry id="shape0_002-mesh" name="shape0.002">
      <mesh>
        <source id="shape0_002-mesh-positions">
          <float_array id="shape0_002-mesh-positions-array" count="1086">21.4 21.27 8.400001 21.4013 21.289 2.2008 27.6 21.27 2.2 27.6 21.27 8.400001 27.6 24.5 8.400001 21.4 24.5 8.400001 27.6 24.5 2.2 20.291 24.5 -0.883999 21.4 24.5 2.2 29.802 24.5 -0.883999 21.791 24.5 -5.384 47.952 24.5 -3.72266 29.052 24.5 -5.384 28.302 24.5 -0.883999 -9.400001 24.5 3.7 -2 24.5 3.7 -9.400001 24.5 -3.7 -2 24.5 -3.7 -44.5211 24.4946 2.43856 -46.2488 24.5047 -3.69862 -43.8112 24.5021 -0.885811 -28.8696 24.4966 -7.98083 -27.6221 24.5127 -6.45389 -28.4728 24.4968 -4.18321 -31.0425 24.4855 -4.28373 -31.775 24.4969 -7.16261 -44.7203 24.661 -3.73715 21.791 24.5 -0.883999 20.291 24.5 -5.384 50.9187 24.4975 -2.12011 56.9085 24.5032 -0.429503 45.2295 24.5012 -3.0816 54.995 24.5 5.41672 50.4871 24.5 2.41068 46.2674 24.503 3.88531 43.602 24.4996 -0.009916126 51.2487 24.5028 8.5585 -12.8 24.5 7.7 13 24.5 7.7 -51.1422 24.5021 8.65926 -48.5752 24.5008 3.81965 -56.0073 24.5027 3.88512 -51.3344 24.5 0.176288 -56.2613 24.5028 -3.4563 -49.8233 24.5 -3.05558 -51.3176 24.5018 -8.5329 -43.2306 24.5 -9.27428 -42.5132 24.4906 -6.03526 -43.2309 24.5 -10.3557 45.1252 24.5 -9.23516 52.6533 24.5038 -8.063241 45.1367 24.5 -10.3542 29.302 22.07 -0.883999 29.202 22.07 -5.384 -2.00004 21.3852 3.69984 -9.400001 21.39 -3.7 -2 21.39 -3.7 21.041 22.07 -5.384 21.041 22.07 -0.883999 45.1367 23.6864 -10.3458 -43.2321 17.178 -10.8829 -51.0494 17.1808 -10.4126 -58.129 17.178 2.34316 -57.6625 17.1842 -4.47884 -55.2507 17.1798 7.90735 -47.9703 17.178 10.7979 47.9715 17.178 10.7979 52.9422 17.178 9.42602 57.5288 17.1863 -4.65747 57.6625 17.1842 4.47883 52.4159 17.1775 -9.7931 45.1422 17.178 -10.8718 -12.8866 24.4937 9.14877 -12.8409 21.5835 9.80989 -12.8 21.57 7.7 13.0782 24.5004 9.153001 13.1206 23.6476 9.34859 -9.39947 21.4072 3.69958 -29.8505 25.2 -3.85986 -32.0184 25.2033 -5.5524 -27.5324 25.1917 -5.7697 -29.7112 25.1978 -8.22973 -46.5684 25.2 -4.86693 -46.916 24.5949 -6.22503 -45.5178 24.7476 -8.07412 -43.5323 24.6746 -7.84389 -42.7038 25.1948 -5.21743 12.9348 23.5585 7.74169 -0.723052 23.303 7.7078 -0.701417 23.3448 9.417302 -0.9 20.37 10.0844 -3.99089 20.37 10.0844 -3.75528 21.5733 9.78155 -3.72 21.57 7.7 -3.50382 20.644 7.82584 -0.947731 20.7665 7.71288 45.1395 23.6864 -10.6184 -43.231 23.6866 -10.4234 -43.2315 22.8729 -10.6257 45.1395 22.8729 -10.6175 50.1686 18 2.74153 46.8096 17.9997 3.77354 47.3656 17.9989 -3.8314 51.3508 18.0039 -1.27656 43.721 20.5211 0.164687 44.5394 18 -2.3444 44.5131 18 2.29042 48.302 17.9925 -1.05218 46.2811 18 -0.386719 47.4935 17.9898 1.31517 49.2878 19.4964 -0.301242 46.9414 19.4953 1.8672 47.3165 19.5 -2.15356 45.8111 19.4977 -0.676553 45.3054 25.6034 -0.370222 47.0051 25.8632 -2.19886 45.5182 26 -1.3679 45.0875 25.9779 0.25613 46.2234 25.8894 1.87446 48.1888 25.8844 2.26807 49.665 25.8741 -0.981644 -49.9192 18.0058 3.00283 -51.0969 17.9852 -1.43565 -47.654 17.996 -3.86812 -45.2441 17.9938 3.35479 -44.3944 22.4998 -2.16123 -44.6578 18 -2.50605 -43.9944 22.5189 1.53664 -47.6359 17.9993 -1.27087 -48.759 18 0.224081 -46.4769 17.995 0.846267 -48.0664 19.4912 1.59876 -45.7506 19.5027 -0.1709409 -47.7649 19.4979 -1.61741 -49.667 19.4993 -0.649557 -49.0484 25.8963 -1.75702 -49.1996 25.8998 1.67897 -46.6246 25.9064 2.12966 -45.2767 25.8861 0.478846 -45.1163 26.0247 -0.812907 -46.0229 25.8255 -1.69814 45.1423 22.8728 -10.8893 45.1423 22.5 -10.8858 28.3851 22.4991 -12.7561 44.7042 22.5016 -12.9527 27.5357 22.5004 -11.0484 45.2593 22.4902 -11.7247 27.653 20.3236 -11.6211 26.6215 22.503 -10.9194 -30.7441 22.8744 -10.9601 -25.6647 22.4999 -10.9149 -25.3375 22.4999 -11.1765 -23.5943 22.5 -13 25.0588 22.5001 -12.9706 -24.7441 22.5 -12.5717 25.9874 22.5004 -12.2253 -25.3567 21.4436 -11.329 -30.8085 22.0463 -11.0754 -30.9493 21.2538 -11.4306 26.3146 20.6182 -11.6848 -28.9341 20.8243 -11.4288 -25.2065 19.2034 -11.9933 -28.4602 19.6118 -11.8202 -30.7093 19.7175 -11.6904 -29.1767 18.7996 -12.1498 -30.4786 20.5676 -14.4981 -28.7555 20.6854 -14.4991 -29.8622 18.7528 -14.5005 -28.4822 19.5232 -14.4998 -31.2138 19.6748 -12.3669 -31.1102 18.1259 -12.4149 -24.9753 17.9918 -12.3559 -24.6919 17.1864 -12.6547 -24.1057 12.2939 -12.887 -31.1542 17.188 -12.7763 -31.1479 12.2949 -12.8699 -31.6763 12.295 -13.4995 -32.29 12.295 -13.7 -31.5496 22.873 -13.584 -42.5074 22.8734 -13.5746 -43.1551 22.8718 -11.1161 -42.9011 17.1893 -12.7677 -43.1251 20.4267 -11.6557 -42.1509 12.2951 -13.6517 -43.001 12.2951 -12.766 26.84 19.5864 -11.6332 26.1938 19.1529 -12.0917 27.8228 18.8043 -12.0879 28.7296 12.2954 -12.8847 25.1716 12.2952 -12.8774 28.1164 17.5848 -12.4668 25.7691 17.582 -12.5815 40.7235 12.2998 -13.12 -52.2167 12.3012 -11.9923 -52.1257 17.1815 -12.1905 -45.148 14.597 -13.0259 -44.878 12.2948 -13.2327 -60.0002 17.178 2.68984 -57.7874 17.178 7.59338 -57.7874 12.295 7.59338 -60.0002 17.178 -2.68985 -60.0002 12.295 2.68984 -57.7874 17.178 -7.59338 -60.0002 12.295 -2.68985 -57.7874 12.295 -7.59338 -53.0946 17.1801 11.6308 -48.026 17.178 12.7 -52.1376 12.3007 12.1485 52.2681 17.178 -12.1128 60.0002 17.178 2.68985 57.7874 17.178 7.59338 53.1011 17.1778 11.6207 48.0268 17.178 12.7 59.2989 17.178 -5.28884 51.8042 12.2996 12.1595 57.7874 12.295 -7.59338 60.0002 12.295 -2.68984 60.0002 12.295 2.68985 57.7874 12.295 7.59338 52.746 12.2939 -11.7669 44.8317 12.295 -12.869 -0.187418 20.2313 -13 3.89597 18.2193 -13.0007 -3.96207 17.9878 -13.0105 4.35 12.295 -13 -4.18028 17.2327 -14.4846 -2.71218 19.196 -14.5 0.30083 20.2123 -14.5 3.96575 17.8978 -14.4952 -8.81802 14.7641 -13.0854 -8.97214 12.3021 -13.2114 -4.48494 12.2936 -12.8825 4.35 12.295 -13.7495 4.35 11.65 -14.5 4.35 11.65 -13.7495 -4.35 11.65 -14.5 -4.35 12.295 -13.7495 -4.35 11.65 -13.7495 -54.3753 11.9725 -11.9075 -49.4528 12.295 -13.5419 -49.1178 11.6498 -13.6383 -46.1414 12.295 -13.7363 -59.408 11.9725 -6.87424 -61.25 11.9725 1.22223e-5 -53.8706 12.0828 12.3227 -59.408 11.9725 6.87467 -50.3689 11.8626 13.4526 -41.5 12.295 13.7495 -41.5 11.65 13.7495 54.3768 11.9725 11.9069 48.6195 12.295 13.6819 48.6578 11.65 13.6577 59.408 11.9725 6.87495 61.2498 11.9725 6.18108e-4 59.4071 11.9725 -6.8764 48.1338 11.65 -13.6774 48.1856 12.2937 -13.6727 53.3865 12.2931 -12.6605 53.7591 11.6498 -12.3988 45.1543 17.1932 -12.7336 -41.7112 19.8359 -13.7001 -32.741 18.5425 -13.6926 -41.1547 21.2883 -13.7006 -32.7023 21.257 -13.7042 -41.0952 18.3031 -13.7128 -40.743 21.4898 -14.499 -33.4727 21.5225 -14.5014 -32.5147 20.7984 -14.5015 -32.3464 19.0531 -14.5179 -33.5025 18.179 -14.498 -41.6367 18.7766 -14.504 -56.2685 25.844 -6.70321 -58.2202 25.8567 -2.50282 -58.1246 25.8906 2.80192 -55.0269 25.9552 8.1895 -48.8238 25.5802 11.1706 -48.9192 25.986 10.5327 -58.2266 16.712 -9.185461 -60.9832 17.737 -3.30969 -61.0317 17.7369 3.10543 -54.5474 17.7217 -11.999 -58.595 11.65 -9.334692 -61.6371 11.6529 -3.31704 -61.6191 11.6529 3.39285 -58.583 11.6522 9.380432 -54.7338 11.6514 12.5833 -56.7154 18.2331 10.6899 -47.1848 23.3649 -12.5026 -52.4254 25.9032 -9.8836 -46.6744 25.6962 -11.1116 -47.1028 25.9889 -10.6256 -40.8436 14.6131 14.3432 -48.8859 11.6488 14.3966 -47.955 18.7354 13.5729 49.2593 25.7111 -10.9989 48.2394 25.9836 -10.5928 53.2078 25.8856 -9.39734 56.2597 25.8655 6.68574 58.166 25.865 2.71194 57.9168 25.9007 -4.18555 52.4257 25.9174 9.88681 61.2203 16.9227 -3.22396 60.9855 17.7847 3.27166 56.4645 18.1843 10.8752 58.63 11.6537 9.33159 61.6371 11.6529 3.31706 61.6072 11.65 -3.35 58.5906 11.652 -9.36517 56.3899 18.7201 -10.7232 53.9937 11.7279 13.1246 48.0544 18.7287 13.5624 40.7646 14.3301 14.3769 49.2237 25.5555 11.1725 48.3162 11.6491 14.4116 47.1187 25.984 10.6374 53.633 11.6484 -13.3828 -53.6257 11.6496 -13.3767 -47.4942 11.6499 -14.4952 47.5422 11.6559 -14.486 44.6402 25.6642 -11.1321 41.5 24.5641 -11.8458 43.385 24.0463 -12.6602 46.4141 23.9296 -12.4235 47.4597 22.4284 -12.8398 45.2896 24 -14.5 47.0256 23.26 -14.4913 -45.9918 24.5365 -11.802 -45.2896 24 -14.5 -45.8275 24.0194 -12.7148 -47.4945 15.2149 -14.3765 -46.9358 23.3331 -14.5004 -44.3772 18.7565 -14.5 -43.391 20.349 -14.5016 -45.6673 19.9928 -14.5052 -43.3482 19.7294 -12.2036 -45.5439 19.9376 -12.1401 -10.3666 19.9536 13.2781 -11.362 22.1048 12.5691 -10.0245 23.4041 12.1497 -10.5931 20.0326 12.0601 -11.337 21.6537 11.7025 -10.5357 23.1924 11.3627 10.0082 23.4149 12.1352 10.9108 20.1539 12.0447 9.95578 19.842 13.3175 10.6759 23.1308 11.3656 11.1809 22.4373 12.4992 11.1084 20.6765 13.0782 41.9218 12.2926 13.0019 -10.5536 12.295 12.7274 -39.4225 12.295 12.7182 -7.40895 12.295 12.7137 40.0238 12.2926 12.9905 -9.04161 12.2963 13.3541 -40.8271 12.2938 13.2384 -7.31806 14.5943 12.7063 -8.920392 14.5951 13.3382 -10.6002 14.595 12.7111 -41.0323 14.595 13.3638 -40.8486 14.593 12.9047 39.3702 14.595 12.7084 40.8637 14.5944 13.119</float_array>
          <technique_common>
            <accessor source="#shape0_002-mesh-positions-array" count="362" stride="3">
              <param name="X" type="float"/>
              <param name="Y" type="float"/>
              <param name="Z" type="float"/>
            </accessor>
          </technique_common>
        </source>
        <source id="shape0_002-mesh-normals">
          <float_array id="shape0_002-mesh-normals-array" count="2130">0 -0.9999953 -0.003064811 -0.003065288 -0.9999954 0 0 0 1 -1 0 -2.09528e-4 -1 -4.04478e-4 0 -1.29012e-4 0 -1 0 -2.4911e-4 -1 1 0 0 -3.11309e-4 -0.9999967 -0.002550721 -9.11845e-5 -1 -3.6741e-4 -1.64909e-5 -1 2.59218e-4 -2.85296e-5 -1 -7.57316e-6 0 -1 0 -2.06585e-5 -1 -1.31966e-4 0 1 0 2.77927e-5 1 6.41692e-6 0 -0.9999999 5.36015e-4 -2.29658e-5 -1 2.74907e-4 0.002477765 0.9999931 0.002785682 0.05755263 -0.9970495 -0.05079567 0 -0.9999991 -0.00143218 -1.87326e-4 -1 -2.97802e-4 3.74269e-4 -0.9999476 0.01023757 3.41953e-4 -0.9999764 -0.006873011 0.003666877 -0.999819 0.01866793 -0.002204656 -0.9999918 -0.003399491 1.13683e-4 -0.9999977 0.002132236 8.4349e-4 -0.9999967 0.002446472 0.1437212 -0.9844828 -0.1006871 -0.100982 -0.994617 -0.02323246 0 -1 1.23523e-6 0 -1 1.69126e-6 0.001155436 -0.9999992 -7.22332e-4 6.43642e-4 0.9999995 8.6099e-4 -2.33449e-4 -0.9999994 -0.001128792 2.9948e-4 -0.9999999 -4.48644e-4 0.004604458 0.9999858 0.002713084 -4.66525e-4 -0.9999997 7.00109e-4 0.001924097 0.9999977 9.75386e-4 0.001646995 0.9999887 0.004447817 -2.51996e-4 -1 4.0976e-4 -4.22616e-4 -1 -1.97751e-4 0.001350998 -0.9995874 -0.028692 0.01393103 -0.9998082 0.01376408 0.02196866 -0.9700312 0.2419855 0.04605132 -0.9978055 -0.0475769 -0.04933804 -0.9926223 0.1107555 -0.2771599 -0.959035 0.0586043 -0.01311993 -0.999914 0 5.48486e-4 -0.9999999 -2.81313e-4 -5.72764e-4 -0.9999999 6.41234e-6 -2.54431e-4 -1 1.33833e-4 6.77866e-5 -1 3.129e-4 7.74871e-4 -0.9999996 6.25284e-4 0 -1 4.1231e-7 3.52098e-4 -0.9999974 -0.002233922 -0.004873394 -0.9993965 -0.0343964 -1.99675e-4 -0.9999988 -0.001555442 0 -1 -9.53522e-7 -1.71149e-5 -1 1.76636e-5 0.9792486 -0.2014914 -0.02176123 0.9845707 0.0607748 -0.1640949 -0.9245618 -0.3804779 0.02054578 -0.9845707 -0.0607748 -0.1640949 0 -5.14374e-5 1 -3.55629e-5 -1.35835e-4 1 -1 0 7.17874e-5 -1 -1.72011e-4 0 0 0 -1 1 -1.28265e-5 5.40452e-6 0 -0.9999974 0.002324581 -0.002973318 -0.9999954 -6.49312e-4 0.9555237 -0.2949146 0 0.9555236 -0.2949146 0 -0.9555237 -0.2949146 0 -0.9555236 -0.2949146 0 -1.6898e-5 -0.08294475 0.9965543 -8.78098e-4 0.01032394 0.9999464 0.08846384 -0.2446717 0.9655621 0.05858236 -0.2142224 0.9750266 0.876987 -0.158542 -0.453606 0.9782104 -0.1966059 0.06671351 0.6587112 -0.1643829 0.7342192 0.6671228 -0.304504 -0.679871 0.6974568 -0.2284348 0.6792435 0.9618343 -0.2716015 -0.03328156 0.3667114 -0.1109064 -0.9237005 -0.2620337 -0.1730279 -0.9494208 -0.9955778 -0.09280711 0.01454806 -0.7019121 -0.2416376 -0.670023 -0.70135 -0.1421977 0.6984897 -0.6367679 -0.1348536 -0.7591715 -0.9085885 -0.2931448 -0.2975452 -0.823049 -0.3348612 0.4587575 -0.1500822 -0.2160021 0.9647894 -0.1430164 -0.2230429 0.9642604 -0.9982184 0 -0.05966794 -0.9996133 -0.02006965 -0.0192486 0.9929799 0.02275007 -0.1160753 0.9960111 -0.07134771 -0.05358475 -0.4751515 -0.6670506 -0.5738245 0.5369464 -0.4872213 -0.6886974 0.4769051 -0.7761102 0.4125709 -0.6241905 -0.5534238 0.5514602 -0.6792296 -0.4744775 0.5599269 0.2255582 0.5549483 0.8007222 0.7250083 0.6643022 -0.1818401 0.03245395 0.4693429 -0.8824195 -0.8470339 0.4286324 -0.3143373 -0.003251194 -0.9999947 4.00467e-4 -0.001867949 -0.9999982 4.43184e-4 -0.7227915 -0.5979592 0.3464353 0.4946306 0.7397487 -0.4561935 -0.5859065 0.5415502 -0.6028575 -0.03587919 -0.9235068 -0.3819003 0.03497672 -0.9161756 0.3992478 0.1360259 -0.9904814 0.02106273 -0.06047165 -0.9753418 0.2122537 0.0221337 -0.9983599 0.05279868 0.01863831 -0.9995334 0.02420157 0 -0.2181426 -0.9759169 1.24385e-4 -0.219776 -0.9755504 -9.73261e-4 -0.22359 -0.9746828 0 -0.2181443 -0.9759166 3.54725e-4 -0.221524 -0.9751549 -4.58346e-5 -0.2188128 -0.9757669 0.01223951 -0.2753864 -0.9612558 -5.55486e-5 -0.2188851 -0.9757506 -0.003298699 -0.2434636 -0.9699044 -0.01490342 -0.2862336 -0.9580441 0 -0.9999988 0.001585543 -0.001102745 -0.9999791 0.006376445 -0.97106 0.141759 -0.1922162 -0.03685474 -0.14301 -0.9890349 9.32169e-4 0.002888619 -0.9999955 0.002189636 0.01557672 -0.9998764 0 -0.04423671 -0.9990212 0.003963589 -0.002353668 -0.9999895 -0.9732006 -0.2293917 -0.01613062 0.9960437 -0.08824872 -0.01044803 0.9967463 -0.07380372 -0.03240054 0.03990751 -0.9853929 -0.165554 0 -0.9927213 -0.1204347 -2.26633e-6 -1 4.05393e-5 -9.27807e-5 0.001106619 0.9999995 0.002140879 -0.2412756 0.9704543 0.9924401 0.07831507 0.09449553 0.3297516 0.03186744 0.9435297 -0.2290271 0.03692853 -0.9727193 0.4750653 -0.02813959 -0.8795005 -0.882648 -0.04692745 -0.4676862 -0.9305511 0.05777776 -0.361575 -0.8747262 0.1208758 0.4693008 -0.8252834 9.7507e-5 0.564719 0.5383156 -0.07324081 -0.8395547 -0.4650431 -0.05085676 -0.8838261 -0.5415588 -0.05956292 0.8385502 0.2936782 0.008056282 0.9558704 0.9588367 -0.03262788 0.282077 -0.9526932 -0.3038854 -0.005405664 0.003482758 -0.999988 -0.003476619 -0.004022836 -0.9999915 -9.47603e-4 0.001450836 -0.9999892 0.004429936 -0.00231564 -0.9999916 0.003382742 -0.004365921 -0.9999864 -0.002883493 -2.65244e-4 -1 2.35756e-4 0.003743171 -0.9999931 1.30684e-4 0.003748834 -0.999993 1.39875e-4 0.3019202 0.2715904 0.9138287 0.8066028 0.1420921 -0.573761 -0.7458671 0.6157536 -0.2540273 -0.6785718 0.02038365 -0.7342512 0.8227382 0.4356084 -0.3651673 -0.09888643 -0.3919041 0.9146763 1.85609e-4 0.9999985 0.001748025 -0.6799193 0.1174343 0.7238225 0.6997714 0.03932231 0.7132838 0.9096919 0.09562104 -0.4041252 0.1963747 0.02316391 -0.9802554 -0.6681807 0.1758132 -0.7229276 -0.910411 0.009721577 -0.4135909 0.9159559 0.1032935 -0.387757 0.7303431 0.02624356 0.6825762 -0.4160293 -0.01388567 0.9092451 0.3068053 0.8601832 0.4073764 0.9579212 0.129972 0.255919 0.9579212 0.129972 0.2559189 0.957947 0.129833 0.2558925 0.5022237 0.8079015 -0.3083289 0.3210772 0.0970664 0.9420656 -0.7940572 0.08868807 0.6013382 -0.9035476 0.07159054 -0.4224651 -0.1767755 0.06374353 -0.9821849 0.8450414 -0.01866656 0.5343751 0.9648002 0.1629775 0.2063954 0.6508703 0.02005672 -0.7589241 0.7415558 0.1932429 -0.642458 0.9707263 -0.2165611 -0.1038845 0.4130263 -0.06551486 -0.9083595 -0.5745012 -0.0899803 -0.8135428 -0.9617577 -0.09831738 0.2556477 -0.07490158 -0.1091552 0.9911987 0.9928889 -0.06572628 0.09925591 0.9478399 -0.3023335 -0.1009659 7.5978e-4 -0.9999989 0.001263797 0.003911972 -0.9999866 0.003407418 -4.94821e-4 -0.9999984 -0.001759231 0.00374031 -0.9999864 0.003648817 0.004015028 -0.9999912 0.001240372 -0.002628147 -0.9999963 8.12e-4 9.78874e-4 -0.9999991 -9.60257e-4 -0.002477586 -0.9999964 0.001053094 -0.7022263 0.5984643 0.3856409 0.7828516 0.2033669 0.5880352 0.2100436 0.6081523 -0.7655276 -0.5890935 -0.2373531 -0.7724199 0.8734114 -0.4802206 0.08087641 -0.5780597 0.1362803 0.8045339 0.001886069 0.9999957 0.002259075 -0.575206 0.1685683 0.8004517 0.4508243 0.1097627 0.8858385 0.9950973 -0.088633 0.04388022 0.8057283 0.1496471 -0.5730688 0.1721404 0.04275643 -0.9841441 -0.5957523 0.1983039 -0.7783026 -0.7681696 0.1210262 -0.6287037 -0.01903343 0.01799392 0.9996569 -0.9456313 0.03731417 0.3230931 -0.2773446 0.9583336 0.06838726 -0.999947 -9.85251e-5 -0.01030087 -0.9999473 -5.91285e-6 -0.01027077 -0.9904144 -3.45253e-4 -0.1381276 -0.9999475 -1.70742e-5 -0.01025617 -0.9999473 -1.09063e-4 -0.01027727 -0.9997591 0.02102321 -0.00632596 -0.9999465 -8.97459e-6 -0.01034855 -0.9999457 -7.98513e-6 -0.01042336 1.43533e-4 -0.9999997 -8.0691e-4 -0.03542113 -0.9993498 0.006737887 -2.95301e-5 -0.9999997 7.45008e-4 -1.96027e-4 -0.9998236 0.01878237 0.8932185 -0.06876724 0.4443331 0.1347682 -0.2453135 0.9600307 -0.1224996 -0.35623 0.9263337 -0.8991067 -0.03091323 0.4366366 7.82169e-5 0.1208717 0.9926682 -9.33134e-4 -0.03461092 0.9994005 0.003058254 -0.3642109 0.9313115 -0.01887345 -0.1364385 0.9904688 -0.001812577 0.00938785 0.9999544 0.6197078 -0.1231707 0.7751074 5.96804e-5 -1 5.20939e-6 -3.20706e-5 -1 -8.47687e-5 1.18446e-6 -0.9999991 0.001410365 -0.002091526 -0.9999933 0.003010153 5.9321e-5 -1 8.9255e-5 -0.002714157 -0.4085972 0.9127109 -0.7750358 -0.2211791 0.5919455 -0.03760874 -0.1723315 0.9843208 -0.0157535 -0.06973379 0.9974412 0.01545339 -0.2833133 0.9589029 0.02501004 -0.2982339 0.9541652 0.001887321 -0.3774544 0.9260262 -0.008434832 -0.2881761 0.9575403 -0.01620733 -0.3255024 0.9454024 0.539422 -0.8171752 -0.2030979 0.4729378 0.8673224 -0.1551834 -0.7466108 0.6650721 -0.01586085 -0.9348418 -0.3529808 -0.03841179 -0.9733273 -0.2288929 0.01555943 -0.4837436 0.866407 0.1238191 0.9327502 0.3165801 0.1724944 0.06815195 -0.9964689 0.04904448 0.02139723 -0.4186627 0.9078897 -0.7973774 -0.07190066 0.5991825 -0.9629836 0.001468956 0.2695561 -0.9554384 0.03346961 0.2932872 -0.9549058 0.03765749 0.2945111 -0.9933464 -0.06929266 0.09198659 -0.01765012 -0.3587812 0.9332548 -0.01671135 -0.3529455 0.9354947 0.3257787 -0.005856156 0.945428 0.349047 -0.01120781 0.9370383 0.9140446 -0.05776697 0.401479 0.91777 -0.07303899 0.390338 0.7204772 -0.0037539 0.6934685 0.8201357 -0.01468133 0.5719808 -0.765917 -0.01328229 0.6428024 -0.0188024 -0.049667 0.9985889 0.002425193 -0.01912236 0.9998143 -0.3105357 0.01131236 0.9504945 -0.9757968 -0.03725296 0.2154833 -0.854363 0.01438307 0.5194778 -3.65323e-5 -1 -1.77589e-4 0.02761954 -0.9995967 0.006618559 0.02687931 -0.9996181 0.006418704 1.33228e-4 -0.9999999 4.91458e-4 4.14689e-7 -0.9999901 -0.004460215 -2.14346e-5 -1 3.6274e-4 0.9612834 -0.02766126 0.2741701 0.9660619 -0.04430752 0.2544826 1 -1.49787e-4 -2.45064e-4 0.999997 6.06927e-6 -0.002478599 0.9933261 -0.005306899 0.1152174 0.9878375 -0.02185231 0.1539468 0.9848814 0.008720278 0.173011 1 -1.04082e-4 -2.78671e-4 0.8228898 0.02359479 0.5677109 0.7213795 -0.01448416 0.6923885 -0.04115307 0.02899128 0.9987322 0.6535119 -0.7167095 -0.2434127 -0.06637948 -0.2998208 0.9516835 -0.04642927 -0.2858812 0.9571396 -0.06877863 -0.31107 0.9478951 0.6285125 0.01141822 0.7777157 0.7810865 -0.005950212 0.6243947 0.8786168 -0.04778683 0.4751305 0.002051591 -0.056113 0.9984223 -0.04853206 -0.08425915 0.9952614 -0.6259154 -0.007469415 0.7798553 -0.6852692 -0.04144334 0.7271098 -0.464637 0.002951383 0.8854963 -0.4748361 -0.1989176 0.8572996 -0.9099378 -0.03962635 0.4128475 0.01204693 -0.02109485 0.999705 -0.06097346 0.007423341 0.9981118 0.01961743 -0.01193761 0.9997364 -0.117281 0.002738475 0.993095 0.06185311 -0.1518669 0.9864638 0.1662039 -0.06886863 0.9836837 0.132565 0.03775256 0.9904551 -0.2396838 -0.1147072 0.9640508 0.9114893 0 -0.4113239 0.9114891 0 0.4113245 0.6195892 0.02031391 0.7846634 0.6521888 0 -0.7580567 0.627116 0.04046428 -0.7778741 0.6303437 0 0.7763163 0.911489 0 0.4113246 0.9114893 0 -0.4113238 0.205966 -0.06321132 -0.9765154 -3.6227e-4 -1 2.89448e-4 7.90879e-4 -0.9999994 -8.71334e-4 -3.72473e-5 -1 -2.14548e-4 -2.49271e-5 -1 -9.06785e-5 -7.26193e-4 -0.9999811 -0.006118714 -0.00142312 -0.9999656 -0.008171439 -0.003428339 -0.999988 0.003533065 7.53058e-4 -0.9999997 -3.56743e-4 1.999e-4 -1 -5.13748e-4 0.002070963 -0.9999979 -3.49167e-4 -0.004050433 -0.9999902 -0.001827299 -3.39154e-5 -1 -8.92145e-5 0 -1 -2.05335e-6 -4.11397e-4 -1 -1.25839e-5 7.14802e-4 -0.9999998 -4.6778e-5 0.002651691 -0.9999966 0 0.004050433 -0.9999902 0.001827299 -0.00248456 -0.999997 2.1846e-4 -7.41557e-4 -0.9999978 -0.001960992 -1.70509e-4 -0.9999996 -9.20107e-4 0.001227378 -0.9999974 0.001939892 0 -1 4.88619e-7 -0.004745483 -0.9999888 -1.60736e-4 -3.95988e-5 -1 1.81671e-6 -0.2077588 -0.05264997 -0.9767622 -0.9915565 -0.09601938 0.08715462 -0.9114891 0 -0.4113245 -0.6050064 0.07327389 -0.7928419 -0.6912569 -0.1221549 0.7122094 -0.6376676 -0.007844448 0.7702718 -0.6517697 0 -0.7584169 -0.911489 0 -0.4113246 -1 0 0 -0.9079789 0.08768063 0.4097397 -0.08696228 -0.02180421 0.995973 -0.137695 0.05655908 0.9888585 -0.003262221 0.009096443 0.9999533 -0.003568768 -0.01785433 0.9998342 -0.0322901 0.02542507 0.9991552 -6.04264e-4 -0.006234228 0.9999805 -3.8998e-4 -0.004023909 0.9999918 -9.58438e-4 -0.00229305 0.999997 -0.005888044 -3.33098e-4 0.9999826 0.02142983 -0.0524373 0.9983943 0.01127874 0.01050519 0.9998812 0.4940651 -0.8300452 -0.2586982 -0.4381758 -0.8892391 -0.1313617 -0.5276516 -0.8351937 0.1550336 0.3174815 -0.9412338 0.1152586 0.787815 -0.5876585 0.184404 -0.07311046 -0.04640913 0.9962435 -0.996889 -0.07248795 -0.03095233 -0.9967238 -0.06134027 0.05271792 -0.9970762 -0.0764147 0 0.9991937 -0.03044873 0.02616852 0.9843828 -0.0869503 0.1530696 0.9913964 -0.05196207 -0.120138 3.15868e-4 0 1 0.002459108 0.139069 0.9902797 0.05819684 -0.1178982 0.991319 0.3137954 0.02109569 0.9492563 0.03345769 0 -0.9994401 -0.00101751 0.03743338 -0.9992987 -7.5008e-4 0 -0.9999998 -0.2936282 0.01842558 -0.9557421 -0.6916269 -0.110215 0.7137962 -0.1910284 0.008206427 0.9815503 -0.2140598 0.2591543 0.9418161 -0.001646697 0 0.9999988 -0.001752078 -0.007159829 0.9999729 -0.4160006 0.002260804 0.9093616 -0.9097838 -0.0601893 0.4106954 8.52165e-4 -0.07851761 0.9969124 1.49721e-4 -0.07428216 0.9972373 0.1473468 -0.00224322 0.9890824 0.00489813 -8.3096e-4 0.9999877 -0.1118075 0.005840659 0.9937127 -0.002723157 0.01064759 0.9999396 -0.06863164 -0.006136178 0.9976232 0.03193461 0.00455302 0.9994796 0.06441086 -0.02433586 0.9976267 0.004156231 -0.9475481 -0.3195861 -0.00369358 -0.9691375 -0.2464934 -0.9797964 -0.09281665 -0.1771561 -0.5747684 -0.7604796 0.3021792 -0.9047738 0.01108175 -0.4257483 -0.5883174 0.7827402 0.2029789 0.06392967 0.8749949 0.4798928 -0.02541708 0.9199672 -0.3911706 0.8576325 0.3477951 -0.3788209 0.8155711 -0.3123202 0.4871343 0.8784359 -0.290049 0.3797659 -0.001323819 0.9999523 -0.009693264 -0.002367913 0.9999408 -0.01062905 -8.63533e-4 0.9999525 -0.009708523 -0.001041233 0.9999464 -0.01031374 5.63419e-4 0.9999929 -0.003763258 -0.0151053 0.9998606 0.007125794 -0.01093834 0.9999257 0.005393207 0.005195856 0.9999542 -0.008054614 0.0230906 0.9996132 0.01550352 0.00562489 0.9986997 0.05066883 3.26048e-5 0.9999418 -0.01079809 9.30679e-4 0.9999995 3.20707e-4 0.0176084 0.9998064 0.00877887 -0.00116533 0.9999988 -0.001068949 -0.2598258 0.9644075 0.04908072 -0.003923475 0.9999806 -0.004845142 0.004803538 0.9999248 -0.01128613 0.006774246 0.9999443 -0.008097887 -0.001197218 0.9999858 0.005218803 5.62006e-5 0.9999985 -0.001761913 0.003264725 0.9999933 -0.001686632 -0.009988367 0.9998673 0.01287275 0.1082844 0.9936619 0.03017604 -7.47394e-4 0.9943022 0.1065961 0.0110656 0.9998838 -0.01048433 -0.003219127 0.9999949 1.12942e-5 -0.001441657 0.9999115 0.01323127 -0.003803431 0.9999728 -0.006322145 -0.2138997 0.8094155 0.5468946 -0.855475 0.3307034 -0.3984944 -0.9416441 0.3362835 0.01482057 -0.8198708 0.3306264 0.4674376 -0.9942448 0.1068683 -0.007515072 -0.8671374 0.1067031 0.4865051 -0.6054799 0.3270485 -0.7255573 -0.6281626 0.3434453 -0.6981812 -0.6295195 0.0686323 -0.7739475 -0.6393539 0.02855062 0.7683825 -0.8897097 0.07801222 -0.4498118 -0.6196351 0.08302825 -0.7804862 -0.880251 0.1609905 0.4463633 -0.9953561 0.09622442 0.002670347 -0.8944911 0.0966646 -0.4365109 -0.8337959 0.3141779 0.4539569 -0.9464496 0.3227728 -0.007150173 -0.8416647 0.3021287 -0.44757 -0.1585806 0.5312766 -0.8322243 -0.09292864 0.8146039 -0.5725248 -0.3168169 0.1504666 0.9364758 -0.2911171 0.1825134 0.9391165 -0.03774106 0.1202642 0.9920243 -0.3146027 0.2785475 0.907434 -0.3864506 0.35952 0.8493534 -5.6765e-4 0.843706 0.5368055 1.84635e-4 0.7809244 0.6246257 2.23486e-4 0.8597692 -0.510683 1.84423e-4 0.8567075 -0.5158025 0.007191359 0.8386236 -0.544664 0.1047297 0.9273493 -0.3592424 0.8217853 0.3194323 0.4718388 0.9388274 0.344188 -0.01173973 0.8392676 0.2575234 -0.4788649 0.8515722 0.1647405 0.4976801 0.9941458 0.105806 0.02189463 0.5910322 0.3983339 0.701435 0.9973009 0.07328575 -0.004505038 0.6751794 0.4129386 -0.6112401 0.6289014 0.04670029 -0.7760813 0.8913098 0.07608717 -0.4469649 0.6332321 0.02714902 0.7734857 0.8466483 0.1664966 -0.5054361 0.8901466 0.09788751 0.4450362 0.9443716 0.3272782 -0.03242641 0.8726363 0.2515739 0.4185887 0.03818726 0.1204015 0.9919906 0.3092974 0.1245236 0.9427773 0.210847 0.248673 0.9453599 0.3288751 0.2867668 0.8997811 0.3089599 0.2666739 0.9129232 0.07260179 0.898163 0.4336271 3.26477e-6 -0.9999994 -0.001192569 -0.01696312 -0.9805703 -0.1954338 -1.90996e-6 -0.9999983 -0.001875579 -0.00553435 -0.9800636 -0.1986073 0.1668761 -0.7325584 -0.6599323 0.1235731 -0.9082219 -0.3998287 0.3180721 -0.8674921 -0.3824757 -0.1834545 -0.9657635 -0.1834267 0.2067793 -0.9596143 -0.1907428 -4.76064e-4 -0.9999988 0.001485109 0.01516449 -0.9998689 0.005674898 0.2420642 -0.9680901 -0.06485879 0.5722211 -0.7672473 0.2896459 -0.09946268 -0.9822361 0.1591211 -0.2482947 -0.9663972 0.06653082 -0.5555239 -0.7837773 -0.2776446 0.5593571 -0.7788591 -0.2837222 0.2424667 -0.9679818 0.06497013 0.1886906 -0.9637426 0.1886696 4.20584e-5 -1 -3.55055e-5 4.47357e-6 -1 0 -0.5721067 -0.7684548 0.2866553 -0.2424782 -0.9679793 -0.0649653 0.6454466 -0.7638036 -0.001731574 0.01286196 -0.9752132 0.2208934 2.30844e-6 -1 -1.15589e-4 -0.6529219 -0.7574182 0.003257989 0.274922 -0.9000654 0.3380832 -0.2278581 -0.9382943 -0.2601626 0.001946568 -0.9999601 -0.008719027 1.39002e-4 -0.9999727 -0.00740081 -0.001524507 -0.9999976 0.001618564 0.3123048 0.2253315 -0.9228714 0.02040499 0.4804909 -0.8767623 0.3396823 0.3114669 -0.8874709 0.3444985 0.3165236 -0.8838177 0.1763882 0.1500129 -0.9728224 -0.02004164 0.5837818 -0.8116632 0.06763321 0.9054091 -0.4191184 0.7580278 0.3812268 0.5292071 0.3865775 0.9047844 -0.1786704 0.8271114 0.5584083 0.06377303 0.9713745 0.04313725 -0.2336045 -5.21266e-4 0.8700442 -0.4929737 -5.91518e-4 0.5112835 -0.859412 2.38692e-6 0.5442522 -0.8389217 7.38257e-5 0.8439489 -0.5364238 -0.2575291 0.1764592 -0.9500216 -0.3000493 0.3109925 -0.901806 0.001422643 0.5121528 -0.8588933 -0.2379988 0.2262217 -0.9445531 -0.1793625 0.03272259 -0.9832387 -2.94797e-4 0.99994 -0.01095175 0 0.9996836 -0.02515798 0.03743219 0.9992066 0.01360392 -0.4381406 0.7460235 -0.5014795 -0.4420766 0.8942936 -0.06933474 -0.3726301 0.919889 -0.1222742 -0.9900133 0.06623357 -0.1244469 6.09992e-4 -0.001736342 -0.9999983 -0.001458823 -3.53643e-5 -0.9999989 -9.34556e-4 0.001573085 -0.9999983 0.003664255 -0.02760261 -0.9996123 2.18424e-4 0.001770913 -0.9999985 0.007469892 0.003859996 -0.9999647 3.23995e-4 7.88324e-4 -0.9999997 -0.0014593 -1.00696e-4 -0.9999989 2.65865e-4 -0.01238268 -0.9999233 -0.0771656 0.03317171 -0.9964664 0.001203238 -0.008934199 -0.9999594 1.46623e-4 -4.50089e-4 -1 6.47613e-4 7.74813e-4 -0.9999995 -2.60237e-5 3.08373e-4 -1 -2.12054e-5 5.97303e-4 -0.9999999 0 5.65083e-4 -1 0.002764999 0.009663045 -0.9999496 -0.01593458 -0.02083313 -0.999656 8.85618e-5 -0.002249002 -0.9999976 6.69886e-4 0.00102204 -0.9999993 1.54129e-4 -0.00183022 -0.9999983 -7.50984e-6 2.22043e-5 -1 -3.25933e-4 -9.8788e-4 -0.9999995 -1.11251e-4 -4.70029e-4 -0.9999999 -1.06353e-4 -0.007764101 -0.9999699 8.8294e-4 0.002731621 -0.9999959 1.81822e-4 5.82854e-4 -0.9999999 -0.03719818 -0.01269024 -0.9992274 0.001399517 0.001165628 -0.9999983 -2.93403e-4 0.00132519 -0.9999991 -0.8397132 0.5201727 0.1558919 0.0738461 0.9059452 -0.4169057 0.6918045 0.7218284 -0.01924687 0.1545749 -0.9874911 -0.0311129 -0.09859222 -0.9612762 -0.2573477 0.005917549 0.3295058 0.944135 0.003709852 0.3528392 0.9356767 8.60135e-5 0.4115892 0.9113696 4.44847e-4 0.4033721 0.915036 0.004009962 0.3122211 0.9500011 -0.002657175 0.3119108 0.9501078 1.21966e-4 0.2188189 0.9757656 -5.04836e-4 0.2498975 0.9682722 -0.004556655 0.3306449 0.9437444 -0.006402552 0.3131384 0.9496859 2.241e-4 0.1817184 0.9833506 -3.47122e-4 0.01895296 0.9998204 -1.54361e-4 0.01250696 0.9999219 1.20316e-4 0.183883 0.9829482 0.001804411 0.2733464 0.961914 0.9092212 0.3794444 -0.1712856 0.8820885 -0.4069594 0.237285 0.6431768 -0.733273 -0.2205319 0.9152932 0.3754521 -0.1458564 0.005356609 0.9979527 0.06373184 -0.005316019 0.9721651 0.234237 -0.5840707 -0.781848 -0.2181178 -0.9856647 0.08793246 0.14399 -0.6009284 0.7536702 -0.2662075 -0.907665 0.02396464 0.4190109 -5.56106e-4 0.2223678 0.9749628 4.9228e-4 0.2155146 0.9765006 2.46952e-4 0.2155189 0.9764997 -0.00283879 -0.9652059 0.2614762 7.56829e-4 -0.9379056 0.3468899 -0.001009643 -0.9999961 -0.002592444 -2.30678e-4 -0.9999998 6.58474e-4 0.03407168 -0.9325295 -0.3594829 -2.80536e-4 -0.9999939 0.003500699 -2.54149e-4 -0.9999997 7.11858e-4 5.48679e-4 -0.9999981 -0.001873672 0.04647672 -0.9968969 0.06353372 0.1552553 -0.9471538 0.2807056 -0.1501957 -0.9364507 -0.3170195 0.07372158 -0.9108985 -0.4059917 -2.04461e-5 -1 -3.45935e-4 -0.2975183 -0.9189845 0.2587478 0.1551324 -0.9684386 0.1950912 2.41247e-5 -1 2.48579e-5 -3.28092e-4 -0.9999998 6.60974e-4 -0.5157727 -0.8455051 0.1382023 -0.1417976 -0.9724884 -0.1848239 8.11812e-5 -0.9999971 0.002457261 0.312013 -0.9018442 -0.2988731 7.93441e-4 -0.9997633 0.02174389 -0.2400332 -0.9647027 0.1083182 -0.2399871 -0.9647164 -0.1082982 7.35364e-7 -0.9999974 -0.002302408 0.1101901 -0.9846392 -0.1354393 0.5154887 -0.8456916 -0.1381204 -1.42159e-4 -1 -4.52924e-5 -0.2498948 -0.9682731 0 -0.3189968 -0.892475 -0.3189506 0.2400109 -0.9647093 -0.1083087 0.2400429 -0.9646998 0.1083233 6.88122e-4 -0.9999976 -0.002129197 -0.5154842 -0.845696 -0.1381106 -6.15471e-5 -0.9999983 0.00187093 0.2498565 -0.9682829 0 0.3192055 -0.8923218 0.3191705 1.30962e-4 -0.9998975 0.01431494 -3.14088e-5 -0.9999996 9.74764e-4 7.7974e-5 -0.9999917 0.004095911 7.7979e-5 -0.9999917 0.004095911 7.80021e-5 -0.9999917 0.004095911 -2.25426e-5 -0.999993 0.003754019 6.34021e-5 -0.9999982 0.001920819 0.5155158 -0.8456725 0.1381358 0 -1 -6.6035e-6 3.97851e-4 -0.9999775 -0.006709694 -4.54857e-5 -0.999992 0.004036068 -3.47216e-6 -0.9999992 0.001307487 -2.62581e-6 -0.9999939 -0.003504455 -0.001755595 -0.9999967 -0.001888513 9.52686e-6 -1 0 -2.12501e-4 -0.9999998 7.23692e-4 0.3828974 0.001210987 -0.9237902 -0.3651184 0.01281452 -0.9308729 -0.3668367 0.01150745 -0.9302142 0.3496337 -0.02491426 -0.9365552 -0.3472452 0.02012676 -0.9375585 -0.8153644 -0.4796893 -0.3241592 0.9267165 0.06244379 0.3705367 0.05291974 0.06804239 -0.996278 -0.006363987 -0.09648615 -0.995314 -0.006386339 0.07695186 -0.9970144 3.18733e-4 -0.007080376 -0.9999749 4.50196e-5 -0.001729249 -0.9999985 -0.001466393 -0.02555727 -0.9996723 4.506e-5 -0.003219902 -0.9999948 0.1977276 -0.6650059 -0.7201882 -0.08493691 0.01164221 -0.9963184 0.005787253 -0.1199939 -0.9927579 -0.07663494 0.05098462 -0.9957549 0 -0.003251969 -0.9999948 0.09485781 -0.1421159 -0.9852944 0.2648301 -0.04285311 -0.9633424 0.005996882 0.05355685 -0.9985469</float_array>
          <technique_common>
            <accessor source="#shape0_002-mesh-normals-array" count="710" stride="3">
              <param name="X" type="float"/>
              <param name="Y" type="float"/>
              <param name="Z" type="float"/>
            </accessor>
          </technique_common>
        </source>
        <source id="shape0_002-mesh-map-0">
          <float_array id="shape0_002-mesh-map-0-array" count="4416">0 0 0 0 0 0 0 0 0 0 0 0 0 0 0 0 0 0 0 0 0 0 0 0 0 0 0 0 0 0 0 0 0 0 0 0 0 0 0 0 0 0 0 0 0 0 0 0 0 0 0 0 0 0 0 0 0 0 0 0 0 0 0 0 0 0 0 0 0 0 0 0 0 0 0 0 0 0 0 0 0 0 0 0 0 0 0 0 0 0 0 0 0 0 0 0 0 0 0 0 0 0 0 0 0 0 0 0 0 0 0 0 0 0 0 0 0 0 0 0 0 0 0 0 0 0 0 0 0 0 0 0 0 0 0 0 0 0 0 0 0 0 0 0 0 0 0 0 0 0 0 0 0 0 0 0 0 0 0 0 0 0 0 0 0 0 0 0 0 0 0 0 0 0 0 0 0 0 0 0 0 0 0 0 0 0 0 0 0 0 0 0 0 0 0 0 0 0 0 0 0 0 0 0 0 0 0 0 0 0 0 0 0 0 0 0 0 0 0 0 0 0 0 0 0 0 0 0 0 0 0 0 0 0 0 0 0 0 0 0 0 0 0 0 0 0 0 0 0 0 0 0 0 0 0 0 0 0 0 0 0 0 0 0 0 0 0 0 0 0 0 0 0 0 0 0 0 0 0 0 0 0 0 0 0 0 0 0 0 0 0 0 0 0 0 0 0 0 0 0 0 0 0 0 0 0 0 0 0 0 0 0 0 0 0 0 0 0 0 0 0 0 0 0 0 0 0 0 0 0 0 0 0 0 0 0 0 0 0 0 0 0 0 0 0 0 0 0 0 0 0 0 0 0 0 0 0 0 0 0 0 0 0 0 0 0 0 0 0 0 0 0 0 0 0 0 0 0 0 0 0 0 0 0 0 0 0 0 0 0 0 0 0 0 0 0 0 0 0 0 0 0 0 0 0 0 0 0 0 0 0 0 0 0 0 0 0 0 0 0 0 0 0 0 0 0 0 0 0 0 0 0 0 0 0 0 0 0 0 0 0 0 0 0 0 0 0 0 0 0 0 0 0 0 0 0 0 0 0 0 0 0 0 0 0 0 0 0 0 0 0 0 0 0 0 0 0 0 0 0 0 0 0 0 0 0 0 0 0 0 0 0 0 0 0 0 0 0 0 0 0 0 0 0 0 0 0 0 0 0 0 0 0 0 0 0 0 0 0 0 0 0 0 0 0 0 0 0 0 0 0 0 0 0 0 0 0 0 0 0 0 0 0 0 0 0 0 0 0 0 0 0 0 0 0 0 0 0 0 0 0 0 0 0 0 0 0 0 0 0 0 0 0 0 0 0 0 0 0 0 0 0 0 0 0 0 0 0 0 0 0 0 0 0 0 0 0 0 0 0 0 0 0 0 0 0 0 0 0 0 0 0 0 0 0 0 0 0 0 0 0 0 0 0 0 0 0 0 0 0 0 0 0 0 0 0 0 0 0 0 0 0 0 0 0 0 0 0 0 0 0 0 0 0 0 0 0 0 0 0 0 0 0 0 0 0 0 0 0 0 0 0 0 0 0 0 0 0 0 0 0 0 0 0 0 0 0 0 0 0 0 0 0 0 0 0 0 0 0 0 0 0 0 0 0 0 0 0 0 0 0 0 0 0 0 0 0 0 0 0 0 0 0 0 0 0 0 0 0 0 0 0 0 0 0 0 0 0 0 0 0 0 0 0 0 0 0 0 0 0 0 0 0 0 0 0 0 0 0 0 0 0 0 0 0 0 0 0 0 0 0 0 0 0 0 0 0 0 0 0 0 0 0 0 0 0 0 0 0 0 0 0 0 0 0 0 0 0 0 0 0 0 0 0 0 0 0 0 0 0 0 0 0 0 0 0 0 0 0 0 0 0 0 0 0 0 0 0 0 0 0 0 0 0 0 0 0 0 0 0 0 0 0 0 0 0 0 0 0 0 0 0 0 0 0 0 0 0 0 0 0 0 0 0 0 0 0 0 0 0 0 0 0 0 0 0 0 0 0 0 0 0 0 0 0 0 0 0 0 0 0 0 0 0 0 0 0 0 0 0 0 0 0 0 0 0 0 0 0 0 0 0 0 0 0 0 0 0 0 0 0 0 0 0 0 0 0 0 0 0 0 0 0 0 0 0 0 0 0 0 0 0 0 0 0 0 0 0 0 0 0 0 0 0 0 0 0 0 0 0 0 0 0 0 0 0 0 0 0 0 0 0 0 0 0 0 0 0 0 0 0 0 0 0 0 0 0 0 0 0 0 0 0 0 0 0 0 0 0 0 0 0 0 0 0 0 0 0 0 0 0 0 0 0 0 0 0 0 0 0 0 0 0 0 0 0 0 0 0 0 0 0 0 0 0 0 0 0 0 0 0 0 0 0 0 0 0 0 0 0 0 0 0 0 0 0 0 0 0 0 0 0 0 0 0 0 0 0 0 0 0 0 0 0 0 0 0 0 0 0 0 0 0 0 0 0 0 0 0 0 0 0 0 0 0 0 0 0 0 0 0 0 0 0 0 0 0 0 0 0 0 0 0 0 0 0 0 0 0 0 0 0 0 0 0 0 0 0 0 0 0 0 0 0 0 0 0 0 0 0 0 0 0 0 0 0 0 0 0 0 0 0 0 0 0 0 0 0 0 0 0 0 0 0 0 0 0 0 0 0 0 0 0 0 0 0 0 0 0 0 0 0 0 0 0 0 0 0 0 0 0 0 0 0 0 0 0 0 0 0 0 0 0 0 0 0 0 0 0 0 0 0 0 0 0 0 0 0 0 0 0 0 0 0 0 0 0 0 0 0 0 0 0 0 0 0 0 0 0 0 0 0 0 0 0 0 0 0 0 0 0 0 0 0 0 0 0 0 0 0 0 0 0 0 0 0 0 0 0 0 0 0 0 0 0 0 0 0 0 0 0 0 0 0 0 0 0 0 0 0 0 0 0 0 0 0 0 0 0 0 0 0 0 0 0 0 0 0 0 0 0 0 0 0 0 0 0 0 0 0 0 0 0 0 0 0 0 0 0 0 0 0 0 0 0 0 0 0 0 0 0 0 0 0 0 0 0 0 0 0 0 0 0 0 0 0 0 0 0 0 0 0 0 0 0 0 0 0 0 0 0 0 0 0 0 0 0 0 0 0 0 0 0 0 0 0 0 0 0 0 0 0 0 0 0 0 0 0 0 0 0 0 0 0 0 0 0 0 0 0 0 0 0 0 0 0 0 0 0 0 0 0 0 0 0 0 0 0 0 0 0 0 0 0 0 0 0 0 0 0 0 0 0 0 0 0 0 0 0 0 0 0 0 0 0 0 0 0 0 0 0 0 0 0 0 0 0 0 0 0 0 0 0 0 0 0 0 0 0 0 0 0 0 0 0 0 0 0 0 0 0 0 0 0 0 0 0 0 0 0 0 0 0 0 0 0 0 0 0 0 0 0 0 0 0 0 0 0 0 0 0 0 0 0 0 0 0 0 0 0 0 0 0 0 0 0 0 0 0 0 0 0 0 0 0 0 0 0 0 0 0 0 0 0 0 0 0 0 0 0 0 0 0 0 0 0 0 0 0 0 0 0 0 0 0 0 0 0 0 0 0 0 0 0 0 0 0 0 0 0 0 0 0 0 0 0 0 0 0 0 0 0 0 0 0 0 0 0 0 0 0 0 0 0 0 0 0 0 0 0 0 0 0 0 0 0 0 0 0 0 0 0 0 0 0 0 0 0 0 0 0 0 0 0 0 0 0 0 0 0 0 0 0 0 0 0 0 0 0 0 0 0 0 0 0 0 0 0 0 0 0 0 0 0 0 0 0 0 0 0 0 0 0 0 0 0 0 0 0 0 0 0 0 0 0 0 0 0 0 0 0 0 0 0 0 0 0 0 0 0 0 0 0 0 0 0 0 0 0 0 0 0 0 0 0 0 0 0 0 0 0 0 0 0 0 0 0 0 0 0 0 0 0 0 0 0 0 0 0 0 0 0 0 0 0 0 0 0 0 0 0 0 0 0 0 0 0 0 0 0 0 0 0 0 0 0 0 0 0 0 0 0 0 0 0 0 0 0 0 0 0 0 0 0 0 0 0 0 0 0 0 0 0 0 0 0 0 0 0 0 0 0 0 0 0 0 0 0 0 0 0 0 0 0 0 0 0 0 0 0 0 0 0 0 0 0 0 0 0 0 0 0 0 0 0 0 0 0 0 0 0 0 0 0 0 0 0 0 0 0 0 0 0 0 0 0 0 0 0 0 0 0 0 0 0 0 0 0 0 0 0 0 0 0 0 0 0 0 0 0 0 0 0 0 0 0 0 0 0 0 0 0 0 0 0 0 0 0 0 0 0 0 0 0 0 0 0 0 0 0 0 0 0 0 0 0 0 0 0 0 0 0 0 0 0 0 0 0 0 0 0 0 0 0 0 0 0 0 0 0 0 0 0 0 0 0 0 0 0 0 0 0 0 0 0 0 0 0 0 0 0 0 0 0 0 0 0 0 0 0 0 0 0 0 0 0 0 0 0 0 0 0 0 0 0 0 0 0 0 0 0 0 0 0 0 0 0 0 0 0 0 0 0 0 0 0 0 0 0 0 0 0 0 0 0 0 0 0 0 0 0 0 0 0 0 0 0 0 0 0 0 0 0 0 0 0 0 0 0 0 0 0 0 0 0 0 0 0 0 0 0 0 0 0 0 0 0 0 0 0 0 0 0 0 0 0 0 0 0 0 0 0 0 0 0 0 0 0 0 0 0 0 0 0 0 0 0 0 0 0 0 0 0 0 0 0 0 0 0 0 0 0 0 0 0 0 0 0 0 0 0 0 0 0 0 0 0 0 0 0 0 0 0 0 0 0 0 0 0 0 0 0 0 0 0 0 0 0 0 0 0 0 0 0 0 0 0 0 0 0 0 0 0 0 0 0 0 0 0 0 0 0 0 0 0 0 0 0 0 0 0 0 0 0 0 0 0 0 0 0 0 0 0 0 0 0 0 0 0 0 0 0 0 0 0 0 0 0 0 0 0 0 0 0 0 0 0 0 0 0 0 0 0 0 0 0 0 0 0 0 0 0 0 0 0 0 0 0 0 0 0 0 0 0 0 0 0 0 0 0 0 0 0 0 0 0 0 0 0 0 0 0 0 0 0 0 0 0 0 0 0 0 0 0 0 0 0 0 0 0 0 0 0 0 0 0 0 0 0 0 0 0 0 0 0 0 0 0 0 0 0 0 0 0 0 0 0 0 0 0 0 0 0 0 0 0 0 0 0 0 0 0 0 0 0 0 0 0 0 0 0 0 0 0 0 0 0 0 0 0 0 0 0 0 0 0 0 0 0 0 0 0 0 0 0 0 0 0 0 0 0 0 0 0 0 0 0 0 0 0 0 0 0 0 0 0 0 0 0 0 0 0 0 0 0 0 0 0 0 0 0 0 0 0 0 0 0 0 0 0 0 0 0 0 0 0 0 0 0 0 0 0 0 0 0 0 0 0 0 0 0 0 0 0 0 0 0 0 0 0 0 0 0 0 0 0 0 0 0 0 0 0 0 0 0 0 0 0 0 0 0 0 0 0 0 0 0 0 0 0 0 0 0 0 0 0 0 0 0 0 0 0 0 0 0 0 0 0 0 0 0 0 0 0 0 0 0 0 0 0 0 0 0 0 0 0 0 0 0 0 0 0 0 0 0 0 0 0 0 0 0 0 0 0 0 0 0 0 0 0 0 0 0 0 0 0 0 0 0 0 0 0 0 0 0 0 0 0 0 0 0 0 0 0 0 0 0 0 0 0 0 0 0 0 0 0 0 0 0 0 0 0 0 0 0 0 0 0 0 0 0 0 0 0 0 0 0 0 0 0 0 0 0 0 0 0 0 0 0 0 0 0 0 0 0 0 0 0 0 0 0 0 0 0 0 0 0 0 0 0 0 0 0 0 0 0 0 0 0 0 0 0 0 0 0 0 0 0 0 0 0 0 0 0 0 0 0 0 0 0 0 0 0 0 0 0 0 0 0 0 0 0 0 0 0 0 0 0 0 0 0 0 0 0 0 0 0 0 0 0 0 0 0 0 0 0 0 0 0 0 0 0 0 0 0 0 0 0 0 0 0 0 0 0 0 0 0 0 0 0 0 0 0 0 0 0 0 0 0 0 0 0 0 0 0 0 0 0 0 0 0 0 0 0 0 0 0 0 0 0 0 0 0 0 0 0 0 0 0 0 0 0 0 0 0 0 0 0 0 0 0 0 0 0 0 0 0 0 0 0 0 0 0 0 0 0 0 0 0 0 0 0 0 0 0 0 0 0 0 0 0 0 0 0 0 0 0 0 0 0 0 0 0 0 0 0 0 0 0 0 0 0 0 0 0 0 0 0 0 0 0 0 0 0 0 0 0 0 0 0 0 0 0 0 0 0 0 0 0 0 0 0 0 0 0 0 0 0 0 0 0 0 0 0 0 0 0 0 0 0 0 0 0 0 0 0 0 0 0 0 0 0 0 0 0 0 0 0 0 0 0 0 0 0 0 0 0 0 0 0 0 0 0 0 0 0 0 0 0 0 0 0 0 0 0 0 0 0 0 0 0 0 0 0 0 0 0 0 0 0 0 0 0 0 0 0 0 0 0 0 0 0 0 0 0 0 0 0 0 0 0 0 0 0 0 0 0 0 0 0 0 0 0 0 0 0 0 0 0 0 0 0 0 0 0 0 0 0 0 0 0 0 0 0 0 0 0 0 0 0 0 0 0 0 0 0 0 0 0 0 0 0 0 0 0 0 0 0 0 0 0 0 0 0 0 0 0 0 0 0 0 0 0 0 0 0 0 0 0 0 0 0 0 0 0 0 0 0 0 0 0 0 0 0 0 0 0 0 0 0 0 0 0 0 0 0 0 0 0 0 0 0 0 0 0 0 0 0 0 0 0 0 0 0 0 0 0 0 0 0 0 0 0 0 0 0 0 0 0 0 0 0 0 0 0 0 0 0 0 0 0 0 0 0 0 0 0 0 0 0 0 0 0 0 0 0 0 0 0 0 0 0 0 0 0 0 0 0 0 0 0 0 0 0 0 0 0 0 0 0 0 0 0 0 0 0 0 0 0 0 0 0 0 0 0 0 0 0 0 0 0 0 0 0 0 0 0 0 0 0 0 0 0 0 0 0 0 0 0 0 0 0 0 0 0 0 0 0 0 0 0 0 0 0 0 0 0 0 0 0 0 0 0 0 0 0 0 0 0 0 0 0 0 0 0 0 0 0 0 0 0 0 0 0 0 0 0 0 0 0 0 0 0 0 0 0 0 0 0 0 0 0 0 0 0 0 0 0 0 0 0 0 0 0 0 0 0 0 0 0 0 0 0 0 0 0 0 0 0 0 0 0 0 0 0 0 0 0 0 0 0 0 0 0 0 0 0 0 0 0 0 0 0 0 0 0 0 0 0 0 0 0 0 0 0 0 0 0 0 0 0 0 0 0 0 0 0 0 0 0 0 0 0 0 0 0 0 0 0 0 0 0 0 0 0 0 0 0 0 0 0 0 0 0 0 0 0 0 0 0 0 0 0 0 0 0 0 0 0 0 0 0 0 0 0 0 0 0 0 0 0 0 0 0 0 0 0 0 0 0 0 0 0 0 0 0 0 0 0 0 0 0 0 0 0 0 0 0 0 0 0 0 0 0 0 0 0 0 0 0 0 0 0 0 0 0 0 0 0 0 0 0 0 0 0 0 0 0 0 0 0 0 0 0 0 0 0 0 0 0 0 0 0 0 0 0 0 0 0 0 0 0 0 0 0 0 0 0 0 0 0 0 0 0 0 0 0 0 0 0 0 0 0 0 0 0 0 0 0 0 0 0 0 0 0 0 0 0 0 0 0 0 0 0 0 0 0 0 0 0 0 0 0 0 0 0 0 0 0 0 0 0 0 0 0 0 0 0 0 0 0 0 0 0 0 0 0 0 0 0 0 0 0 0 0 0 0 0 0 0 0 0 0 0 0 0 0 0 0 0 0 0 0 0 0 0 0 0 0 0 0 0 0 0 0 0 0 0 0 0 0 0 0 0 0 0 0 0 0 0 0 0 0 0 0 0 0 0 0 0 0 0 0 0 0 0 0 0 0 0 0 0 0 0 0 0 0 0 0 0 0 0 0 0 0 0 0 0 0 0 0 0 0 0 0 0 0 0 0 0 0 0 0 0 0 0 0 0 0 0 0 0 0 0 0 0 0 0 0 0 0 0 0 0 0 0 0 0 0 0 0 0 0 0 0 0 0 0 0 0 0 0 0 0 0 0 0 0 0 0 0 0 0 0 0 0 0 0 0 0 0 0 0 0 0 0 0 0 0 0 0 0 0 0 0 0 0 0 0 0 0 0 0 0 0 0 0 0 0 0 0 0 0 0 0 0 0 0 0 0 0 0 0 0 0 0 0 0 0 0 0 0 0 0 0 0 0 0 0 0 0 0 0 0 0 0 0 0 0 0 0 0 0 0 0 0 0 0 0 0 0 0 0 0 0 0 0 0 0 0 0 0 0 0 0 0 0 0 0 0 0 0 0 0 0 0 0 0 0 0 0 0 0 0 0 0 0 0 0 0 0 0 0 0 0 0 0 0 0 0 0 0 0 0 0 0 0 0 0 0 0 0 0 0 0 0 0 0 0 0 0 0 0 0 0 0 0 0 0 0 0 0 0 0 0 0 0 0 0 0 0 0 0 0 0 0 0 0 0 0 0 0 0 0 0 0 0 0 0 0 0 0 0 0 0 0 0 0 0 0 0 0 0 0 0 0 0 0 0 0 0 0 0 0 0 0 0 0 0 0 0 0 0 0 0 0 0 0 0 0 0 0 0 0 0 0 0 0 0 0 0 0 0 0 0 0 0 0 0 0 0 0 0 0 0 0 0 0 0 0 0 0 0 0 0 0 0 0 0 0 0 0 0 0 0 0 0 0 0 0 0 0 0 0 0 0 0 0 0 0 0 0 0 0 0 0 0 0 0 0 0 0 0 0 0 0 0 0 0 0 0 0 0 0 0 0 0 0 0 0 0 0 0 0 0 0 0 0 0 0 0 0 0 0 0 0 0 0 0 0 0 0 0 0 0 0 0 0 0 0 0 0 0 0 0 0 0 0 0 0 0 0 0 0 0 0 0 0 0 0 0 0 0 0 0 0 0 0 0 0 0 0 0 0 0 0 0 0 0 0 0 0 0 0 0 0 0 0 0 0 0 0 0 0 0 0 0 0 0 0 0 0 0 0 0 0 0 0 0 0 0 0 0 0 0 0 0 0 0 0 0 0 0 0 0 0 0 0 0 0 0 0 0 0 0 0 0 0 0 0 0 0 0 0 0 0 0 0 0 0 0 0 0 0 0 0 0 0 0 0 0 0 0 0 0 0 0 0 0 0 0 0 0 0 0 0 0 0 0 0 0 0 0 0 0 0 0 0 0 0 0 0 0 0 0 0 0 0 0 0 0 0 0 0 0 0 0 0 0 0 0 0 0 0 0 0 0 0 0 0 0 0 0 0 0 0 0 0 0 0 0 0 0 0 0 0 0 0 0 0 0 0 0 0 0 0 0 0 0 0 0 0 0 0 0 0 0 0 0 0 0 0 0 0 0 0 0 0 0 0 0 0 0 0 0 0 0 0 0 0 0 0 0 0 0 0 0 0 0 0 0 0 0 0 0 0 0 0 0 0 0 0 0 0 0 0 0 0 0 0 0 0 0 0 0 0 0 0 0 0 0 0 0 0 0 0 0 0 0 0 0 0 0 0 0 0 0 0 0 0 0 0 0 0 0 0 0 0 0 0 0 0 0 0 0 0 0 0 0 0 0 0 0 0 0 0 0 0 0 0 0 0 0 0 0 0 0 0 0 0 0 0 0 0 0 0 0 0 0 0 0 0 0 0 0 0 0 0 0 0 0 0 0 0 0 0 0 0 0 0 0 0 0 0 0 0 0 0 0 0 0 0 0 0 0 0 0 0 0 0 0 0 0 0 0 0</float_array>
          <technique_common>
            <accessor source="#shape0_002-mesh-map-0-array" count="2208" stride="2">
              <param name="S" type="float"/>
              <param name="T" type="float"/>
            </accessor>
          </technique_common>
        </source>
        <vertices id="shape0_002-mesh-vertices">
          <input semantic="POSITION" source="#shape0_002-mesh-positions"/>
        </vertices>
        <triangles count="736">
          <input semantic="VERTEX" source="#shape0_002-mesh-vertices" offset="0"/>
          <input semantic="NORMAL" source="#shape0_002-mesh-normals" offset="1"/>
          <input semantic="TEXCOORD" source="#shape0_002-mesh-map-0" offset="2" set="0"/>
          <p>1 0 0 3 0 1 0 0 2 2 1 3 3 1 4 1 1 5 3 2 6 4 2 7 5 2 8 5 2 9 0 2 10 3 2 11 5 3 12 1 3 13 0 3 14 5 4 15 8 4 16 1 4 17 6 5 18 2 5 19 1 5 20 1 6 21 8 6 22 6 6 23 3 7 24 2 7 25 6 7 26 6 7 27 4 7 28 3 7 29 16 8 30 22 8 31 51 8 32 40 9 33 20 9 34 16 9 35 39 10 36 40 10 37 15 10 38 75 11 39 9 11 40 35 11 41 11 12 42 9 12 43 12 12 44 11 13 45 35 13 46 9 13 47 13 14 48 9 14 49 10 14 50 9 15 51 75 15 52 4 15 53 5 16 54 4 16 55 75 16 56 5 17 57 75 17 58 38 17 59 9 12 60 6 12 61 8 12 62 14 14 63 15 14 64 16 14 65 16 12 66 51 12 67 17 12 68 7 12 69 15 12 70 17 12 71 17 12 72 51 12 73 7 12 74 40 18 75 18 18 76 20 18 77 83 19 78 20 19 79 19 19 80 48 20 81 51 20 82 21 20 83 21 21 84 25 21 85 48 21 86 22 22 87 21 22 88 51 22 89 16 23 90 23 23 91 22 23 92 20 24 93 24 24 94 23 24 95 20 25 96 25 25 97 24 25 98 23 26 99 16 26 100 20 26 101 25 27 102 20 27 103 47 27 104 26 28 105 20 28 106 83 28 107 26 29 108 47 29 109 20 29 110 10 12 111 9 12 112 27 12 113 27 30 114 9 30 115 8 30 116 51 31 117 12 31 118 10 31 119 51 12 120 10 12 121 28 12 122 29 32 123 50 32 124 30 32 125 11 33 126 31 33 127 35 33 128 50 34 129 29 34 130 11 34 131 30 35 132 32 35 133 33 35 134 109 36 135 107 36 136 108 36 137 34 37 138 33 37 139 32 37 140 130 38 141 128 38 142 129 38 143 72 39 144 15 39 145 37 39 146 7 12 147 38 12 148 37 12 149 37 12 150 15 12 151 7 12 152 42 40 153 40 40 154 41 40 155 43 41 156 44 41 157 42 41 158 44 42 159 43 42 160 83 42 161 83 43 162 43 43 163 45 43 164 45 44 165 46 44 166 84 44 167 45 45 168 84 45 169 83 45 170 85 46 171 84 46 172 46 46 173 47 47 174 85 47 175 46 47 176 48 48 177 47 48 178 46 48 179 11 49 180 49 49 181 50 49 182 49 14 183 11 14 184 51 14 185 42 50 186 41 50 187 43 50 188 39 51 189 41 51 190 40 51 191 36 52 192 75 52 193 35 52 194 33 53 195 29 53 196 30 53 197 7 54 198 27 54 199 8 54 200 28 14 201 7 14 202 51 14 203 25 55 204 47 55 205 48 55 206 19 56 207 44 56 208 83 56 209 8 12 210 5 12 211 38 12 212 4 12 213 6 12 214 9 12 215 12 12 216 13 12 217 10 12 218 15 57 219 72 57 220 39 57 221 8 58 222 38 58 223 7 58 224 16 59 225 15 59 226 40 59 227 51 12 228 11 12 229 12 12 230 52 60 231 53 60 232 9 60 233 53 61 234 12 61 235 9 61 236 52 2 237 9 2 238 13 2 239 13 62 240 53 62 241 52 62 242 13 63 243 12 63 244 53 63 245 54 64 246 15 64 247 14 64 248 14 65 249 77 65 250 54 65 251 55 66 252 77 66 253 16 66 254 77 67 255 14 67 256 16 67 257 17 68 258 56 68 259 55 68 260 55 68 261 16 68 262 17 68 263 56 7 264 17 7 265 15 7 266 15 69 267 54 69 268 56 69 269 55 70 270 56 70 271 77 70 272 56 71 273 54 71 274 77 71 275 57 68 276 28 68 277 10 68 278 58 72 279 57 72 280 27 72 281 57 73 282 10 73 283 27 73 284 27 2 285 7 2 286 58 2 287 7 74 288 57 74 289 58 74 290 7 75 291 28 75 292 57 75 293 51 76 294 48 76 295 97 76 296 51 77 297 97 77 298 59 77 299 61 78 300 46 78 301 45 78 302 46 79 303 61 79 304 60 79 305 64 80 306 62 80 307 41 80 308 62 81 309 63 81 310 43 81 311 63 82 312 61 82 313 45 82 314 64 83 315 41 83 316 39 83 317 45 84 318 43 84 319 63 84 320 43 85 321 41 85 322 62 85 323 65 86 324 64 86 325 39 86 326 36 87 327 67 87 328 66 87 329 68 88 330 69 88 331 30 88 332 69 89 333 67 89 334 36 89 335 50 90 336 70 90 337 68 90 338 36 91 339 32 91 340 69 91 341 32 92 342 30 92 343 69 92 344 30 93 345 50 93 346 68 93 347 49 94 348 71 94 349 50 94 350 50 95 351 71 95 352 70 95 353 37 96 354 74 96 355 72 96 356 72 97 357 74 97 358 73 97 359 75 98 360 76 98 361 87 98 362 38 99 363 75 99 364 87 99 365 78 100 366 80 100 367 23 100 368 79 101 369 78 101 370 24 101 371 81 102 372 79 102 373 25 102 374 80 103 375 81 103 376 21 103 377 21 104 378 22 104 379 80 104 380 25 105 381 21 105 382 81 105 383 24 106 384 25 106 385 79 106 386 23 107 387 24 107 388 78 107 389 22 108 390 23 108 391 80 108 392 80 109 393 78 109 394 81 109 395 78 110 396 79 110 397 81 110 398 86 111 399 85 111 400 47 111 401 26 112 402 83 112 403 82 112 404 47 113 405 26 113 406 86 113 407 26 114 408 82 114 409 86 114 410 82 115 411 83 115 412 86 115 413 83 116 414 84 116 415 86 116 416 84 117 417 85 117 418 86 117 419 87 118 420 76 118 421 89 118 422 88 119 423 87 119 424 89 119 425 65 120 426 91 120 427 90 120 428 91 121 429 65 121 430 73 121 431 75 122 432 66 122 433 76 122 434 90 123 435 66 123 436 65 123 437 73 124 438 65 124 439 72 124 440 89 125 441 66 125 442 90 125 443 65 126 444 39 126 445 72 126 446 76 127 447 66 127 448 89 127 449 73 128 450 92 128 451 91 128 452 75 129 453 36 129 454 66 129 455 74 130 456 93 130 457 92 130 458 92 131 459 73 131 460 74 131 461 94 132 462 91 132 463 92 132 464 95 133 465 94 133 466 93 133 467 37 134 468 88 134 469 93 134 470 88 135 471 37 135 472 87 135 473 87 136 474 37 136 475 38 136 476 93 137 477 88 137 478 95 137 479 93 68 480 74 68 481 37 68 482 94 138 483 92 138 484 93 138 485 88 139 486 89 139 487 95 139 488 95 140 489 89 140 490 90 140 491 95 141 492 90 141 493 94 141 494 90 142 495 91 142 496 94 142 497 59 143 498 97 143 499 96 143 500 98 144 501 99 144 502 96 144 503 96 145 504 97 145 505 98 145 506 103 146 507 29 146 508 33 146 509 100 147 510 33 147 511 34 147 512 102 148 513 31 148 514 11 148 515 102 149 516 11 149 517 29 149 518 35 150 519 31 150 520 104 150 521 104 151 522 31 151 523 105 151 524 106 152 525 34 152 526 104 152 527 104 153 528 34 153 529 35 153 530 29 154 531 103 154 532 102 154 533 31 155 534 102 155 535 105 155 536 34 156 537 106 156 538 101 156 539 34 157 540 101 157 541 100 157 542 33 158 543 100 158 544 103 158 545 104 159 546 105 159 547 106 159 548 102 160 549 103 160 550 107 160 551 102 161 552 107 161 553 108 161 554 109 162 555 100 162 556 101 162 557 101 163 558 106 163 559 109 163 560 106 164 561 108 164 562 109 164 563 108 165 564 105 165 565 102 165 566 103 166 567 100 166 568 109 166 569 106 12 570 105 12 571 108 12 572 109 167 573 107 167 574 103 167 575 108 168 576 107 168 577 113 168 578 109 169 579 108 169 580 113 169 581 107 170 582 109 170 583 110 170 584 111 171 585 110 171 586 109 171 587 113 172 588 111 172 589 109 172 590 110 173 591 113 173 592 107 173 593 112 174 594 113 174 595 110 174 596 112 175 597 110 175 598 120 175 599 113 176 600 112 176 601 115 176 602 111 177 603 113 177 604 114 177 605 111 178 606 118 178 607 119 178 608 110 179 609 111 179 610 119 179 611 119 180 612 120 180 613 110 180 614 114 181 615 118 181 616 111 181 617 115 182 618 114 182 619 113 182 620 120 183 621 115 183 622 112 183 623 115 184 624 116 184 625 114 184 626 116 185 627 117 186 628 114 187 629 118 188 630 114 188 631 117 188 632 124 189 633 18 189 634 40 189 635 121 190 636 40 190 637 42 190 638 122 191 639 42 191 640 44 191 641 123 192 642 44 192 643 19 192 644 127 193 645 18 193 646 124 193 647 127 194 648 20 194 649 18 194 650 126 195 651 19 195 652 125 195 653 125 196 654 19 196 655 20 196 656 20 197 657 127 197 658 125 197 659 19 198 660 126 198 661 123 198 662 44 199 663 123 199 664 122 199 665 42 200 666 122 200 667 121 200 668 40 201 669 121 201 670 124 201 671 124 202 672 126 202 673 125 202 674 125 203 675 127 203 676 124 203 677 123 204 678 126 204 679 128 204 680 122 205 681 128 205 682 129 205 683 126 206 684 130 206 685 128 206 686 121 207 687 122 207 688 129 207 689 128 208 690 122 208 691 123 208 692 130 209 693 124 209 694 121 209 695 126 210 696 124 210 697 130 210 698 129 211 699 130 211 700 121 211 701 128 212 702 130 212 703 132 212 704 129 213 705 128 213 706 133 213 707 130 214 708 129 214 709 131 214 710 131 215 711 132 215 712 130 215 713 133 216 714 131 216 715 129 216 716 132 217 717 133 217 718 128 217 719 131 218 720 133 218 721 134 218 722 133 219 723 132 219 724 140 219 725 134 220 726 133 220 727 135 220 728 134 221 729 135 221 730 136 221 731 131 222 732 134 222 733 136 222 734 131 223 735 136 223 736 137 223 737 132 224 738 131 224 739 137 224 740 137 225 741 138 225 742 132 225 743 140 226 744 135 226 745 133 226 746 138 227 747 140 227 748 132 227 749 140 228 750 138 228 751 139 228 752 99 229 753 141 229 754 142 229 755 59 230 756 96 230 757 99 230 758 71 231 759 142 231 760 146 231 761 99 232 762 71 232 763 59 232 764 49 233 765 51 233 766 59 233 767 146 234 768 259 234 769 71 234 770 59 235 771 71 235 772 49 235 773 142 236 774 71 236 775 99 236 776 143 237 777 144 237 778 142 237 779 142 238 780 144 238 781 146 238 782 142 239 783 145 239 784 143 239 785 142 240 786 148 240 787 145 240 788 147 241 789 143 241 790 145 241 791 147 242 792 145 242 793 148 242 794 148 243 795 159 243 796 147 243 797 148 244 798 155 244 799 159 244 800 149 245 801 150 245 802 148 245 803 148 246 804 141 246 805 149 246 806 157 247 807 156 247 808 150 247 809 150 248 810 149 248 811 157 248 812 148 249 813 142 249 814 141 249 815 156 250 816 151 250 817 150 250 818 148 251 819 151 251 820 152 251 821 152 252 822 151 252 823 154 252 824 152 253 825 153 253 826 148 253 827 155 254 828 148 254 829 153 254 830 150 255 831 151 255 832 148 255 833 157 256 834 158 256 835 156 256 836 158 257 837 169 257 838 163 257 839 158 258 840 163 258 841 160 258 842 160 259 843 156 259 844 158 259 845 161 260 846 156 260 847 162 260 848 160 261 849 162 261 850 156 261 851 162 262 852 164 262 853 161 262 854 171 263 855 161 263 856 164 263 857 164 264 858 170 264 859 171 264 860 160 265 861 163 265 862 165 265 863 164 266 864 167 266 865 163 266 866 164 267 867 162 267 868 168 267 869 162 268 870 160 268 871 166 268 872 166 269 873 168 269 874 162 269 875 168 270 876 167 270 877 164 270 878 167 271 879 165 271 880 163 271 881 165 272 882 166 272 883 160 272 884 164 273 885 163 273 886 170 273 887 170 274 888 163 274 889 169 274 890 158 275 891 178 275 892 169 275 893 149 276 894 178 276 895 157 276 896 157 277 897 178 277 898 158 277 899 169 278 900 178 278 901 170 278 902 170 279 903 174 279 904 172 279 905 172 280 906 171 280 907 170 280 908 173 281 909 152 281 910 172 281 911 172 282 912 152 282 913 154 282 914 161 283 915 154 283 916 156 283 917 156 284 918 154 284 919 151 284 920 172 285 921 154 285 922 171 285 923 171 286 924 154 286 925 161 286 926 174 287 927 176 287 928 175 287 929 173 288 930 172 288 931 174 288 932 174 289 933 175 289 934 173 289 935 177 290 936 176 290 937 178 290 938 170 291 939 178 291 940 174 291 941 174 292 942 178 292 943 176 292 944 98 293 945 179 293 946 178 293 947 98 294 948 180 295 949 179 295 950 178 296 951 149 296 952 98 296 953 99 297 954 98 297 955 149 297 956 149 298 957 141 298 958 99 298 959 181 299 960 179 299 961 182 299 962 182 300 963 179 300 964 180 300 965 46 301 966 60 301 967 97 301 968 97 302 969 60 302 970 98 302 971 98 303 972 60 303 973 182 303 974 182 304 975 180 304 976 98 304 977 182 305 978 60 305 979 181 305 980 97 306 981 48 306 982 46 306 983 183 307 984 179 307 985 181 307 986 181 308 987 184 308 988 183 308 989 185 309 990 147 309 991 159 309 992 186 310 993 147 310 994 185 310 995 187 311 996 147 311 997 186 311 998 186 312 999 191 312 1000 190 312 1001 190 313 1002 187 313 1003 186 313 1004 188 314 1005 143 314 1006 190 314 1007 190 315 1008 143 315 1009 187 315 1010 187 316 1011 143 316 1012 147 316 1013 191 317 1014 189 317 1015 188 317 1016 188 318 1017 190 318 1018 191 318 1019 155 319 1020 153 319 1021 186 319 1022 186 320 1023 153 320 1024 191 320 1025 191 321 1026 153 321 1027 189 321 1028 186 322 1029 185 322 1030 159 322 1031 159 323 1032 155 323 1033 186 323 1034 144 324 1035 143 324 1036 192 324 1037 220 325 1038 144 325 1039 192 325 1040 192 326 1041 143 326 1042 188 326 1043 184 327 1044 181 327 1045 195 327 1046 181 328 1047 194 328 1048 195 328 1049 193 329 1050 196 329 1051 195 329 1052 195 330 1053 194 330 1054 193 330 1055 196 331 1056 184 331 1057 195 331 1058 197 332 1059 198 332 1060 199 332 1061 200 7 1062 197 7 1063 201 7 1064 202 333 1065 200 333 1066 203 333 1067 204 334 1068 193 334 1069 194 334 1070 199 335 1071 198 335 1072 205 335 1073 205 336 1074 207 336 1075 199 336 1076 194 337 1077 202 337 1078 204 337 1079 203 338 1080 204 338 1081 202 338 1082 201 7 1083 203 7 1084 200 7 1085 199 339 1086 201 339 1087 197 339 1088 205 340 1089 206 340 1090 207 340 1091 64 341 1092 65 341 1093 205 341 1094 194 342 1095 181 342 1096 61 342 1097 70 343 1098 71 343 1099 208 343 1100 66 344 1101 67 344 1102 211 344 1103 181 345 1104 60 345 1105 61 345 1106 71 346 1107 259 346 1108 208 346 1109 208 347 1110 213 347 1111 68 347 1112 205 348 1113 198 348 1114 64 348 1115 198 12 1116 197 12 1117 62 12 1118 202 349 1119 194 349 1120 61 349 1121 68 350 1122 70 350 1123 208 350 1124 209 351 1125 210 351 1126 69 351 1127 210 352 1128 211 352 1129 67 352 1130 212 353 1131 206 353 1132 65 353 1133 65 354 1134 206 354 1135 205 354 1136 62 355 1137 64 355 1138 198 355 1139 197 356 1140 200 356 1141 63 356 1142 200 357 1143 202 357 1144 63 357 1145 213 358 1146 209 358 1147 69 358 1148 67 359 1149 69 359 1150 210 359 1151 63 360 1152 62 360 1153 197 360 1154 61 361 1155 63 361 1156 202 361 1157 65 362 1158 66 362 1159 212 362 1160 69 363 1161 68 363 1162 213 363 1163 211 364 1164 212 364 1165 66 364 1166 212 365 1167 211 365 1168 214 365 1169 209 366 1170 213 366 1171 216 366 1172 210 367 1173 209 367 1174 217 367 1175 218 368 1176 214 368 1177 211 368 1178 215 369 1179 213 369 1180 208 369 1181 208 370 1182 219 370 1183 215 370 1184 211 371 1185 210 371 1186 218 371 1187 217 372 1188 218 372 1189 210 372 1190 216 373 1191 217 373 1192 209 373 1193 215 374 1194 216 374 1195 213 374 1196 208 375 1197 259 375 1198 220 375 1199 220 376 1200 219 376 1201 208 376 1202 189 377 1203 153 377 1204 222 377 1205 223 378 1206 152 378 1207 229 378 1208 231 379 1209 223 379 1210 229 379 1211 221 380 1212 153 380 1213 152 380 1214 223 381 1215 221 381 1216 152 381 1217 221 382 1218 222 382 1219 153 382 1220 222 383 1221 224 383 1222 189 383 1223 173 384 1224 230 384 1225 229 384 1226 229 385 1227 152 385 1228 173 385 1229 221 386 1230 223 386 1231 226 386 1232 222 387 1233 221 387 1234 227 387 1235 227 388 1236 228 388 1237 222 388 1238 226 389 1239 227 389 1240 221 389 1241 225 390 1242 226 390 1243 223 390 1244 230 391 1245 231 391 1246 229 391 1247 222 392 1248 228 392 1249 232 392 1250 233 373 1251 234 373 1252 232 373 1253 232 393 1254 228 393 1255 233 393 1256 232 394 1257 224 394 1258 222 394 1259 235 395 1260 225 395 1261 236 395 1262 223 396 1263 231 396 1264 236 396 1265 236 397 1266 225 397 1267 223 397 1268 236 7 1269 237 7 1270 235 7 1271 237 398 1272 236 398 1273 241 398 1274 241 399 1275 240 399 1276 237 399 1277 240 400 1278 241 400 1279 239 400 1280 240 401 1281 239 401 1282 238 401 1283 247 402 1284 248 402 1285 246 402 1286 250 403 1287 251 403 1288 248 403 1289 248 404 1290 247 404 1291 250 404 1292 249 405 1293 251 405 1294 250 405 1295 254 406 1296 257 406 1297 258 406 1298 257 407 1299 256 407 1300 255 407 1301 255 408 1302 258 408 1303 257 408 1304 232 409 1305 234 409 1306 255 409 1307 255 410 1308 256 410 1309 232 410 1310 144 411 1311 220 411 1312 259 411 1313 259 412 1314 146 412 1315 144 412 1316 178 413 1317 179 413 1318 262 413 1319 262 414 1320 263 414 1321 178 414 1322 179 415 1323 183 415 1324 260 415 1325 183 416 1326 177 416 1327 261 416 1328 178 417 1329 263 417 1330 261 417 1331 261 418 1332 264 418 1333 183 418 1334 261 419 1335 177 419 1336 178 419 1337 183 420 1338 264 420 1339 260 420 1340 260 421 1341 262 421 1342 179 421 1343 265 422 1344 266 422 1345 263 422 1346 263 423 1347 262 423 1348 265 423 1349 267 424 1350 268 424 1351 263 424 1352 266 425 1353 267 425 1354 263 425 1355 261 426 1356 263 426 1357 268 426 1358 268 427 1359 269 427 1360 261 427 1361 269 428 1362 270 428 1363 264 428 1364 264 429 1365 261 429 1366 269 429 1367 260 430 1368 264 430 1369 270 430 1370 262 431 1371 260 431 1372 270 431 1373 270 432 1374 265 432 1375 262 432 1376 274 433 1377 276 433 1378 136 433 1379 136 434 1380 273 434 1381 274 434 1382 276 435 1383 137 435 1384 136 435 1385 276 436 1386 117 436 1387 138 436 1388 117 437 1389 290 437 1390 139 437 1391 290 438 1392 288 438 1393 135 438 1394 288 439 1395 271 439 1396 135 439 1397 138 440 1398 137 440 1399 276 440 1400 135 441 1401 140 441 1402 290 441 1403 276 442 1404 118 442 1405 117 442 1406 118 443 1407 276 443 1408 314 443 1409 297 444 1410 298 444 1411 120 444 1412 120 445 1413 296 445 1414 295 445 1415 273 446 1416 136 446 1417 135 446 1418 290 447 1419 140 447 1420 139 447 1421 135 448 1422 271 448 1423 272 448 1424 314 449 1425 119 449 1426 118 449 1427 119 450 1428 300 450 1429 297 450 1430 298 451 1431 299 451 1432 120 451 1433 295 452 1434 290 452 1435 116 452 1436 120 453 1437 119 453 1438 297 453 1439 115 454 1440 120 454 1441 295 454 1442 116 455 1443 115 455 1444 295 455 1445 139 456 1446 138 456 1447 117 456 1448 119 457 1449 314 457 1450 300 457 1451 120 458 1452 299 458 1453 296 458 1454 290 459 1455 117 459 1456 116 459 1457 135 460 1458 272 460 1459 273 460 1460 275 461 1461 276 461 1462 274 461 1463 278 462 1464 272 462 1465 271 462 1466 279 463 1467 273 463 1468 272 463 1469 286 464 1470 274 464 1471 273 464 1472 279 465 1473 278 465 1474 282 465 1475 286 466 1476 279 466 1477 283 466 1478 277 467 1479 271 467 1480 288 467 1481 288 468 1482 280 468 1483 277 468 1484 316 469 1485 281 469 1486 277 469 1487 284 470 1488 285 470 1489 286 470 1490 282 471 1491 277 471 1492 281 471 1493 280 472 1494 316 472 1495 277 472 1496 283 473 1497 284 473 1498 286 473 1499 282 474 1500 283 474 1501 279 474 1502 277 475 1503 282 475 1504 278 475 1505 273 476 1506 279 476 1507 286 476 1508 272 477 1509 278 477 1510 279 477 1511 271 478 1512 277 478 1513 278 478 1514 288 479 1515 289 479 1516 287 479 1517 288 480 1518 290 480 1519 289 480 1520 292 481 1521 293 481 1522 286 481 1523 286 482 1524 285 482 1525 292 482 1526 293 483 1527 292 483 1528 291 483 1529 286 484 1530 293 484 1531 275 484 1532 275 485 1533 274 485 1534 286 485 1535 314 486 1536 276 486 1537 275 486 1538 275 487 1539 312 487 1540 314 487 1541 290 488 1542 295 488 1543 319 488 1544 319 489 1545 289 489 1546 290 489 1547 319 490 1548 295 490 1549 294 490 1550 294 491 1551 295 491 1552 296 491 1553 303 492 1554 302 492 1555 298 492 1556 302 493 1557 301 493 1558 299 493 1559 301 494 1560 308 494 1561 299 494 1562 302 495 1563 303 495 1564 304 495 1565 301 496 1566 302 496 1567 305 496 1568 303 497 1569 297 497 1570 300 497 1571 306 498 1572 301 498 1573 305 498 1574 296 499 1575 299 499 1576 308 499 1577 308 500 1578 307 500 1579 315 500 1580 307 501 1581 301 501 1582 306 501 1583 303 502 1584 309 502 1585 304 502 1586 301 503 1587 307 503 1588 308 503 1589 304 504 1590 305 504 1591 302 504 1592 299 505 1593 298 505 1594 302 505 1595 298 506 1596 297 506 1597 303 506 1598 313 507 1599 310 507 1600 311 507 1601 310 508 1602 313 508 1603 303 508 1604 313 509 1605 309 509 1606 303 509 1607 303 510 1608 300 510 1609 312 510 1610 312 511 1611 310 511 1612 303 511 1613 300 512 1614 314 512 1615 312 512 1616 251 513 1617 313 513 1618 292 513 1619 246 514 1620 248 514 1621 292 514 1622 292 515 1623 248 515 1624 251 515 1625 251 516 1626 249 516 1627 309 516 1628 285 517 1629 244 517 1630 246 517 1631 246 518 1632 292 518 1633 285 518 1634 244 519 1635 285 519 1636 284 519 1637 249 520 1638 252 520 1639 304 520 1640 284 521 1641 245 521 1642 244 521 1643 258 522 1644 315 522 1645 307 522 1646 309 523 1647 313 523 1648 251 523 1649 283 524 1650 243 524 1651 245 524 1652 282 525 1653 281 525 1654 242 525 1655 307 526 1656 254 526 1657 258 526 1658 306 527 1659 253 527 1660 254 527 1661 305 528 1662 304 528 1663 252 528 1664 245 529 1665 284 529 1666 283 529 1667 242 530 1668 243 530 1669 282 530 1670 238 531 1671 242 531 1672 281 531 1673 240 532 1674 316 532 1675 317 532 1676 235 533 1677 237 533 1678 240 533 1679 254 534 1680 307 534 1681 306 534 1682 252 535 1683 253 535 1684 305 535 1685 243 536 1686 283 536 1687 282 536 1688 316 537 1689 240 537 1690 238 537 1691 240 538 1692 317 538 1693 235 538 1694 253 539 1695 306 539 1696 305 539 1697 281 540 1698 316 540 1699 238 540 1700 304 541 1701 309 541 1702 249 541 1703 318 542 1704 258 542 1705 255 542 1706 255 543 1707 233 543 1708 318 543 1709 258 544 1710 318 544 1711 315 544 1712 255 12 1713 234 12 1714 233 12 1715 315 545 1716 323 545 1717 308 545 1718 294 546 1719 323 546 1720 319 546 1721 308 547 1722 323 547 1723 294 547 1724 294 548 1725 296 548 1726 308 548 1727 318 549 1728 323 549 1729 315 549 1730 319 550 1731 322 550 1732 320 550 1733 321 551 1734 320 551 1735 322 551 1736 322 552 1737 319 552 1738 323 552 1739 322 553 1740 325 553 1741 324 553 1742 322 554 1743 323 554 1744 325 554 1745 323 555 1746 318 555 1747 325 555 1748 328 556 1749 326 556 1750 320 556 1751 320 557 1752 326 557 1753 289 557 1754 289 558 1755 319 558 1756 320 558 1757 320 559 1758 321 559 1759 328 559 1760 280 560 1761 329 560 1762 316 560 1763 288 561 1764 287 561 1765 280 561 1766 326 562 1767 287 562 1768 289 562 1769 287 563 1770 329 563 1771 280 563 1772 329 564 1773 317 564 1774 316 564 1775 327 565 1776 328 565 1777 321 565 1778 321 566 1779 324 566 1780 327 566 1781 321 567 1782 322 567 1783 324 567 1784 287 568 1785 326 568 1786 328 568 1787 287 569 1788 328 569 1789 330 569 1790 328 570 1791 327 570 1792 330 570 1793 329 571 1794 287 571 1795 330 571 1796 317 572 1797 270 572 1798 269 572 1799 331 573 1800 270 573 1801 317 573 1802 269 574 1803 167 574 1804 317 574 1805 269 575 1806 268 575 1807 167 575 1808 265 576 1809 270 576 1810 332 576 1811 268 577 1812 165 577 1813 167 577 1814 318 578 1815 233 578 1816 228 578 1817 331 579 1818 332 579 1819 270 579 1820 267 580 1821 166 580 1822 165 580 1823 331 581 1824 317 581 1825 329 581 1826 324 582 1827 325 582 1828 228 582 1829 228 583 1830 325 583 1831 318 583 1832 327 584 1833 265 584 1834 332 584 1835 227 585 1836 166 585 1837 324 585 1838 227 586 1839 168 586 1840 166 586 1841 327 587 1842 324 587 1843 266 587 1844 268 588 1845 267 588 1846 165 588 1847 329 589 1848 333 589 1849 331 589 1850 166 590 1851 266 590 1852 324 590 1853 166 591 1854 267 591 1855 266 591 1856 324 592 1857 228 592 1858 227 592 1859 168 593 1860 227 593 1861 226 593 1862 266 594 1863 265 594 1864 327 594 1865 167 595 1866 235 595 1867 317 595 1868 226 596 1869 225 596 1870 168 596 1871 225 597 1872 235 597 1873 168 597 1874 167 598 1875 168 598 1876 235 598 1877 333 599 1878 329 599 1879 330 599 1880 327 600 1881 332 600 1882 333 600 1883 333 601 1884 330 601 1885 327 601 1886 332 602 1887 331 602 1888 334 602 1889 335 603 1890 334 603 1891 331 603 1892 335 604 1893 331 604 1894 333 604 1895 335 605 1896 333 605 1897 332 605 1898 334 606 1899 335 606 1900 332 606 1901 310 607 1902 312 607 1903 346 607 1904 312 608 1905 342 608 1906 346 608 1907 312 609 1908 275 609 1909 338 609 1910 338 610 1911 342 610 1912 312 610 1913 346 611 1914 347 611 1915 310 611 1916 293 612 1917 336 612 1918 337 612 1919 293 613 1920 310 613 1921 344 613 1922 344 614 1923 336 614 1924 293 614 1925 337 615 1926 275 615 1927 293 615 1928 337 616 1929 338 616 1930 275 616 1931 291 617 1932 311 617 1933 310 617 1934 311 618 1935 291 618 1936 292 618 1937 292 619 1938 313 619 1939 311 619 1940 310 620 1941 293 620 1942 291 620 1943 347 621 1944 344 621 1945 310 621 1946 339 622 1947 340 622 1948 337 622 1949 340 623 1950 341 623 1951 337 623 1952 338 624 1953 337 624 1954 341 624 1955 337 625 1956 336 625 1957 339 625 1958 339 626 1959 336 626 1960 344 626 1961 344 627 1962 343 627 1963 339 627 1964 345 628 1965 346 628 1966 342 628 1967 343 629 1968 347 629 1969 346 629 1970 343 630 1971 344 630 1972 347 630 1973 346 631 1974 345 631 1975 343 631 1976 339 632 1977 343 632 1978 345 632 1979 345 633 1980 341 633 1981 339 633 1982 341 634 1983 340 634 1984 339 634 1985 338 635 1986 341 635 1987 345 635 1988 345 636 1989 342 636 1990 338 636 1991 256 637 1992 220 637 1993 192 637 1994 256 638 1995 219 638 1996 220 638 1997 246 639 1998 207 639 1999 354 639 2000 196 640 2001 193 640 2002 239 640 2003 256 641 2004 257 641 2005 219 641 2006 250 642 2007 348 642 2008 214 642 2009 247 643 2010 246 643 2011 354 643 2012 238 644 2013 239 644 2014 193 644 2015 249 645 2016 250 645 2017 214 645 2018 246 646 2019 244 646 2020 207 646 2021 239 647 2022 241 647 2023 196 647 2024 257 648 2025 254 648 2026 215 648 2027 238 649 2028 193 649 2029 204 649 2030 241 650 2031 183 650 2032 184 650 2033 215 651 2034 219 651 2035 257 651 2036 254 652 2037 253 652 2038 216 652 2039 249 653 2040 214 653 2041 218 653 2042 349 654 2043 247 654 2044 354 654 2045 244 655 2046 245 655 2047 199 655 2048 188 656 2049 256 656 2050 192 656 2051 216 657 2052 215 657 2053 254 657 2054 252 658 2055 218 658 2056 217 658 2057 354 659 2058 350 659 2059 349 659 2060 199 660 2061 207 660 2062 244 660 2063 245 661 2064 243 661 2065 201 661 2066 173 662 2067 175 662 2068 176 662 2069 253 663 2070 217 663 2071 216 663 2072 218 664 2073 252 664 2074 249 664 2075 201 665 2076 199 665 2077 245 665 2078 242 666 2079 204 666 2080 203 666 2081 184 667 2082 196 667 2083 241 667 2084 217 668 2085 253 668 2086 252 668 2087 352 669 2088 353 669 2089 351 669 2090 243 670 2091 203 670 2092 201 670 2093 204 671 2094 242 671 2095 238 671 2096 176 672 2097 236 672 2098 230 672 2099 232 673 2100 256 673 2101 189 673 2102 188 674 2103 189 675 2104 256 676 2105 250 677 2106 352 677 2107 348 677 2108 349 678 2109 353 678 2110 247 678 2111 203 679 2112 243 679 2113 242 679 2114 236 680 2115 176 680 2116 177 680 2117 173 681 2118 176 681 2119 230 681 2120 352 682 2121 250 682 2122 353 682 2123 177 12 2124 241 12 2125 236 12 2126 241 683 2127 177 683 2128 183 683 2129 353 684 2130 250 684 2131 247 684 2132 231 685 2133 230 685 2134 236 685 2135 189 686 2136 224 686 2137 232 686 2138 356 687 2139 357 687 2140 355 687 2141 353 688 2142 349 688 2143 357 688 2144 351 689 2145 353 689 2146 356 689 2147 356 690 2148 355 690 2149 351 690 2150 357 691 2151 356 691 2152 353 691 2153 350 692 2154 354 692 2155 358 692 2156 358 693 2157 359 693 2158 350 693 2159 354 694 2160 359 694 2161 358 694 2162 207 695 2163 206 695 2164 359 695 2165 206 696 2166 357 696 2167 359 696 2168 350 697 2169 359 697 2170 357 697 2171 357 698 2172 349 698 2173 350 698 2174 206 699 2175 360 699 2176 355 699 2177 355 700 2178 357 700 2179 206 700 2180 351 701 2181 355 701 2182 360 701 2183 212 702 2184 361 702 2185 360 702 2186 214 703 2187 348 703 2188 361 703 2189 360 704 2190 352 704 2191 351 704 2192 361 705 2193 212 705 2194 214 705 2195 360 706 2196 206 706 2197 212 706 2198 359 707 2199 354 707 2200 207 707 2201 352 708 2202 360 708 2203 361 708 2204 348 709 2205 352 709 2206 361 709 2207</p>
        </triangles>
      </mesh>
    </geometry>
    <geometry id="shape0_003-mesh" name="shape0.003">
      <mesh>
        <source id="shape0_003-mesh-positions">
          <float_array id="shape0_003-mesh-positions-array" count="225">-47.5 0.65 -9.14 47.5 0.65 -9.14 47.5 0.55 -9.24 -47.5 0.55 -9.24 56.4108 0.65 2.03384 56.4108 0.65 -2.03384 51.4657 0.65 8.23485 -54.6459 0.65 5.6987 -56.4108 0.65 -2.03384 -51.4657 0.65 -8.23485 -47.5 0.65 9.14 -47.5 0.55 9.24 -51.4355 0.636753 8.29217 -56.4387 0.630691 2.09429 -54.7101 0.636826 -5.68008 47.5 0.55 9.24 51.4347 0.639356 -8.29126 54.6433 0.633113 -5.76597 54.7097 0.635374 5.68112 47.6233 0.12448 9.18787 -47.5578 0.145505 9.21208 51.4387 0.25184 8.4098 54.6883 0.146439 5.7625 56.523 0.401159 2.11482 56.5695 0.285162 -1.97394 54.7175 0.14644 -5.72581 51.5202 0.136629 -8.28401 47.5243 0.146895 -9.21619 -47.5117 0.127071 -9.20251 -51.446 0.31452 -8.40148 -54.6883 0.146439 -5.7625 -56.5271 0.329008 -2.13789 -56.4871 0.146438 2.02718 -54.7802 0.401391 5.73446 -51.5227 0.12242 8.27484 -41.6502 0.657677 0.003262937 -41.65 0.675 0 -42.7787 0.661707 -4.579 -54.3962 0.661661 1.07312 47.5019 0.660673 9.13711 41.82 0.675 -1.4 13.9679 0.675 -5.8 47.5 0.675 -9.14 -8.17682 0.675 -4.81446 41.82 0.675 1.4 -6.32008 0.675 2.71863 -6.32008 0.675 -2.71863 -8.17617 0.667711 4.81396 56.4108 0.675 -2.03384 54.6459 0.675 -5.6987 -51.4657 0.675 8.23485 -47.5 0.675 9.14 56.4108 0.675 2.03384 51.4657 0.675 -8.23485 -47.5 0.675 -9.14 -56.4108 0.675 2.03384 -54.6459 0.675 5.6987 -5.65 0.675 0 -51.4657 0.675 -8.23485 51.4657 0.675 8.23485 -54.6459 0.675 -5.6987 -56.4108 0.675 -2.03384 54.6459 0.675 5.6987 41.6659 0.658559 -1.01461 13.8704 0.656027 -5.81384 41.82 0.65 1.4 18.0319 0.660021 -4.87277 43.1135 0.658364 3.85547 -8.176072 0.657478 -4.81386 -8.17682 0.65 4.81446 -5.65 0.65 0 -6.32008 0.65 2.71863 6.73832 0.661754 5.91596 -6.32008 0.65 -2.71863 -17.224 0.663297 0.299901</float_array>
          <technique_common>
            <accessor source="#shape0_003-mesh-positions-array" count="75" stride="3">
              <param name="X" type="float"/>
              <param name="Y" type="float"/>
              <param name="Z" type="float"/>
            </accessor>
          </technique_common>
        </source>
        <source id="shape0_003-mesh-normals">
          <float_array id="shape0_003-mesh-normals-array" count="585">-0.9695821 0.05352342 0.2388429 -0.9695795 0.0535711 0.2388424 -0.9695796 0.05357146 0.2388421 6.53556e-5 1 -4.91491e-4 -6.1842e-4 -0.9999998 1.43779e-4 0.002065241 0.9996445 0.02658301 -6.29685e-4 0.9999999 0 -6.27225e-4 -0.999979 0.006450057 -0.06236577 0.777222 -0.6261281 1.31946e-4 0.9999992 0.001324653 8.27337e-4 0.9999994 -7.32972e-4 -4.60276e-4 0.9999997 -6.42458e-4 -0.1398562 0.1848462 0.9727652 0.005752384 0.9973547 -0.07246202 -0.0010311 0.9999994 4.96573e-4 -0.008285105 0.9985895 0.05244523 -0.001251041 0.9999993 0 -7.07529e-4 0.9999994 8.87207e-4 -2.71284e-4 0.9999993 0.001188516 0.006333708 -0.9991759 -0.04009294 4.68909e-4 0.9999979 -0.002054333 1.50752e-4 0.9999985 -0.001799404 1.33631e-4 0.9999936 0.003596961 0.001211822 0.9999992 -2.9873e-4 0 0.9999918 0.004050195 -7.7103e-4 0.9999929 0.003712594 3.52416e-4 0.9999988 0.001543998 0.005384504 0.9999822 -0.00259304 1.62138e-4 0.9999984 -0.001792132 9.53752e-4 0.9999996 9.16749e-5 -0.07740312 -0.03741496 -0.9962976 9.40395e-4 0.9999977 0.001941025 0.002204775 0.9999938 -0.002764701 -0.003123223 0.9999928 0.002157807 0.003799378 0.9999911 0.001829683 5.16325e-4 0.9999954 -0.00303024 0.001525938 0.9999971 0.001913487 0.006621003 0.9999781 0 -0.001339435 0.9999989 -6.45045e-4 4.7777e-4 0.9999999 -2.9257e-4 -0.001201689 0.9999982 -0.001506865 5.03517e-4 0.999998 -0.00198698 9.56634e-4 0.9999996 2.35813e-4 4.63143e-4 0.9999786 0.006531 -1.19553e-4 -0.9999999 6.03257e-4 -1.21059e-4 -1 1.70492e-4 5.22236e-4 -0.9999935 -0.003578007 -1.03311e-4 1 7.07575e-5 -4.0485e-4 -0.9999994 -0.001099407 0.004507422 -0.9999758 -0.005298793 0.01428651 -0.9998965 -0.001749455 8.33149e-4 -0.9999983 0.001704275 0 -0.9999968 0.002566754 -1.27972e-4 -0.9999997 -8.47948e-4 -0.001532256 -0.9999901 0.004213452 0.01227343 -0.9877356 -0.1556527 2.11713e-4 -0.9999989 0.001512467 -0.002002358 -0.9999946 -0.002629041 0.01286643 -0.9999067 -0.004589974 3.02462e-5 -0.9999979 0.002117693 -0.00181359 -0.999991 0.003861486 7.39667e-4 -0.9999995 6.55334e-4 0.001779675 -0.9999844 -0.005303978 1.25711e-4 -0.9999933 0.003671646 -2.18902e-4 -0.9999943 -0.003375053 4.11735e-4 -0.9999997 7.38591e-4 8.48883e-4 -0.9999997 2.09262e-4 -3.62159e-5 -1 1.22729e-4 -0.00125873 -0.9999886 -0.004597127 -0.002403497 -0.9999936 0.002673983 2.38431e-4 -0.9999998 -6.87578e-4 0.006710529 -0.9999719 0.003365457 -0.002713263 -0.9998645 0.01624208 0.001075327 -0.9999995 -2.65096e-4 0.001136541 -0.9999915 0.003986418 4.57158e-4 -0.9999999 6.15207e-5 3.08083e-4 -0.9999991 0.001349747 -0.002650916 -0.9999966 -2.51203e-4 -6.29001e-4 -0.9999999 0 -0.07737118 0.03095591 0.9965217 -0.002064287 -0.999998 1.50696e-4 1.12252e-4 -0.9999953 -0.003073632 -0.2034214 0.3903943 0.8978932 3.04165e-5 0 1 0.222523 0 -0.9749275 0.5119811 0.5707159 -0.6419959 0.7583307 0.5399715 -0.3651924 0.7585641 0.5395679 -0.3653038 1 0 0 0.9009697 0 0.4338822 0.5209796 0.5493671 0.6532811 0.5209301 0.5494872 0.6532194 0.2219472 0 0.9750587 0.6185492 0 0.785746 0.5603176 0.7849164 0.2644819 0.9037708 0 -0.4280169 0.3926559 0.7738351 -0.4969916 0.1270275 0.8055221 -0.5787903 0 0 -1 -0.222523 0 0.9749275 -0.515751 0.5619147 0.6467247 -0.515868 0.5616371 0.6468725 -0.515868 0.5616371 0.6468725 -0.9009697 0 0.4338822 -0.84665 0.5321503 0 -0.8464969 0.5323937 0 -0.8464969 0.5323937 0 -0.9009697 0 -0.4338822 -0.5186895 0.5549148 -0.6504083 -0.2225233 0 -0.9749274 -0.222521 0 -0.9749279 -0.6186576 0 -0.7856608 -0.5479478 0.7955851 -0.2584524 -0.9999772 0 -0.006758511 -0.5844991 0.7590703 0.2866584 -0.6284029 0 0.7778882 -0.1313121 0.7912926 0.5971712 0.9979697 0 -0.06369137 0.1060863 -0.9943569 0 0.8847478 0 -0.4660701 -0.970942 0 0.2393155 -0.7485483 0 0.6630803 -0.7484831 0.008750319 -0.6630961 -0.970942 0 -0.2393155 -0.9709423 0 -0.2393139 -0.7485488 0 -0.6630798 -0.7484815 -0.009252846 0.6630911 -0.9709423 0 0.2393139 0 0.7071087 -0.7071049 0 0.7071079 -0.7071057 -0.002138972 0.9999977 0 0.003995656 0.9999918 -6.51547e-4 0.005200982 0.9999858 -0.001187086 -0.005315423 0.9999848 0.001530885 -0.01989966 0.9997917 0.004541993 0.008778393 0.9999238 -0.008681774 -0.003424406 0.9999939 8.07779e-4 0.002559602 0.9999966 -5.84227e-4 0 1 0 0.005084633 0.9999864 -0.00118637 -1.12363e-4 0.9999998 -5.83948e-4 -0.003540039 0.9999935 8.07998e-4 0.002845168 0.9999958 -6.49408e-4 -0.1528947 0.6987913 0.6987947 -0.7861934 0.4806146 0.3884708 -0.8209985 0.4220811 -0.3844594 -0.2012967 0.4262299 -0.8819341 -0.1889905 0.694357 -0.6943709 -0.5841207 0.3332968 -0.7400786 -0.9396948 0.3419814 -0.004751324 -0.5718396 0.4110308 0.7099671 0 0.7071079 0.7071057 -5.42148e-5 0.680886 0.7323895 0.152632 0.6988162 -0.6988272 0.9169881 0.3989146 0 0.7945676 0.4794769 0.3725107 0.2061032 0.3818905 0.9009335 0.2019 0.6649982 0.7190368 0.5927892 0.2899336 0.7513585 0.9117832 0.4106699 -0.001283109 0.8596247 0.3068796 -0.4084979 0.2351112 -0.04317766 -0.971009 0.6158705 0.09344977 -0.7822856 0.8908157 0.09924215 -0.4433941 0.6303555 0.1005448 0.7697679 0.2014066 -0.061401 0.9775814 0.8917664 0.0360648 0.4510564 0.6243948 0.0307995 -0.7805015 0.2271754 0.02459114 -0.9735434 -1.24968e-4 -0.08829379 -0.9960945 0 -0.05896466 -0.9982602 -0.2347131 -0.03351545 0.9714868 -0.6090613 0.07664793 0.7894108 -0.9951347 0.09754866 0.01383292 -0.6311678 0.1011849 -0.7690181 -0.202554 -0.08090007 -0.9759238 -0.890459 0.03665095 -0.4535852 -0.9087109 0.03315657 0.4161072 -0.2300744 0.006213665 0.9731533 2.25625e-4 -0.1215348 0.9925872 0 -0.06885993 0.9976264 -0.0708822 -0.9973825 0.01427823 -0.2095066 -0.9641649 0.1627677 0.05082595 -0.997728 -0.04422193 0.1957958 -0.9801847 0.03003412 -0.00244373 -0.9999734 0.006889283 0.04258239 -0.9990289 -0.01131224 0.04064244 -0.9990313 0.01687622 0.005582273 -0.9999839 0.001015007 2.08419e-4 -0.9999993 -0.001219034 -0.05853241 -0.9977685 -0.03212386 -2.2064e-4 -0.9999995 0.001000463 -0.002287864 -0.9999967 -0.001205623 0.03480064 -0.9993693 0.007066965 -0.04997092 -0.9986819 -0.01173394</float_array>
          <technique_common>
            <accessor source="#shape0_003-mesh-normals-array" count="195" stride="3">
              <param name="X" type="float"/>
              <param name="Y" type="float"/>
              <param name="Z" type="float"/>
            </accessor>
          </technique_common>
        </source>
        <source id="shape0_003-mesh-map-0">
          <float_array id="shape0_003-mesh-map-0-array" count="1140">0 0 0 0 0 0 0 0 0 0 0 0 0 0 0 0 0 0 0 0 0 0 0 0 0 0 0 0 0 0 0 0 0 0 0 0 0 0 0 0 0 0 0 0 0 0 0 0 0 0 0 0 0 0 0 0 0 0 0 0 0 0 0 0 0 0 0 0 0 0 0 0 0 0 0 0 0 0 0 0 0 0 0 0 0 0 0 0 0 0 0 0 0 0 0 0 0 0 0 0 0 0 0 0 0 0 0 0 0 0 0 0 0 0 0 0 0 0 0 0 0 0 0 0 0 0 0 0 0 0 0 0 0 0 0 0 0 0 0 0 0 0 0 0 0 0 0 0 0 0 0 0 0 0 0 0 0 0 0 0 0 0 0 0 0 0 0 0 0 0 0 0 0 0 0 0 0 0 0 0 0 0 0 0 0 0 0 0 0 0 0 0 0 0 0 0 0 0 0 0 0 0 0 0 0 0 0 0 0 0 0 0 0 0 0 0 0 0 0 0 0 0 0 0 0 0 0 0 0 0 0 0 0 0 0 0 0 0 0 0 0 0 0 0 0 0 0 0 0 0 0 0 0 0 0 0 0 0 0 0 0 0 0 0 0 0 0 0 0 0 0 0 0 0 0 0 0 0 0 0 0 0 0 0 0 0 0 0 0 0 0 0 0 0 0 0 0 0 0 0 0 0 0 0 0 0 0 0 0 0 0 0 0 0 0 0 0 0 0 0 0 0 0 0 0 0 0 0 0 0 0 0 0 0 0 0 0 0 0 0 0 0 0 0 0 0 0 0 0 0 0 0 0 0 0 0 0 0 0 0 0 0 0 0 0 0 0 0 0 0 0 0 0 0 0 0 0 0 0 0 0 0 0 0 0 0 0 0 0 0 0 0 0 0 0 0 0 0 0 0 0 0 0 0 0 0 0 0 0 0 0 0 0 0 0 0 0 0 0 0 0 0 0 0 0 0 0 0 0 0 0 0 0 0 0 0 0 0 0 0 0 0 0 0 0 0 0 0 0 0 0 0 0 0 0 0 0 0 0 0 0 0 0 0 0 0 0 0 0 0 0 0 0 0 0 0 0 0 0 0 0 0 0 0 0 0 0 0 0 0 0 0 0 0 0 0 0 0 0 0 0 0 0 0 0 0 0 0 0 0 0 0 0 0 0 0 0 0 0 0 0 0 0 0 0 0 0 0 0 0 0 0 0 0 0 0 0 0 0 0 0 0 0 0 0 0 0 0 0 0 0 0 0 0 0 0 0 0 0 0 0 0 0 0 0 0 0 0 0 0 0 0 0 0 0 0 0 0 0 0 0 0 0 0 0 0 0 0 0 0 0 0 0 0 0 0 0 0 0 0 0 0 0 0 0 0 0 0 0 0 0 0 0 0 0 0 0 0 0 0 0 0 0 0 0 0 0 0 0 0 0 0 0 0 0 0 0 0 0 0 0 0 0 0 0 0 0 0 0 0 0 0 0 0 0 0 0 0 0 0 0 0 0 0 0 0 0 0 0 0 0 0 0 0 0 0 0 0 0 0 0 0 0 0 0 0 0 0 0 0 0 0 0 0 0 0 0 0 0 0 0 0 0 0 0 0 0 0 0 0 0 0 0 0 0 0 0 0 0 0 0 0 0 0 0 0 0 0 0 0 0 0 0 0 0 0 0 0 0 0 0 0 0 0 0 0 0 0 0 0 0 0 0 0 0 0 0 0 0 0 0 0 0 0 0 0 0 0 0 0 0 0 0 0 0 0 0 0 0 0 0 0 0 0 0 0 0 0 0 0 0 0 0 0 0 0 0 0 0 0 0 0 0 0 0 0 0 0 0 0 0 0 0 0 0 0 0 0 0 0 0 0 0 0 0 0 0 0 0 0 0 0 0 0 0 0 0 0 0 0 0 0 0 0 0 0 0 0 0 0 0 0 0 0 0 0 0 0 0 0 0 0 0 0 0 0 0 0 0 0 0 0 0 0 0 0 0 0 0 0 0 0 0 0 0 0 0 0 0 0 0 0 0 0 0 0 0 0 0 0 0 0 0 0 0 0 0 0 0 0 0 0 0 0 0 0 0 0 0 0 0 0 0 0 0 0 0 0 0 0 0 0 0 0 0 0 0 0 0 0 0 0 0 0 0 0 0 0 0 0 0 0 0 0 0 0 0 0 0 0 0 0 0 0 0 0 0 0 0 0 0 0 0 0 0 0 0 0 0 0 0 0 0 0 0 0 0 0 0 0 0 0 0 0 0 0 0 0 0 0 0 0 0 0 0 0 0 0 0 0 0 0 0 0 0 0 0 0 0 0 0 0 0 0 0 0 0 0 0 0 0 0 0 0 0 0 0 0 0 0 0 0 0 0 0 0 0 0 0 0 0 0 0 0 0 0 0 0 0 0 0 0 0 0 0 0 0 0 0 0 0 0 0 0 0 0 0 0 0 0 0 0 0 0 0 0 0 0 0 0 0 0 0 0 0 0 0 0 0 0 0 0 0 0 0 0 0 0 0 0 0 0 0 0 0 0 0 0 0 0 0 0 0 0 0 0 0 0 0 0 0 0 0 0 0 0 0 0 0 0</float_array>
          <technique_common>
            <accessor source="#shape0_003-mesh-map-0-array" count="570" stride="2">
              <param name="S" type="float"/>
              <param name="T" type="float"/>
            </accessor>
          </technique_common>
        </source>
        <vertices id="shape0_003-mesh-vertices">
          <input semantic="POSITION" source="#shape0_003-mesh-positions"/>
        </vertices>
        <triangles count="190">
          <input semantic="VERTEX" source="#shape0_003-mesh-vertices" offset="0"/>
          <input semantic="NORMAL" source="#shape0_003-mesh-normals" offset="1"/>
          <input semantic="TEXCOORD" source="#shape0_003-mesh-map-0" offset="2" set="0"/>
          <p>37 0 0 35 1 1 36 2 2 72 3 3 39 3 4 67 3 5 41 4 6 63 4 7 67 4 8 42 5 9 43 5 10 64 5 11 66 6 12 44 6 13 40 6 14 35 7 15 39 7 16 47 7 17 64 8 18 41 8 19 42 8 20 67 9 21 42 9 22 41 9 23 43 10 24 46 10 25 64 10 26 44 11 27 66 11 28 72 11 29 47 12 30 36 12 31 35 12 32 72 13 33 47 13 34 39 13 35 48 14 36 49 14 37 67 14 38 40 15 39 41 15 40 66 15 41 67 16 42 52 16 43 48 16 44 49 17 45 53 17 46 67 17 47 53 18 48 42 18 49 67 18 50 41 19 51 40 19 52 63 19 53 38 20 54 50 20 55 51 20 56 51 21 57 39 21 58 35 21 59 45 22 60 47 22 61 72 22 62 46 23 63 57 23 64 72 23 65 68 24 66 42 24 67 54 24 68 74 25 69 54 25 70 37 25 71 54 26 72 58 26 73 38 26 74 38 27 75 55 27 76 56 27 77 35 28 78 38 28 79 51 28 80 72 29 81 64 29 82 46 29 83 68 30 84 43 30 85 42 30 86 38 31 87 37 31 88 54 31 89 38 32 90 56 32 91 50 32 92 67 33 93 39 33 94 59 33 95 60 34 96 61 34 97 38 34 98 74 35 99 37 35 100 36 35 101 58 36 102 60 36 103 38 36 104 38 37 105 61 37 106 55 37 107 67 38 108 62 38 109 52 38 110 74 39 111 68 39 112 54 39 113 67 40 114 59 40 115 62 40 116 36 41 117 47 41 118 74 41 119 57 42 120 45 42 121 72 42 122 67 43 123 44 43 124 72 43 125 64 44 126 1 44 127 67 44 128 37 45 129 1 45 130 68 45 131 63 46 132 65 46 133 66 46 134 67 47 135 63 47 136 64 47 137 10 48 138 38 48 139 35 48 140 10 49 141 12 49 142 38 49 143 7 50 144 13 50 145 38 50 146 0 51 147 37 51 148 38 51 149 0 52 150 1 52 151 37 52 152 68 53 153 35 53 154 37 53 155 65 54 156 67 54 157 66 54 158 39 55 159 69 55 160 72 55 161 35 56 162 68 56 163 74 56 164 12 57 165 7 57 166 38 57 167 38 58 168 13 58 169 8 58 170 64 59 171 68 59 172 1 59 173 66 60 174 6 60 175 39 60 176 69 61 177 71 61 178 72 61 179 6 62 180 66 62 181 67 62 182 38 63 183 8 63 184 14 63 185 64 64 186 73 64 187 68 64 188 73 65 189 64 65 190 72 65 191 71 66 192 70 66 193 72 66 194 39 67 195 72 67 196 66 67 197 4 68 198 18 68 199 67 68 200 18 69 201 6 69 202 67 69 203 35 70 204 74 70 205 10 70 206 38 71 207 14 71 208 9 71 209 66 72 210 64 72 211 63 72 212 70 73 213 73 73 214 72 73 215 67 74 216 17 74 217 5 74 218 10 75 219 74 75 220 47 75 221 38 76 222 9 76 223 0 76 224 67 77 225 1 77 226 16 77 227 5 78 228 4 78 229 67 78 230 39 79 231 47 79 232 69 79 233 67 80 234 16 80 235 17 80 236 47 81 237 39 81 238 10 81 239 66 82 240 41 82 241 64 82 242 39 83 243 51 83 244 10 83 245 1 84 246 42 84 247 53 84 248 16 85 249 53 85 250 49 85 251 17 86 252 49 87 253 48 87 254 5 88 255 48 88 256 52 88 257 4 89 258 52 89 259 62 89 260 18 90 261 62 91 262 59 91 263 6 92 264 59 92 265 39 92 266 59 93 267 6 93 268 18 93 269 62 94 270 18 94 271 4 94 272 52 88 273 4 88 274 5 88 275 48 95 276 5 95 277 17 95 278 49 96 279 17 96 280 16 96 281 53 97 282 16 97 283 1 97 284 1 98 285 0 98 286 54 98 287 54 98 288 42 98 289 1 98 290 10 99 291 51 99 292 50 99 293 12 100 294 50 101 295 56 102 296 7 103 297 56 103 298 55 103 299 13 104 300 55 105 301 61 106 302 8 107 303 61 107 304 60 107 305 14 108 306 60 108 307 58 108 308 9 109 309 58 109 310 54 109 311 54 110 312 0 110 313 9 110 314 58 111 315 9 111 316 14 111 317 60 112 318 14 112 319 8 112 320 61 113 321 8 113 322 13 113 323 55 114 324 13 114 325 7 114 326 56 115 327 7 115 328 12 115 329 50 116 330 12 116 331 10 116 332 44 117 333 65 117 334 63 117 335 63 118 336 40 118 337 44 118 338 67 119 339 65 119 340 44 119 341 73 120 342 70 120 343 57 120 344 68 121 345 73 121 346 46 121 347 71 122 348 69 122 349 47 122 350 70 123 351 71 123 352 45 123 353 45 124 354 57 124 355 70 124 356 47 125 357 45 125 358 71 125 359 46 126 360 43 126 361 68 126 362 57 127 363 46 127 364 73 127 365 0 128 366 1 128 367 2 128 368 2 129 369 3 129 370 0 129 371 16 130 372 4 130 373 5 130 374 16 131 375 6 131 376 18 131 377 7 132 378 14 132 379 8 132 380 18 133 381 4 133 382 16 133 383 8 134 384 13 134 385 7 134 386 5 135 387 17 135 388 16 135 389 12 136 390 9 136 391 14 136 392 1 137 393 39 137 394 6 137 395 1 138 396 0 138 397 10 138 398 7 139 399 12 139 400 14 139 401 10 140 402 39 140 403 1 140 404 10 138 405 0 138 406 9 138 407 12 141 408 10 141 409 9 141 410 16 142 411 1 142 412 6 142 413 11 143 414 10 143 415 12 143 416 33 144 417 7 144 418 13 144 419 31 145 420 8 145 421 14 145 422 29 146 423 9 146 424 0 146 425 0 147 426 3 147 427 29 147 428 9 148 429 29 148 430 14 148 431 8 149 432 31 149 433 13 149 434 7 150 435 33 150 436 12 150 437 10 151 438 11 151 439 15 151 440 15 152 441 39 152 442 10 152 443 2 153 444 1 153 445 16 153 446 24 154 447 5 154 448 4 154 449 23 155 450 4 155 451 18 155 452 21 156 453 6 156 454 39 156 455 39 157 456 15 157 457 21 157 458 6 158 459 21 158 460 18 158 461 4 159 462 23 159 463 24 159 464 5 160 465 24 160 466 17 160 467 27 161 468 2 161 469 16 161 470 26 162 471 16 162 472 17 162 473 25 163 474 17 163 475 24 163 476 22 164 477 18 164 478 21 164 479 15 165 480 19 165 481 21 165 482 18 166 483 22 166 484 23 166 485 17 167 486 25 167 487 26 167 488 16 168 489 26 168 490 27 168 491 27 169 492 28 169 493 3 169 494 3 170 495 2 170 496 27 170 497 20 171 498 11 171 499 12 171 500 34 172 501 12 172 502 33 172 503 32 173 504 13 173 505 31 173 506 30 174 507 14 174 508 29 174 509 3 175 510 28 175 511 29 175 512 14 176 513 30 176 514 31 176 515 13 177 516 32 177 517 33 177 518 12 178 519 34 178 520 20 178 521 20 179 522 19 179 523 15 179 524 15 180 525 11 180 526 20 180 527 34 181 528 31 181 529 30 181 530 34 182 531 33 182 532 32 182 533 32 183 534 31 183 535 34 183 536 24 184 537 23 184 538 22 184 539 21 185 540 26 185 541 25 185 542 30 186 543 29 186 544 34 186 545 25 187 546 24 187 547 21 187 548 28 188 549 20 188 550 34 188 551 28 189 552 27 189 553 19 189 554 22 190 555 21 190 556 24 190 557 19 191 558 20 191 559 28 191 560 19 192 561 27 192 562 26 192 563 21 193 564 19 193 565 26 193 566 29 194 567 28 194 568 34 194 569</p>
        </triangles>
      </mesh>
    </geometry>
    <geometry id="shape0_004-mesh" name="shape0.004">
      <mesh>
        <source id="shape0_004-mesh-positions">
          <float_array id="shape0_004-mesh-positions-array" count="759">-8.51977 12.295 -10.9 -9.48024 12.295 -10.9 -10.5935 12.2945 -9.62655 -7.32697 12.2947 -9.73793 39.318 12.2951 -9.71517 42.9879 12.2999 -10.3084 -46.0652 12.3084 -10.8369 -45.1535 12.2945 -8.98802 43.1597 12.2939 10.7116 40.3135 12.2945 9.078432 48.3517 12.295 13.5893 41.5 12.295 13.694 53.2557 12.2941 12.5256 51.5727 12.2819 10.3847 58.5176 12.295 8.13248 60.8876 12.295 2.88081 56.6983 12.2941 -10.3586 -6.9 12.295 -10.9 48.9909 12.295 -13.5371 42.9953 12.295 -13.6939 -48.0671 12.295 -13.6232 -53.2434 12.2938 -12.5318 -58.5176 12.295 -8.132472 -60.8876 12.295 -2.88081 -56.6847 12.2945 10.373 -48.7596 12.295 13.5867 -38.9 12.295 10.9 -39.3796 12.2947 9.66471 -42.0446 12.295 9.4563 -40.9109 12.2908 10.7726 -43.1952 12.2879 10.8943 -40.5198 12.295 10.9 -10.6786 12.2953 9.71733 -6.9 12.295 10.9 -7.43002 12.2961 9.60016 -8.51977 12.295 10.9 -9.48024 12.295 10.9 -9.01382 12.2953 10.6392 -51.9844 12.2809 -10.166 -46.4901 1.8178 -9.55073 -51.0084 12.2825 10.5216 -38.9 11.35 10.9 -39.6628 1.80249 9.49368 -11.0999 12.2897 10.95 -11.3002 7.90238 10.3326 -10.4013 7.91867 9.45388 -6.91753 8.201622 10.47 -9.75282 1.79319 9.30581 38.8954 12.2913 10.9264 39.5401 1.8122 9.59165 42.234 1.80907 9.47671 42.2983 1.80328 -9.53038 51.0114 12.2781 -10.5209 -11.1173 12.2917 -10.9622 -10.4028 1.80703 -9.553482 -7.98872 1.80299 -9.45354 -6.92918 8.06167 -10.4512 38.8923 12.2886 -10.9443 39.3904 7.90387 -9.547902 37.5706 7.90472 -10.3729 38.6575 1.80334 -9.44962 -57.4605 12.2845 4.99715 -57.8453 12.283 -4.13622 -56.5789 1.8016 3.40404 -56.0706 1.80196 -4.53366 -42.3854 1.80991 9.576231 -51.2624 1.80228 8.97352 -51.2126 1.80408 -8.97217 50.7382 1.8022 9.09285 57.8572 12.2838 4.14117 57.4866 12.2826 -4.97166 56.5786 1.80214 -3.39617 56.0767 1.80248 4.5201 51.2596 1.80175 -8.97452 -42.6925 12.288 -10.8843 -43.4503 7.89183 -9.68243 -38.2468 7.86864 -10.0505 -38.7988 1.80238 -9.51606 -41.5 11.35 -13.694 -60.8868 11.98 2.88153 -48.6802 11.3529 13.5993 41.5 11.35 13.694 52.9521 11.3676 12.7329 60.8867 11.98 -2.8819 48.7384 11.35 -13.5968 -9.001152 12.2856 -10.7366 -9.047451 10.4514 10.7496 -4.909 1.53858 -9.50363 -4.03368 1.47436 -9.79875 21.0353 1.46796 -9.798952 21.9198 1.53334 -9.5049 22.4399 1.62867 -8.76719 -5.38894 1.80101 -8.94835 -5.44339 1.45425 -8.76575 -5.45727 1.66307 -5.9896 -4.56697 1.62769 -4.65331 -4.54857 1.62726 4.59083 -5.4536 1.63002 5.97393 42.9341 1.805 4.04505 43.7208 1.80492 -4.9704 22.4756 1.805 8.66616 47.0328 1.80509 6.2265 41.2456 1.79113 0.253498 53.4875 1.805 -1.77118 49.4437 1.80505 -5.93376 21.9037 1.80386 9.53772 -4.92679 1.52852 9.49274 21.6516 1.47682 9.63649 22.4378 1.44979 8.87824 -5.42487 1.68899 8.95 -4.0462 1.46519 9.79693 53.5521 0.8050001 -1.13836 50.1306 0.8050001 -5.64014 45.3369 0.8050001 -5.7036 42.9341 0.8050001 -4.04505 41.2634 0.787264 -0.504757 43.5571 0.796138 4.8211 49.2711 0.8050001 5.96612 52.4424 1.55504 3.67814 -50.8072 1.805 5.29619 -9.02006 1.80504 5.73039 -34.89 1.81481 3.17093 -29.9672 1.80499 6.2265 -17.4228 1.805 1.45983 -14.8072 1.80513 5.29622 -7.02139 1.80516 -4.3508 -44.0348 1.805 -5.0202 -5.37521 1.805 1.21428 -48.5365 1.80516 -6.15737 -52.0659 1.805 -4.04505 -12.5365 1.80498 -6.15737 -17.1125 1.81086 -2.71206 -23.5125 1.805 -1.77118 -31.6631 1.805 -5.7036 -27.5563 1.80497 -5.93376 -35.118 1.81023 -2.70388 -53.7544 1.79266 0.253641 -24.641 1.805 3.9215 -42.641 1.80524 3.9215 -5.4479 0.8050001 -1.13831 -8.034811 0.8050001 -5.0202 -14.6473 0.8050001 -5.36894 -17.7503 0.787377 -0.474869 -16.0659 0.8050001 4.04505 -13.6631 0.8050001 5.7036 -10.7647 0.8050001 6.05552 -8.034811 0.8050001 5.0202 -6.09872 0.8050001 2.83481 -24.5496 0.8050001 -3.77157 -28.7647 0.8050001 -6.05552 -31.6631 0.8050001 -5.7036 -34.0659 0.8050001 -4.04505 -35.7366 0.78723 -0.504758 -33.4431 0.797614 4.82103 -28.7647 0.8050001 6.05552 -26.0348 0.8050001 5.0202 -23.3664 0.8050001 1.64522 -41.6654 1.62323 -1.97833 -41.4 0.8050001 0 -44.0348 0.8050001 -5.0202 -46.7647 0.8050001 -6.05552 -50.6474 0.8050001 -5.36892 -53.7365 0.792365 -0.504613 -51.4431 0.797614 4.82103 -46.7644 1.47167 6.05552 -43.1592 0.804857 4.45966 16.1189 1.45 5.72078 13.9679 1.45 -6.05 3.88102 1.45 -5.72077 4.23919 1.45012 5.84359 20.1379 1.45 -0.260668 17.617 1.44477 -4.98248 6.03214 0.8050001 -6.05 3.40715 0.8050001 -5.45086 1.30485 1.30663 -3.77508 -0.153343 1.18125 -0.107132 1.29953 1.30665 3.76842 3.40715 0.8050001 5.45086 6.03214 0.8050001 6.05 15.6236 0.8050001 5.87051 18.7351 1.28751 3.72972 19.8662 0.8050001 1.34625 19.6847 0.804909 -2.28859 16.0071 0.8050001 -5.81523 -57.0356 0.805295 0.402848 -54.8101 0.8050001 -5.82963 -51.5568 0.8050001 -8.42406 -47.5 0.8050001 9.35 -53.1303 0.804957 7.70637 -10.7647 0.8050001 -6.05552 -47.5 0.8050001 -9.35 47.5 0.8050001 -9.35 51.5568 0.8050001 -8.42406 47.5 0.8050001 9.35 51.5568 0.8050001 8.42406 56.266 0.8050001 3.77429 55.9165 0.8050001 -4.5002 47.5 -4.08702e-7 9.35 -47.5 -4.08702e-7 9.35 -47.5 4.08702e-7 -9.35 47.5 4.08702e-7 -9.35 48.9932 11.3496 14.3885 -48.9311 11.3496 -14.3928 -49.9236 11.3483 14.3642 -53.5344 11.3495 -12.6384 58.1711 11.3352 9.303442 49.9404 11.3483 -14.3633 -54.4127 11.3286 12.1425 -58.3209 11.3296 -9.18841 61.1928 11.326 3.06742 54.4089 11.3287 -12.1445 61.6072 11.35 -3.34997 58.3629 11.322 -8.95221 -61.3413 11.3299 -2.4383 -61.6072 11.35 3.34997 -58.213 11.327 9.07148 58.1094 6.27408 8.92613 54.4713 11.2828 12.9729 55.685 1.39063 9.02683 60.0933 2.57154 2.71582 59.9407 2.38149 -3.16367 56.9523 2.22049 -8.583022 -53.6147 1.81687 11.1114 -57.5494 2.31031 -7.85373 -60.0281 2.59951 -3.11584 -60.065 2.42827 2.77256 -57.195 2.33331 8.43973 -54.0754 2.49074 -11.1427 48.1203 6.17439 -13.7858 53.7035 2.27241 -11.2963 47.9656 1.49911 -12.0629 51.667 -0.130385 -8.530241 47.9621 -4.9402e-5 -10.0968 54.9206 -0.1357769 5.94253 56.8268 -0.14744 2.00121 56.6748 -0.108316 -2.69786 54.6458 -0.100353 -6.31374 48.1049 6.28466 13.8206 48.5414 1.49428 12.0502 47.5068 -1.81464e-5 10.0978 52.116 -0.124421 8.38134 -48.0275 6.30655 -13.821 -48.4819 1.49685 -12.0599 -47.5171 -4.97113e-6 -10.0959 -51.8071 -0.126052 -8.48862 -54.9152 -0.1357229 -5.94644 -56.8268 -0.14744 -2.00121 -56.6748 -0.108317 2.69786 -54.6458 -0.100354 6.31374 -51.8508 -0.1539 8.444972 -47.9549 -7.51274e-5 10.0959 -48.0324 6.22155 13.7951 -48.4875 1.50444 12.058</float_array>
          <technique_common>
            <accessor source="#shape0_004-mesh-positions-array" count="253" stride="3">
              <param name="X" type="float"/>
              <param name="Y" type="float"/>
              <param name="Z" type="float"/>
            </accessor>
          </technique_common>
        </source>
        <source id="shape0_004-mesh-normals">
          <float_array id="shape0_004-mesh-normals-array" count="1509">-0.01441514 0.9997828 0.01505589 -3.51878e-4 0.9999637 -0.008520245 -0.001966416 0.9999972 -0.001324713 0 1 2.57382e-4 -0.002048194 0.9999875 -0.004577338 0.005920827 0.9999414 -0.009064137 0.006111681 0.9999712 0.00450474 -0.004800021 0.9999876 -0.001360237 0.001318991 0.9999954 -0.002762854 -6.46369e-4 0.9999995 -7.28293e-4 -5.43437e-4 0.999999 0.001313209 -8.98999e-4 0.9999872 -0.004991352 -0.002654135 0.9999938 -0.002366602 -0.002975881 0.99999 -0.003358542 -0.004550158 0.9999876 -0.002053737 -0.002886354 0.9999926 0.00255686 -0.003031194 0.9999663 0.007634103 0.09098225 0.9958451 -0.003830969 0.09589987 0.9953198 -0.01190882 1.42242e-4 0.9999969 0.00254023 -0.002533495 0.9999958 -0.001452624 3.78422e-5 0.999999 -0.001447319 0 1 -1.26441e-5 -0.001176595 0.9997553 -0.02209502 0 1 2.91419e-5 9.53036e-7 0.9999993 0.001227974 -1.10318e-4 0.9999962 0.002771496 0.002939045 0.9999926 0.002508521 0.003307521 0.9999877 0.003691732 0.00484699 0.9999859 0.002186954 0.00217092 0.9999954 -0.002173364 -0.09076422 0.9958657 0.003660559 -0.09585386 0.9953233 0.01198208 -5.1467e-4 0.9999931 -0.003700733 0.002264261 0.999981 -0.005739271 -0.002125918 0.9999976 5.81744e-4 -0.001051306 0.9999911 0.004096329 0 1 0 2.01105e-4 0.9999833 -0.005786538 -0.005372405 0.9998499 -0.01648002 -0.0052706 0.9998556 -0.0161603 0 1 5.01553e-7 0 0.9994566 -0.03296464 -1.46357e-4 0.9999945 0.003317177 -7.70769e-4 0.9999173 0.01284068 -0.003324687 0.9999853 -0.004298985 8.16357e-5 0.9999991 -0.001413643 5.71282e-5 -0.9999995 -0.001040399 -8.34744e-5 0.9999898 0.0045138 0 0.9999994 0.001153588 3.88897e-5 0.9999997 8.29631e-4 0 1 -4.54881e-5 -0.001584529 0.9999813 -0.005907595 0.026452 0.99816 0.05456149 8.24912e-4 0.9999871 0.005013287 -0.02638006 0.9981622 -0.05455738 -5.69208e-6 1 -3.71665e-4 0.002815425 0.9999892 0.003718018 0.01500964 0.9997961 0.01351475 -0.892958 0.09023582 0.4410029 0.0779584 0.01414507 -0.9968563 0.03406512 0.02493333 0.9991086 -0.04135298 0.006209194 0.9991253 -0.7807297 0.0182321 -0.6246029 -0.03033399 -0.01044636 -0.9994853 0.9322066 0 -0.3619265 0.927073 -0.01892024 -0.3744034 0.00179845 0 -0.9999984 -0.6990223 -0.001244187 -0.7150989 -0.9426837 0.08832031 -0.3217874 0.01177674 0.02540993 -0.9996078 -0.03599876 0.05777436 -0.9976804 -0.002114355 0.1458898 -0.9892987 -0.006144702 0.1642313 -0.9864028 -0.0029338 0.1394815 -0.9902203 -0.6973913 -0.05655974 -0.7144554 0.9254 0.03567284 -0.3773093 0.5673323 -0.1025707 -0.8170762 5.8179e-4 0.1044706 -0.9945278 -0.04263639 -0.0457189 -0.9980441 -0.7930283 0.02871739 -0.6085077 0.496861 0.05811518 -0.8658821 -0.9308632 -0.01438277 0.3650848 0.7793731 -0.0321967 0.6257324 0.9382199 0.03008008 0.3447299 9.76743e-4 0.1054185 0.9944275 -0.9449211 -0.003112792 0.3272835 0.02217531 0.0134409 0.9996638 0.1593956 0.04020112 0.986396 0.1299761 0.06479614 0.9893977 -0.4120218 0.06414252 0.9089136 0.9950534 0.09005635 -0.04193758 0.7138802 0.09456747 0.6938531 0.6474032 0.09599339 -0.7560784 0.7135956 0.163537 -0.6812027 0.6685225 0.1326327 0.7317693 0.9843953 0.1642911 0.06304442 0.06690877 0.1442143 -0.9872819 0.04716491 0.1282591 -0.9906185 0.1203599 0.1211423 0.9853112 0.1113209 0.1164911 0.9869334 -0.03837454 0.1202251 -0.9920048 -0.04463255 0.1257239 -0.9910607 -0.9949116 0.09227591 0.0404486 -0.7017065 0.09366726 -0.7062822 -0.6477482 0.09620869 0.7557553 -0.7139154 0.164181 0.6807125 -0.6437691 0.1439101 -0.7515659 -0.9843245 0.1649543 -0.06241422 -0.06123721 0.1443305 0.9876329 0.02660238 0.07215386 0.9970387 0.606797 0.1105939 0.7871255 0.1975809 -0.07769322 0.977203 0.07068574 0.08115667 0.9941918 -0.004458129 0.02390718 0.9997043 0.01146662 0.133922 0.9909256 0.001298427 0.08764314 0.9961512 0.06940007 0.2519277 0.9652545 0.002401232 0.1877304 0.9822177 0.001072168 -0.09576302 -0.9954037 -7.7453e-4 0.06935834 -0.9975916 -0.07710886 -0.4699749 -0.8793054 -0.203292 0.1714702 -0.9639868 -0.8832452 0.2523351 -0.3952276 -0.9004706 0.4342617 0.02386415 -0.6276169 -0.05342257 0.7766873 -0.6161267 0.2732586 -0.7387272 -0.4658251 0.6081495 -0.6427762 -0.7002347 0.6123176 0.3670675 -0.8863384 0.2332603 -0.3999924 -0.2915272 0.6311206 0.7188177 -0.2462628 -0.00779283 0.9691718 -0.001188695 0.01327288 0.9999113 -0.001050114 0 0.9999995 0.07543963 -0.4482882 0.8907001 0.01527941 0 0.9998833 0.209681 0.1475561 0.9665718 0.881393 0.2024846 0.4267864 0.9545817 0.2974972 -0.01641094 0.6273391 -0.05008369 -0.7771342 0.6404272 -0.03823161 0.7670668 0.4279705 0.6327808 0.6453137 0.6753685 0.6485461 -0.3510918 0.8558725 0.3439459 0.3862431 0.2969229 0.6274551 -0.7198173 0.2480859 -0.005089402 -0.9687247 0.02610242 0.0560792 -0.9980851 0 0.9983491 0.05743831 0 0.08130991 -0.9966889 0.4875651 0.04331725 0.8720116 -0.4659277 0.06134831 0.8826935 -0.001255929 0.1380155 0.9904294 0.02916318 0.1525332 0.987868 -0.00128746 0.1296294 0.9915617 -0.005663633 0.148631 0.9888766 7.48989e-5 0.1437779 0.98961 -0.4011136 0.2362884 0.8850287 -1.80824e-4 -0.9772441 0.2121177 -2.47416e-4 -0.9760043 0.2177515 0.7852531 0.1874455 0.5901201 0.9890248 -0.1468814 0.01599293 -0.9943249 0.1063817 9.60138e-4 0.001136124 0.9999992 -6.02867e-4 8.43363e-6 1 -3.62374e-4 -7.90918e-5 1 -3.35059e-4 -4.75931e-4 0.9999995 9.95978e-4 -3.40229e-4 0.9999988 -0.001506268 0.02899205 0.9989141 -0.0364716 2.29553e-4 0.9999996 -9.48054e-4 -0.001865386 0.9999967 0.001755893 -7.50771e-4 0.9999942 -0.003323733 8.06301e-4 0.9999998 -3.4157e-5 -0.01563048 0.9929739 -0.1172967 3.52675e-4 0.9999997 -7.03852e-4 -0.07511317 0.9966833 0.03131228 9.33804e-4 0.9999996 1.62729e-5 6.54748e-4 0.9999997 -6.9422e-4 -0.01059776 0.9999355 0.004085004 6.16636e-4 0.9999997 -5.87028e-4 -0.003790616 0.9999418 -0.01010614 -0.0534206 0.9966266 -0.06230533 1.71292e-4 0.1449519 -0.9894387 0.04688882 0.1584232 -0.9862573 -0.001389205 0.1262676 -0.9919953 0.004603445 -0.292362 -0.9562968 0.002945542 0.1571771 -0.9875661 -0.8130829 -0.232203 -0.5338333 -0.6574012 0.2976946 -0.6922439 -8.15123e-4 -0.9794759 -0.2015603 -0.7557097 0.3146572 0.5743637 -0.01273167 0.2736297 0.9617509 0.5418734 0.3001651 0.7850314 0.8623519 -0.3032708 0.4054334 0.8757324 0.3007811 -0.3776552 0.1606621 0.5694679 -0.80616 -0.9636324 -0.1845451 -0.1932765 -0.3579195 -0.6190615 -0.6990398 0.437887 -0.3624594 -0.8227261 0.8858245 0.2428866 -0.3953745 0.8642185 -0.293396 0.4087116 0.1511155 -0.4139789 0.8976557 -0.6892358 -0.2768343 0.6695647 0.00615251 0.9946408 -0.103209 -0.001128435 0.9999988 0.001096665 -0.07921522 0.9968538 0.00275737 2.63698e-4 0.9999966 -0.002601265 0.08017748 0.9967236 0.01066207 0.002696514 0.999996 -9.47815e-4 0.001704454 0.9999983 -7.48393e-4 -7.99162e-4 0.9999995 6.40712e-4 0.04703366 0.9984786 0.02878397 -9.3718e-6 1 -2.74949e-5 0.04994779 0.9979383 0.04030293 0.05038571 0.9985241 -0.02027177 -1.91053e-4 1 4.83581e-4 8.76506e-4 0.9999995 -5.91357e-4 5.3479e-4 0.9999971 0.002352178 -1.04518e-5 1 -1.97165e-5 3.27047e-4 0.9999967 0.002565503 -2.29566e-4 0.9999946 0.003267228 0.04355913 0.968216 0.2462939 4.61113e-5 0.9999997 9.01912e-4 0.1415368 0.9887015 0.04936301 -7.85736e-4 0.9999945 0.003251016 0.06965136 0.997371 -0.01999837 0.001996934 0.9999965 0.001743018 -7.21107e-4 0.9999998 -3.11635e-4 0.02475732 0.9996584 0.008386909 0.06958234 0.9973645 -0.02055418 -8.02112e-4 0.9999994 7.71986e-4 -2.82124e-5 0.9999999 -6.34354e-4 3.49337e-4 0.9999991 -0.001341164 -0.002644181 0.9999943 0.00213027 0.2116779 0.9773395 -3.75864e-4 0.07331049 0.9246708 -0.3736438 -2.6601e-5 0.9999986 -0.001742005 -7.16946e-4 0.9999989 0.001351237 -1.6403e-4 1 -2.08318e-4 0.03101098 0.9988873 0.03553408 -0.0270555 0.9995433 0.01346701 -1.75213e-4 1 -2.17076e-4 8.39874e-6 0.9999998 6.0891e-4 -0.001058578 0.9999964 0.002454757 0.003463029 0.999994 2.67153e-4 -0.02851307 0.9995934 3.27319e-4 0 1 0 -0.004288554 0.9994932 -0.03154361 -0.7525274 0.4268631 0.5014882 -0.3426495 -0.2575032 0.9034842 0.1611831 0.3784273 0.9114893 0.7077157 0.5440879 0.4506738 0.9057724 -0.4184692 0.06678259 0.8798474 0.342756 -0.3292218 0.5418823 0.300117 -0.7850437 0.1164694 -0.2574875 -0.9592368 -0.3382585 0.3001419 -0.8919059 -0.723264 -0.2575246 -0.6407577 -0.8992429 0.4119038 -0.1473012 -0.7083727 -0.4139543 -0.5717079 0.06809633 -0.4139275 -0.9077594 0.7834162 -0.3177791 -0.534112 0.5065523 -0.5380677 0.6737121 -0.2833564 -0.4139515 0.8650742 -0.8231526 -0.51297 0.2434781 -0.8427821 0.5057955 0.1840903 -0.4313835 0.4243614 0.7961317 0.1164676 -0.2575424 0.9592222 0.5680688 0 0.8229811 0.846287 0.3505599 0.4011312 0.8238342 -0.5659533 -0.03153163 0.7653166 0.5522312 -0.330653 0.2301586 0.4263412 -0.8747915 -0.3426433 -0.2575561 -0.9034713 -0.7253102 0.3808783 -0.5734605 -0.7631112 -0.6283124 -0.1512771 -0.3615409 -0.4139596 -0.8354195 0.4453643 -0.5332447 -0.7192363 0.6238169 -0.3063949 0.7190096 0.05595576 0 0.9984334 -0.6013858 -0.5449875 0.5842292 -0.3546066 0 0.9350156 0.1611879 0.3783704 0.9115121 0.7588104 0.4369186 0.4830209 0.8755513 0.3017041 -0.377339 0.2001618 0.3117589 -0.928839 -0.8947434 0.27362 -0.3529397 -0.8233743 -0.5548741 -0.1190366 -0.4299567 -0.244782 -0.8690333 0.8255459 -0.2938665 -0.4817847 0.90107 -0.2516223 0.3532125 0.4755914 -0.3773488 0.7946199 -0.2322303 -0.3177863 0.9192829 -0.788912 0 0.6145063 0.05992031 0.9975091 0.03721821 0.04123944 0.9989453 -0.0201919 0.04764068 0.9976054 -0.05013883 0.06186395 0.9976742 0.02862006 0.1628862 0.9767602 0.1393123 -5.9827e-5 0.9999771 -0.006764709 0.002349436 0.9994463 -0.03319191 0.027377 0.9985882 -0.04552197 2.55335e-4 0.999985 0.005477845 0.07677572 0.9942683 -0.07440423 -4.82679e-4 0.9999883 -0.004823446 1.66615e-4 0.999987 0.00510466 -0.02071303 0.998719 0.04616647 -0.01857811 0.9989134 -0.0427438 -0.0673058 0.9975882 0.01696103 -0.04013758 0.999143 0.01012396 -0.06094264 0.9974005 -0.0384494 -0.0892834 0.9938513 -0.06548345 0.06356161 0.9975693 -0.02855473 0.05623888 0.9983564 -0.01103645 -0.04061627 0.9956065 0.08436959 0.04666775 0.997522 0.05265074 -0.02747189 0.9995306 0.01355969 0.1007942 0.9949074 -1.54336e-4 2.04508e-5 0.9999884 0.004829168 0.03027456 -0.3724828 0.9275452 -0.0226013 0.2780762 0.9602931 0.2161551 0.2374951 0.9470338 0.6028435 -0.1123486 0.7899098 0.2127522 0.2930533 -0.9321247 0.5661994 -0.2526079 -0.7846067 -0.01008909 -0.218757 -0.9757272 -0.01753669 -0.3485752 -0.9371168 -0.5743242 0.2609047 -0.7759386 -0.8769971 0.4784972 0.04377937 -0.5398911 0.6257225 0.5630178 -0.2476137 -0.4756085 0.8440877 -0.6674048 -0.6535236 0.3570404 -0.8468406 -0.4284195 -0.3151476 -0.00325495 -0.9999939 -0.00131601 -0.003742337 -0.99997 -0.006785333 0 1 0 -7.22698e-4 -0.9999997 -6.12207e-4 2.68602e-4 -0.999997 -0.002426862 0 1 1.37504e-7 -0.003427743 -0.9999926 0.001786589 -0.004331588 -0.9999895 -0.001499414 6.31355e-4 -0.9999934 0.003590404 0 -1 -1.9506e-7 0 -1 0 -8.31297e-4 -0.9999971 0.002307713 -0.2821359 -0.9261193 -0.2504045 -6.28055e-4 -0.9999975 0.002177655 0 -1 0 0 -1 -1.34214e-7 0.1810702 -0.9710087 -0.1560633 -0.001535654 -0.9999975 0.001646876 -0.2052647 -0.9138239 -0.3504177 0.01379305 -0.9682254 0.2496982 0 -1 0 0 -1 1.71091e-7 -8.23175e-4 -0.9999997 6.62225e-5 -3.88406e-4 -0.9999865 -0.005192995 0.06869941 -0.997574 0.01125335 0 -1 0 0 -1 5.13097e-7 -0.00278759 -0.9999741 -0.006647109 -6.60165e-4 -0.999998 0.001950442 0.06673675 -0.9977442 0.007265269 0 -1 0 0 -1 0 1.82389e-6 -1 -2.77309e-5 0.07194763 -0.9973934 -0.00549072 0.02083849 -0.9813872 -0.1909062 7.17172e-4 0.9999915 0.0040555 0 -1 0 0 -1 0 0 -1 0 0.284703 -0.7597385 0.5845868 -0.1552086 -0.8547298 -0.4953256 -0.001089692 -0.9999876 0.004879176 -0.05068582 -0.9832632 0.1749983 0 -1 0 0 -1 0 0 -1 0 6.19071e-4 -0.9999932 0.003668189 0.001906096 -0.9999967 -0.001772522 -0.1939767 -0.9751359 0.107159 0.1132507 -0.904339 -0.4115159 0 1 0 0 0 -1 0.1961072 0 0.9805825 0.6182186 -0.2185521 0.7550105 0.8895299 -0.152841 0.4305536 0.9553682 0.2935299 -0.03334695 0.6550276 -0.6609894 -0.3661037 0.5968186 0.1973038 -0.7777395 0.1992061 -0.4172071 -0.8867103 0.2802293 0 -0.9599332 0.7052004 -0.6004011 -0.3771087 0.792408 -0.5403814 0.2829797 0.6150003 -0.164474 0.7711828 0.2207365 -0.1264039 0.9671078 0 0 1 -0.205375 0 -0.9786834 -0.618048 -0.3392639 -0.7091662 -0.8661457 0.2713581 -0.4197102 -0.8423896 -0.538388 0.02276617 -0.8472733 0.2357867 0.4759545 -0.4658039 -0.6169384 0.634361 -0.1953178 -0.1333109 0.9716374 -0.2225215 0 0.9749278 -0.6602427 -0.1610622 0.7335793 -0.8007287 -0.5980717 0.03382158 -0.5930651 -0.5361886 -0.600646 -0.2216437 -0.08872151 -0.9710832 -1.46121e-5 0.9999821 0.00599277 6.23086e-7 0.9999999 -5.75727e-4 3.19165e-5 1 2.30654e-4 1.3802e-5 0.9999977 -0.002199232 -7.81166e-4 0.9999592 0.009003758 -4.74356e-5 1 -6.66532e-5 -0.00408107 0.9999916 -6.20573e-4 0.03902399 0.9937993 0.1041156 0.04606908 0.9970931 0.06068855 0.003084957 0.9999919 0.002619862 0.6744199 0.7368946 0.04630589 -0.670137 0.7414874 -0.03335928 0.5102976 0.8061445 -0.2995458 -0.5073112 0.8062881 0.3041955 0.6344196 -0.12924 -0.7621082 0.8533134 -0.168806 -0.4933163 0.9898881 -0.12687 0.06344681 0.8990427 -0.04343998 0.4357007 0.7896356 -0.3821151 0.4800664 0.5427106 -0.2529141 0.8009368 0.7033002 -0.06137353 0.7082387 0.9192776 -0.1303715 0.3713921 0.9829086 -0.1830486 -0.01959466 0.8672147 -0.1536195 -0.4736454 0.6234464 -0.1209076 -0.7724611 2.94997e-4 -0.1126094 -0.9936393 -2.10774e-5 -0.3457805 -0.9383155 -1.28798e-4 -0.3438214 -0.9390351 2.11254e-4 -0.1110021 -0.9938201 -0.6048628 -0.1237221 0.78666 -0.8786863 -0.1804928 0.4419649 -0.9889412 -0.1479364 -0.01050001 -0.880599 -0.1422156 -0.452018 -0.5814651 -0.1007941 -0.8073034 -0.673654 -0.1642528 -0.7205632 -0.9077418 -0.1050181 -0.4061725 -0.9848846 -0.1673554 -0.04466217 -0.8527542 -0.1320209 0.5053522 -0.622673 -0.1357768 0.7706121 -2.42668e-4 -0.1113834 0.9937775 -2.2072e-5 -0.3455662 0.9383944 3.91226e-5 -0.3466543 0.937993 -1.91177e-4 -0.1103981 0.9938875 0.277337 -0.2023949 -0.9392128 0.4412299 -0.1176908 -0.8896433 0.1698837 -0.3456993 -0.9228389 0.2047927 -0.8085724 -0.5516073 0.1849271 -0.7816452 -0.5956785 0.3088554 -0.8806398 0.3592798 0.5384448 -0.800638 0.2627855 0.6386587 -0.7694456 0.008295238 0.5555965 -0.781754 -0.2831486 0.3555132 -0.8097531 -0.4668088 0.3598972 -0.819157 -0.4466049 0.5192966 -0.8027367 -0.2931636 0.6037039 -0.7967794 -0.02616184 0.5825819 -0.7690312 0.2630388 0.2456246 -0.1504496 0.9576187 0.3509092 -0.2963144 0.8882908 0.367379 -0.3053705 0.8785111 0.1777167 -0.824656 0.536991 0.2306789 -0.7871255 0.572032 -2.19944e-7 -0.7952019 -0.6063448 -0.3528783 -0.1347789 -0.9259112 -0.2082778 -0.3188809 -0.9246271 -0.3122691 -0.1620859 -0.9360642 -6.08036e-6 -0.7953406 -0.6061629 -0.1780161 -0.822839 -0.5396723 -0.2335802 -0.7847576 -0.5741044 -0.3782933 -0.8000985 -0.4655497 -0.5451308 -0.7948666 -0.2664952 -0.6456949 -0.7631447 -0.02623951 -0.57179 -0.7723559 0.2766273 -0.3730199 -0.8005102 0.4690837 -0.393314 -0.8443369 0.3638675 -0.5204208 -0.8017782 0.2937924 -0.5985124 -0.8006908 0.0260263 -0.5771636 -0.7759295 -0.2545891 -0.3984174 -0.7910475 -0.4642279 5.97373e-7 -1 -2.37253e-5 0 -1 6.66988e-5 -4.65278e-7 -1 7.2232e-6 0 -1 -1.00173e-4 -0.02689802 -0.9996383 2.20798e-4 0.03138774 -0.9993259 0.01904225 0.02912175 -0.9995757 -6.60316e-4 -0.02789115 -0.9994632 -0.01719152 -0.2848867 -0.2089387 0.9355128 -0.439141 -0.1331581 0.8884955 -0.1908212 -0.3229542 0.9269778 -0.1550109 -0.803838 0.5742963 -0.1804959 -0.8442729 0.5046034 -1.16212e-5 -0.7941024 0.607784 -3.41716e-5 -0.7935643 0.6084863</float_array>
          <technique_common>
            <accessor source="#shape0_004-mesh-normals-array" count="503" stride="3">
              <param name="X" type="float"/>
              <param name="Y" type="float"/>
              <param name="Z" type="float"/>
            </accessor>
          </technique_common>
        </source>
        <source id="shape0_004-mesh-map-0">
          <float_array id="shape0_004-mesh-map-0-array" count="3132">0 0 0 0 0 0 0 0 0 0 0 0 0 0 0 0 0 0 0 0 0 0 0 0 0 0 0 0 0 0 0 0 0 0 0 0 0 0 0 0 0 0 0 0 0 0 0 0 0 0 0 0 0 0 0 0 0 0 0 0 0 0 0 0 0 0 0 0 0 0 0 0 0 0 0 0 0 0 0 0 0 0 0 0 0 0 0 0 0 0 0 0 0 0 0 0 0 0 0 0 0 0 0 0 0 0 0 0 0 0 0 0 0 0 0 0 0 0 0 0 0 0 0 0 0 0 0 0 0 0 0 0 0 0 0 0 0 0 0 0 0 0 0 0 0 0 0 0 0 0 0 0 0 0 0 0 0 0 0 0 0 0 0 0 0 0 0 0 0 0 0 0 0 0 0 0 0 0 0 0 0 0 0 0 0 0 0 0 0 0 0 0 0 0 0 0 0 0 0 0 0 0 0 0 0 0 0 0 0 0 0 0 0 0 0 0 0 0 0 0 0 0 0 0 0 0 0 0 0 0 0 0 0 0 0 0 0 0 0 0 0 0 0 0 0 0 0 0 0 0 0 0 0 0 0 0 0 0 0 0 0 0 0 0 0 0 0 0 0 0 0 0 0 0 0 0 0 0 0 0 0 0 0 0 0 0 0 0 0 0 0 0 0 0 0 0 0 0 0 0 0 0 0 0 0 0 0 0 0 0 0 0 0 0 0 0 0 0 0 0 0 0 0 0 0 0 0 0 0 0 0 0 0 0 0 0 0 0 0 0 0 0 0 0 0 0 0 0 0 0 0 0 0 0 0 0 0 0 0 0 0 0 0 0 0 0 0 0 0 0 0 0 0 0 0 0 0 0 0 0 0 0 0 0 0 0 0 0 0 0 0 0 0 0 0 0 0 0 0 0 0 0 0 0 0 0 0 0 0 0 0 0 0 0 0 0 0 0 0 0 0 0 0 0 0 0 0 0 0 0 0 0 0 0 0 0 0 0 0 0 0 0 0 0 0 0 0 0 0 0 0 0 0 0 0 0 0 0 0 0 0 0 0 0 0 0 0 0 0 0 0 0 0 0 0 0 0 0 0 0 0 0 0 0 0 0 0 0 0 0 0 0 0 0 0 0 0 0 0 0 0 0 0 0 0 0 0 0 0 0 0 0 0 0 0 0 0 0 0 0 0 0 0 0 0 0 0 0 0 0 0 0 0 0 0 0 0 0 0 0 0 0 0 0 0 0 0 0 0 0 0 0 0 0 0 0 0 0 0 0 0 0 0 0 0 0 0 0 0 0 0 0 0 0 0 0 0 0 0 0 0 0 0 0 0 0 0 0 0 0 0 0 0 0 0 0 0 0 0 0 0 0 0 0 0 0 0 0 0 0 0 0 0 0 0 0 0 0 0 0 0 0 0 0 0 0 0 0 0 0 0 0 0 0 0 0 0 0 0 0 0 0 0 0 0 0 0 0 0 0 0 0 0 0 0 0 0 0 0 0 0 0 0 0 0 0 0 0 0 0 0 0 0 0 0 0 0 0 0 0 0 0 0 0 0 0 0 0 0 0 0 0 0 0 0 0 0 0 0 0 0 0 0 0 0 0 0 0 0 0 0 0 0 0 0 0 0 0 0 0 0 0 0 0 0 0 0 0 0 0 0 0 0 0 0 0 0 0 0 0 0 0 0 0 0 0 0 0 0 0 0 0 0 0 0 0 0 0 0 0 0 0 0 0 0 0 0 0 0 0 0 0 0 0 0 0 0 0 0 0 0 0 0 0 0 0 0 0 0 0 0 0 0 0 0 0 0 0 0 0 0 0 0 0 0 0 0 0 0 0 0 0 0 0 0 0 0 0 0 0 0 0 0 0 0 0 0 0 0 0 0 0 0 0 0 0 0 0 0 0 0 0 0 0 0 0 0 0 0 0 0 0 0 0 0 0 0 0 0 0 0 0 0 0 0 0 0 0 0 0 0 0 0 0 0 0 0 0 0 0 0 0 0 0 0 0 0 0 0 0 0 0 0 0 0 0 0 0 0 0 0 0 0 0 0 0 0 0 0 0 0 0 0 0 0 0 0 0 0 0 0 0 0 0 0 0 0 0 0 0 0 0 0 0 0 0 0 0 0 0 0 0 0 0 0 0 0 0 0 0 0 0 0 0 0 0 0 0 0 0 0 0 0 0 0 0 0 0 0 0 0 0 0 0 0 0 0 0 0 0 0 0 0 0 0 0 0 0 0 0 0 0 0 0 0 0 0 0 0 0 0 0 0 0 0 0 0 0 0 0 0 0 0 0 0 0 0 0 0 0 0 0 0 0 0 0 0 0 0 0 0 0 0 0 0 0 0 0 0 0 0 0 0 0 0 0 0 0 0 0 0 0 0 0 0 0 0 0 0 0 0 0 0 0 0 0 0 0 0 0 0 0 0 0 0 0 0 0 0 0 0 0 0 0 0 0 0 0 0 0 0 0 0 0 0 0 0 0 0 0 0 0 0 0 0 0 0 0 0 0 0 0 0 0 0 0 0 0 0 0 0 0 0 0 0 0 0 0 0 0 0 0 0 0 0 0 0 0 0 0 0 0 0 0 0 0 0 0 0 0 0 0 0 0 0 0 0 0 0 0 0 0 0 0 0 0 0 0 0 0 0 0 0 0 0 0 0 0 0 0 0 0 0 0 0 0 0 0 0 0 0 0 0 0 0 0 0 0 0 0 0 0 0 0 0 0 0 0 0 0 0 0 0 0 0 0 0 0 0 0 0 0 0 0 0 0 0 0 0 0 0 0 0 0 0 0 0 0 0 0 0 0 0 0 0 0 0 0 0 0 0 0 0 0 0 0 0 0 0 0 0 0 0 0 0 0 0 0 0 0 0 0 0 0 0 0 0 0 0 0 0 0 0 0 0 0 0 0 0 0 0 0 0 0 0 0 0 0 0 0 0 0 0 0 0 0 0 0 0 0 0 0 0 0 0 0 0 0 0 0 0 0 0 0 0 0 0 0 0 0 0 0 0 0 0 0 0 0 0 0 0 0 0 0 0 0 0 0 0 0 0 0 0 0 0 0 0 0 0 0 0 0 0 0 0 0 0 0 0 0 0 0 0 0 0 0 0 0 0 0 0 0 0 0 0 0 0 0 0 0 0 0 0 0 0 0 0 0 0 0 0 0 0 0 0 0 0 0 0 0 0 0 0 0 0 0 0 0 0 0 0 0 0 0 0 0 0 0 0 0 0 0 0 0 0 0 0 0 0 0 0 0 0 0 0 0 0 0 0 0 0 0 0 0 0 0 0 0 0 0 0 0 0 0 0 0 0 0 0 0 0 0 0 0 0 0 0 0 0 0 0 0 0 0 0 0 0 0 0 0 0 0 0 0 0 0 0 0 0 0 0 0 0 0 0 0 0 0 0 0 0 0 0 0 0 0 0 0 0 0 0 0 0 0 0 0 0 0 0 0 0 0 0 0 0 0 0 0 0 0 0 0 0 0 0 0 0 0 0 0 0 0 0 0 0 0 0 0 0 0 0 0 0 0 0 0 0 0 0 0 0 0 0 0 0 0 0 0 0 0 0 0 0 0 0 0 0 0 0 0 0 0 0 0 0 0 0 0 0 0 0 0 0 0 0 0 0 0 0 0 0 0 0 0 0 0 0 0 0 0 0 0 0 0 0 0 0 0 0 0 0 0 0 0 0 0 0 0 0 0 0 0 0 0 0 0 0 0 0 0 0 0 0 0 0 0 0 0 0 0 0 0 0 0 0 0 0 0 0 0 0 0 0 0 0 0 0 0 0 0 0 0 0 0 0 0 0 0 0 0 0 0 0 0 0 0 0 0 0 0 0 0 0 0 0 0 0 0 0 0 0 0 0 0 0 0 0 0 0 0 0 0 0 0 0 0 0 0 0 0 0 0 0 0 0 0 0 0 0 0 0 0 0 0 0 0 0 0 0 0 0 0 0 0 0 0 0 0 0 0 0 0 0 0 0 0 0 0 0 0 0 0 0 0 0 0 0 0 0 0 0 0 0 0 0 0 0 0 0 0 0 0 0 0 0 0 0 0 0 0 0 0 0 0 0 0 0 0 0 0 0 0 0 0 0 0 0 0 0 0 0 0 0 0 0 0 0 0 0 0 0 0 0 0 0 0 0 0 0 0 0 0 0 0 0 0 0 0 0 0 0 0 0 0 0 0 0 0 0 0 0 0 0 0 0 0 0 0 0 0 0 0 0 0 0 0 0 0 0 0 0 0 0 0 0 0 0 0 0 0 0 0 0 0 0 0 0 0 0 0 0 0 0 0 0 0 0 0 0 0 0 0 0 0 0 0 0 0 0 0 0 0 0 0 0 0 0 0 0 0 0 0 0 0 0 0 0 0 0 0 0 0 0 0 0 0 0 0 0 0 0 0 0 0 0 0 0 0 0 0 0 0 0 0 0 0 0 0 0 0 0 0 0 0 0 0 0 0 0 0 0 0 0 0 0 0 0 0 0 0 0 0 0 0 0 0 0 0 0 0 0 0 0 0 0 0 0 0 0 0 0 0 0 0 0 0 0 0 0 0 0 0 0 0 0 0 0 0 0 0 0 0 0 0 0 0 0 0 0 0 0 0 0 0 0 0 0 0 0 0 0 0 0 0 0 0 0 0 0 0 0 0 0 0 0 0 0 0 0 0 0 0 0 0 0 0 0 0 0 0 0 0 0 0 0 0 0 0 0 0 0 0 0 0 0 0 0 0 0 0 0 0 0 0 0 0 0 0 0 0 0 0 0 0 0 0 0 0 0 0 0 0 0 0 0 0 0 0 0 0 0 0 0 0 0 0 0 0 0 0 0 0 0 0 0 0 0 0 0 0 0 0 0 0 0 0 0 0 0 0 0 0 0 0 0 0 0 0 0 0 0 0 0 0 0 0 0 0 0 0 0 0 0 0 0 0 0 0 0 0 0 0 0 0 0 0 0 0 0 0 0 0 0 0 0 0 0 0 0 0 0 0 0 0 0 0 0 0 0 0 0 0 0 0 0 0 0 0 0 0 0 0 0 0 0 0 0 0 0 0 0 0 0 0 0 0 0 0 0 0 0 0 0 0 0 0 0 0 0 0 0 0 0 0 0 0 0 0 0 0 0 0 0 0 0 0 0 0 0 0 0 0 0 0 0 0 0 0 0 0 0 0 0 0 0 0 0 0 0 0 0 0 0 0 0 0 0 0 0 0 0 0 0 0 0 0 0 0 0 0 0 0 0 0 0 0 0 0 0 0 0 0 0 0 0 0 0 0 0 0 0 0 0 0 0 0 0 0 0 0 0 0 0 0 0 0 0 0 0 0 0 0 0 0 0 0 0 0 0 0 0 0 0 0 0 0 0 0 0 0 0 0 0 0 0 0 0 0 0 0 0 0 0 0 0 0 0 0 0 0 0 0 0 0 0 0 0 0 0 0 0 0 0 0 0 0 0 0 0 0 0 0 0 0 0 0 0 0 0 0 0 0 0 0 0 0 0 0 0 0 0 0 0 0 0 0 0 0 0 0 0 0 0 0 0 0 0 0 0 0 0 0 0 0 0 0 0 0 0 0 0 0 0 0 0 0 0 0 0 0 0 0 0 0 0 0 0 0 0 0 0 0 0 0 0 0 0 0 0 0 0 0 0 0 0 0 0 0 0 0 0 0 0 0 0 0 0 0 0 0 0 0 0 0 0 0 0 0 0 0 0 0 0 0 0 0 0 0 0 0 0 0 0 0 0 0 0 0 0 0 0 0 0 0 0 0 0 0 0 0 0 0 0 0 0 0 0 0 0 0 0 0 0 0 0 0 0 0 0 0 0 0 0 0 0 0 0 0 0 0 0 0 0 0 0 0 0 0 0 0 0 0 0 0 0 0 0 0 0 0 0 0 0 0 0 0 0 0 0 0 0 0 0 0 0 0 0 0 0 0 0 0 0 0 0 0 0 0 0 0 0 0 0 0 0 0 0 0 0 0 0 0 0 0 0 0 0 0 0 0 0 0 0 0 0 0 0 0 0 0 0 0 0 0 0 0 0 0 0 0 0 0 0 0 0 0 0 0 0 0 0 0 0 0 0 0 0 0 0 0 0 0 0 0 0 0 0 0 0 0 0 0 0 0 0 0 0 0 0 0 0 0 0 0 0 0 0 0 0 0 0 0 0 0 0 0 0 0 0 0 0 0 0 0 0 0 0 0 0 0 0 0 0 0 0 0 0 0 0 0 0 0 0 0 0 0 0 0 0 0 0 0 0 0 0 0 0 0 0 0 0 0 0 0 0 0 0 0 0 0 0 0 0 0 0 0 0 0 0 0 0 0 0 0 0 0 0 0 0 0 0 0 0 0 0 0 0 0 0 0 0 0 0 0 0 0 0 0 0 0 0 0 0 0 0 0 0 0 0 0 0 0 0 0 0 0 0 0 0 0 0 0 0 0 0 0 0 0 0 0 0 0 0 0 0 0 0 0 0 0 0 0 0 0 0 0 0 0 0 0 0 0 0 0 0 0 0 0 0 0 0 0 0 0 0 0 0 0 0 0 0 0 0 0 0 0 0 0 0 0 0 0 0 0 0 0 0 0 0 0 0 0 0 0 0 0 0 0 0 0 0 0 0 0 0 0 0 0 0 0 0 0 0 0 0 0 0 0 0 0 0 0 0 0 0 0 0 0 0 0 0 0 0 0 0 0 0 0 0 0 0 0 0 0 0 0 0 0 0 0 0 0 0 0 0 0 0 0 0 0 0 0 0 0 0 0 0 0 0 0 0 0 0 0 0 0 0 0 0 0 0 0 0 0 0 0 0 0 0 0 0 0 0 0 0 0 0 0 0 0 0 0 0 0 0 0 0 0 0 0 0 0 0 0 0 0 0 0 0 0 0 0 0 0 0 0 0 0 0 0 0 0 0 0 0 0 0 0 0 0 0 0 0 0 0 0 0 0 0 0 0 0 0 0 0 0 0 0 0 0 0 0 0 0 0 0 0 0 0 0 0 0 0 0 0 0 0 0 0 0 0 0 0 0 0 0 0 0 0 0 0 0 0 0 0 0 0 0 0 0 0 0</float_array>
          <technique_common>
            <accessor source="#shape0_004-mesh-map-0-array" count="1566" stride="2">
              <param name="S" type="float"/>
              <param name="T" type="float"/>
            </accessor>
          </technique_common>
        </source>
        <vertices id="shape0_004-mesh-vertices">
          <input semantic="POSITION" source="#shape0_004-mesh-positions"/>
        </vertices>
        <triangles count="522">
          <input semantic="VERTEX" source="#shape0_004-mesh-vertices" offset="0"/>
          <input semantic="NORMAL" source="#shape0_004-mesh-normals" offset="1"/>
          <input semantic="TEXCOORD" source="#shape0_004-mesh-map-0" offset="2" set="0"/>
          <p>3 0 0 0 0 1 85 0 2 2 1 3 3 1 4 85 1 5 1 2 6 53 2 7 2 2 8 3 3 9 17 3 10 0 3 11 5 4 12 57 4 13 4 4 14 6 5 15 74 5 16 20 5 17 6 6 18 7 6 19 74 6 20 20 7 21 38 7 22 6 7 23 10 8 24 13 8 25 8 8 26 11 9 27 8 9 28 48 9 29 9 10 30 48 10 31 8 10 32 13 11 33 10 11 34 12 11 35 14 12 36 69 12 37 13 12 38 13 13 39 12 13 40 14 13 41 69 14 42 14 14 43 15 14 44 16 15 45 52 15 46 70 15 47 52 16 48 16 16 49 18 16 50 83 17 51 70 17 52 69 17 53 70 18 54 83 18 55 16 18 56 17 19 57 57 19 58 19 19 59 19 20 60 57 20 61 5 20 62 18 21 63 19 21 64 5 21 65 19 22 66 0 22 67 17 22 68 53 23 69 1 23 70 19 23 71 19 24 72 1 24 73 0 24 74 53 25 75 19 25 76 20 25 77 20 26 78 74 26 79 53 26 80 22 27 81 62 27 82 38 27 83 38 28 84 21 28 85 22 28 86 62 29 87 22 29 88 23 29 89 24 30 90 40 30 91 61 30 92 79 31 93 61 31 94 62 31 95 61 32 96 79 32 97 24 32 98 25 33 99 30 33 100 40 33 101 24 34 102 25 34 103 40 34 104 29 35 105 26 35 106 27 35 107 28 36 108 30 36 109 29 36 110 31 37 111 11 37 112 26 37 113 11 38 114 43 38 115 26 38 116 31 39 117 29 40 118 25 39 119 25 41 120 11 41 121 31 41 122 26 42 123 29 42 124 31 42 125 27 43 126 28 43 127 29 43 128 43 44 129 11 44 130 37 44 131 37 45 132 34 45 133 43 45 134 48 46 135 33 46 136 11 46 137 35 37 138 11 37 139 33 37 140 11 47 141 36 47 142 37 47 143 34 48 144 32 48 145 43 48 146 33 49 147 37 49 148 35 49 149 37 50 150 33 50 151 34 50 152 35 51 153 36 51 154 11 51 155 29 52 156 30 52 157 25 52 158 62 53 159 23 53 160 79 53 161 38 54 162 20 54 163 21 54 164 69 55 165 15 55 166 83 55 167 11 56 168 10 56 169 8 56 170 5 57 171 52 57 172 18 57 173 85 58 174 1 58 175 2 58 176 7 59 177 6 59 178 39 59 179 42 60 180 28 60 181 27 60 182 55 61 183 3 61 184 2 61 185 2 62 186 54 62 187 55 62 188 65 63 189 30 63 190 28 63 191 28 64 192 42 64 193 65 64 194 27 65 195 26 65 196 41 65 197 41 66 198 42 66 199 27 66 200 41 67 201 26 67 202 43 67 203 32 68 204 45 68 205 44 68 206 43 69 207 32 69 208 44 69 209 34 70 210 47 70 211 45 70 212 45 71 213 32 71 214 34 71 215 42 72 216 41 72 217 44 72 218 44 73 219 47 73 220 42 73 221 44 74 222 41 74 223 43 74 224 45 75 225 47 75 226 44 75 227 34 76 228 33 76 229 46 76 230 47 77 231 34 77 232 46 77 233 46 78 234 33 78 235 48 78 236 9 79 237 50 79 238 49 79 239 9 80 240 49 80 241 48 80 242 9 81 243 8 81 244 50 81 245 53 82 246 54 82 247 2 82 248 56 83 249 3 83 250 55 83 251 56 84 252 17 84 253 3 84 254 17 85 255 56 85 256 57 85 257 58 86 258 4 86 259 57 86 260 60 87 261 51 87 262 58 87 263 5 88 264 4 88 265 58 88 266 58 89 267 51 89 268 5 89 269 60 90 270 58 90 271 59 90 272 62 91 273 61 91 274 63 91 275 38 92 276 62 92 277 64 92 278 61 93 279 40 93 280 66 93 281 66 94 282 63 94 283 61 94 284 64 95 285 67 95 286 38 95 287 63 96 288 64 96 289 62 96 290 40 97 291 65 97 292 66 97 293 40 98 294 30 98 295 65 98 296 39 99 297 38 99 298 67 99 299 39 100 300 6 100 301 38 100 302 13 101 303 50 101 304 8 101 305 50 102 306 13 102 307 68 102 308 69 103 309 70 103 310 71 103 311 13 104 312 69 104 313 72 104 314 70 105 315 52 105 316 73 105 317 73 106 318 71 106 319 70 106 320 72 107 321 68 107 322 13 107 323 71 108 324 72 108 325 69 108 326 52 109 327 51 109 328 73 109 329 52 110 330 5 110 331 51 110 332 75 111 333 74 111 334 7 111 335 7 112 336 39 112 337 75 112 338 77 113 339 76 113 340 75 113 341 75 114 342 39 114 343 77 114 344 54 115 345 53 115 346 76 115 347 76 116 348 77 116 349 54 116 350 74 117 351 75 117 352 76 117 353 76 118 354 53 118 355 74 118 356 19 119 357 84 119 358 78 119 359 78 120 360 20 120 361 19 120 362 78 121 363 204 121 364 20 121 365 204 122 366 21 122 367 20 122 368 22 123 369 208 123 370 213 123 371 23 124 372 213 124 373 79 124 374 215 125 375 207 125 376 24 125 377 22 126 378 21 126 379 204 126 380 204 127 381 208 127 382 22 127 383 215 128 384 24 128 385 79 128 386 213 129 387 23 129 388 22 129 389 25 130 390 24 130 391 207 130 392 207 131 393 80 131 394 25 131 395 11 132 396 25 132 397 80 132 398 11 133 399 80 133 400 81 133 401 81 134 402 82 134 403 10 134 404 10 135 405 11 135 406 81 135 407 82 136 408 12 136 409 10 136 410 14 137 411 205 137 412 209 137 413 15 138 414 209 138 415 83 138 416 212 139 417 210 139 418 16 139 419 14 140 420 12 140 421 82 140 422 82 141 423 205 141 424 14 141 425 212 142 426 16 142 427 83 142 428 209 143 429 15 143 430 14 143 431 18 144 432 16 144 433 210 144 434 210 145 435 84 145 436 18 145 437 84 146 438 19 146 439 18 146 440 0 147 441 1 147 442 85 147 443 36 148 444 35 148 445 86 148 446 37 149 447 36 149 448 86 149 449 86 150 450 35 150 451 37 150 452 59 151 453 56 151 454 90 151 455 56 152 456 55 152 457 87 152 458 57 153 459 56 153 460 59 153 461 90 154 462 60 154 463 59 154 464 87 155 465 90 155 466 56 155 467 59 156 468 58 156 469 57 156 470 90 157 471 87 157 472 88 157 473 88 158 474 89 158 475 90 158 476 93 159 477 87 159 478 92 159 479 94 160 480 93 160 481 92 160 482 91 161 483 108 161 484 100 161 485 98 162 486 49 162 487 50 162 488 51 163 489 60 163 490 99 163 491 51 164 492 99 164 493 104 164 494 49 165 495 100 165 496 105 165 497 49 166 498 98 166 499 100 166 500 118 167 501 101 167 502 68 167 503 104 168 504 73 168 505 51 168 506 102 169 507 99 169 508 60 169 509 98 170 510 102 170 511 100 170 512 101 171 513 50 171 514 68 171 515 90 172 516 91 172 517 60 172 518 50 173 519 101 173 520 98 173 521 72 174 522 103 174 523 118 174 524 103 175 525 72 175 526 71 175 527 71 176 528 73 176 529 104 176 530 91 177 531 102 177 532 60 177 533 104 178 534 103 178 535 71 178 536 102 179 537 91 179 538 100 179 539 118 180 540 68 180 541 72 180 542 46 181 543 105 181 544 106 181 545 106 182 546 47 182 547 46 182 548 46 183 549 48 183 550 49 183 551 105 184 552 107 184 553 106 184 554 105 185 555 46 185 556 49 185 557 105 186 558 100 186 559 108 186 560 105 187 561 108 187 562 107 187 563 107 188 564 110 188 565 106 188 566 112 189 567 111 189 568 103 189 569 113 190 570 112 190 571 104 190 572 114 191 573 113 191 574 99 191 575 115 192 576 114 192 577 99 192 578 116 193 579 115 193 580 102 193 581 117 194 582 116 194 583 101 194 584 118 195 585 103 195 586 111 195 587 101 196 588 118 196 589 117 196 590 98 197 591 101 197 592 116 197 593 102 198 594 98 198 595 116 198 596 99 199 597 102 199 598 115 199 599 104 200 600 99 200 601 113 200 602 103 201 603 104 201 604 112 201 605 66 202 606 65 202 607 164 202 608 138 203 609 42 203 610 121 203 611 138 204 612 164 204 613 65 204 614 63 205 615 119 205 616 136 205 617 164 206 618 119 206 619 66 206 620 138 207 621 65 207 622 42 207 623 125 208 624 55 208 625 54 208 626 119 209 627 63 209 628 66 209 629 120 210 630 97 210 631 96 210 632 124 211 633 123 211 634 137 211 635 96 212 636 127 212 637 120 212 638 109 213 639 97 213 640 120 213 641 54 214 642 130 214 643 125 214 644 125 215 645 92 215 646 55 215 647 42 216 648 122 216 649 121 216 650 137 217 651 122 217 652 124 217 653 42 218 654 47 218 655 124 218 656 120 219 657 124 219 658 47 219 659 47 220 660 106 220 661 109 220 662 122 221 663 42 221 664 124 221 665 125 222 666 94 222 667 92 222 668 39 223 669 128 223 670 126 223 671 95 224 672 94 224 673 125 224 674 126 225 675 77 225 676 39 225 677 67 226 678 64 226 679 129 226 680 47 227 681 109 227 682 120 227 683 95 228 684 125 228 685 127 228 686 131 229 687 134 229 688 132 229 689 77 230 690 133 230 691 134 230 692 135 231 693 133 231 694 77 231 695 128 232 696 39 232 697 67 232 698 127 233 699 96 233 700 95 233 701 92 234 702 87 234 703 55 234 704 134 235 705 131 235 706 130 235 707 132 236 708 123 236 709 131 236 710 134 237 711 54 237 712 77 237 713 77 238 714 126 238 715 157 238 716 157 239 717 135 239 718 77 239 719 129 240 720 128 240 721 67 240 722 130 241 723 54 241 724 134 241 725 136 242 726 129 242 727 64 242 728 64 243 729 63 243 730 136 243 731 121 244 732 135 244 733 157 244 734 123 245 735 132 245 736 137 245 737 157 246 738 138 246 739 121 246 740 140 247 741 139 247 742 125 247 743 189 248 744 140 248 745 125 248 746 141 249 747 189 249 748 130 249 749 142 250 750 141 250 751 131 250 752 131 251 753 123 251 754 142 251 755 143 252 756 142 252 757 123 252 758 144 253 759 143 253 760 124 253 761 145 254 762 144 254 763 124 254 764 146 255 765 145 255 766 120 255 767 147 256 768 146 256 769 120 256 770 139 257 771 147 257 772 127 257 773 120 258 774 127 258 775 147 258 776 124 259 777 120 259 778 145 259 779 123 260 780 124 260 781 143 260 782 130 261 783 131 261 784 141 261 785 125 262 786 130 262 787 189 262 788 127 263 789 125 263 790 139 263 791 148 264 792 156 264 793 132 264 794 149 265 795 148 265 796 134 265 797 150 266 798 149 266 799 134 266 800 151 267 801 150 267 802 133 267 803 152 268 804 151 268 805 135 268 806 152 269 807 135 269 808 121 269 809 153 270 810 152 270 811 121 270 812 154 271 813 153 271 814 122 271 815 155 272 816 154 272 817 122 272 818 156 273 819 155 273 820 137 273 821 137 274 822 132 274 823 156 274 824 122 275 825 137 275 826 155 275 827 121 276 828 122 276 829 153 276 830 133 277 831 135 277 832 151 277 833 134 278 834 133 278 835 150 278 836 132 279 837 134 279 838 148 279 839 160 280 840 159 280 841 126 280 842 161 281 843 160 281 844 128 281 845 162 282 846 161 282 847 129 282 848 163 283 849 162 283 850 136 283 851 164 284 852 163 284 853 119 284 854 158 285 855 165 285 856 138 285 857 138 286 858 157 286 859 158 286 860 164 287 861 138 287 862 165 287 863 136 288 864 119 288 865 163 288 866 129 289 867 136 289 868 162 289 869 128 290 870 129 290 871 161 290 872 126 291 873 128 291 874 160 291 875 157 292 876 126 292 877 159 292 878 176 293 879 96 293 880 97 293 881 97 294 882 109 294 883 176 294 884 176 295 885 175 295 886 96 295 887 176 296 888 106 296 889 110 296 890 176 297 891 109 297 892 106 297 893 107 298 894 166 298 895 169 298 896 180 299 897 107 299 898 108 299 899 180 300 900 166 300 901 107 300 902 89 301 903 88 301 904 168 301 905 174 302 906 93 302 907 94 302 908 169 303 909 110 303 910 107 303 911 168 304 912 167 304 913 89 304 914 174 305 915 168 305 916 88 305 917 110 306 918 169 306 919 176 306 920 108 307 921 170 307 922 180 307 923 108 308 924 91 308 925 170 308 926 171 309 927 90 309 928 89 309 929 91 310 930 90 310 931 171 310 932 88 311 933 87 311 934 174 311 935 94 312 936 95 312 937 174 312 938 87 313 939 93 313 940 174 313 941 95 314 942 175 314 943 174 314 944 171 315 945 170 315 946 91 315 947 175 316 948 95 316 949 96 316 950 167 317 951 171 317 952 89 317 953 167 318 954 168 318 955 172 318 956 172 319 957 183 319 958 167 319 959 173 320 960 172 320 961 168 320 962 174 321 963 173 321 964 168 321 965 178 322 966 177 322 967 169 322 968 176 323 969 169 323 970 177 323 971 169 324 972 166 324 973 179 324 974 179 325 975 178 325 976 169 325 977 180 326 978 179 326 979 166 326 980 182 327 981 181 327 982 170 327 983 183 328 984 182 328 985 171 328 986 171 329 987 167 329 988 183 329 989 170 330 990 171 330 991 182 330 992 180 331 993 170 331 994 181 331 995 152 332 996 165 332 997 158 332 998 158 333 999 151 333 1000 152 333 1001 187 334 1002 155 334 1003 156 334 1004 187 335 1005 165 335 1006 153 335 1007 185 336 1008 161 336 1009 162 336 1010 187 337 1011 154 337 1012 155 337 1013 188 338 1014 184 338 1015 162 338 1016 162 339 1017 184 339 1018 185 339 1019 153 340 1020 154 340 1021 187 340 1022 158 341 1023 150 341 1024 151 341 1025 149 342 1026 159 342 1027 160 342 1028 152 343 1029 153 343 1030 165 343 1031 187 344 1032 164 344 1033 165 344 1034 187 345 1035 188 345 1036 163 345 1037 161 346 1038 185 346 1039 186 346 1040 186 347 1041 189 347 1042 149 347 1043 186 346 1044 160 346 1045 161 346 1046 189 346 1047 148 346 1048 149 346 1049 163 348 1050 164 348 1051 187 348 1052 160 346 1053 186 346 1054 149 346 1055 159 346 1056 149 346 1057 150 346 1058 162 349 1059 163 349 1060 188 349 1061 150 350 1062 158 350 1063 157 350 1064 150 351 1065 157 351 1066 159 351 1067 189 352 1068 156 352 1069 148 352 1070 189 353 1071 186 353 1072 190 353 1073 181 354 1074 182 354 1075 115 354 1076 182 355 1077 114 355 1078 115 355 1079 175 356 1080 147 356 1081 139 356 1082 192 357 1083 183 357 1084 172 357 1085 192 346 1086 112 346 1087 113 346 1088 193 358 1089 146 358 1090 178 358 1091 187 359 1092 189 359 1093 142 359 1094 115 360 1095 116 360 1096 181 360 1097 113 346 1098 183 346 1099 192 346 1100 175 361 1101 176 361 1102 147 361 1103 181 362 1104 194 362 1105 193 362 1106 178 363 1107 179 363 1108 193 363 1109 146 346 1110 147 346 1111 177 346 1112 182 364 1113 183 364 1114 114 364 1115 172 346 1116 189 346 1117 192 346 1118 139 365 1119 174 365 1120 175 365 1121 193 366 1122 179 366 1123 180 366 1124 177 346 1125 178 346 1126 146 346 1127 189 367 1128 141 367 1129 142 367 1130 195 368 1131 194 368 1132 117 368 1133 183 369 1134 113 369 1135 114 369 1136 172 370 1137 140 370 1138 189 370 1139 139 371 1140 173 371 1141 174 371 1142 117 372 1143 118 372 1144 195 372 1145 194 373 1146 181 373 1147 116 373 1148 193 374 1149 180 374 1150 181 374 1151 193 375 1152 187 375 1153 145 375 1154 187 376 1155 143 376 1156 144 376 1157 140 377 1158 172 377 1159 173 377 1160 145 346 1161 146 346 1162 193 346 1163 142 378 1164 143 378 1165 187 378 1166 116 379 1167 117 379 1168 194 379 1169 173 346 1170 139 346 1171 140 346 1172 144 346 1173 145 346 1174 187 346 1175 118 380 1176 111 380 1177 195 380 1178 196 346 1179 111 346 1180 112 346 1181 196 346 1182 195 346 1183 111 346 1184 112 346 1185 192 346 1186 196 346 1187 176 381 1188 177 381 1189 147 381 1190 191 346 1191 192 346 1192 189 346 1193 190 346 1194 191 346 1195 189 346 1196 156 382 1197 189 382 1198 187 382 1199 197 383 1200 198 383 1201 187 383 1202 187 383 1203 193 383 1204 197 383 1205 244 384 1206 199 384 1207 190 384 1208 245 385 1209 244 385 1210 186 385 1211 246 386 1212 245 386 1213 185 386 1214 247 387 1215 246 387 1216 184 387 1217 248 388 1218 247 388 1219 184 388 1220 249 389 1221 248 389 1222 188 389 1223 198 390 1224 249 390 1225 188 390 1226 188 391 1227 187 391 1228 198 391 1229 184 392 1230 188 392 1231 248 392 1232 185 393 1233 184 393 1234 246 393 1235 186 394 1236 185 394 1237 245 394 1238 190 395 1239 186 395 1240 244 395 1241 191 396 1242 199 396 1243 200 396 1244 191 396 1245 190 396 1246 199 396 1247 240 397 1248 197 397 1249 193 397 1250 233 398 1251 240 398 1252 194 398 1253 234 399 1254 233 399 1255 195 399 1256 235 400 1257 234 400 1258 195 400 1259 236 401 1260 235 401 1261 196 401 1262 231 402 1263 236 402 1264 196 402 1265 200 403 1266 231 403 1267 192 403 1268 192 404 1269 191 404 1270 200 404 1271 196 405 1272 192 405 1273 231 405 1274 195 406 1275 196 406 1276 235 406 1277 194 407 1278 195 407 1279 233 407 1280 193 408 1281 194 408 1282 240 408 1283 80 409 1284 203 409 1285 201 409 1286 202 410 1287 78 410 1288 84 410 1289 201 411 1290 81 411 1291 80 411 1292 84 412 1293 206 412 1294 202 412 1295 82 413 1296 81 413 1297 201 413 1298 204 414 1299 78 414 1300 202 414 1301 203 415 1302 80 415 1303 207 415 1304 82 416 1305 201 416 1306 217 416 1307 82 417 1308 217 417 1309 205 417 1310 206 418 1311 84 418 1312 210 418 1313 211 419 1314 83 419 1315 209 419 1316 214 420 1317 79 420 1318 213 420 1319 212 421 1320 83 421 1321 211 421 1322 215 422 1323 79 422 1324 214 422 1325 212 423 1326 221 423 1327 229 423 1328 212 424 1329 211 424 1330 220 424 1331 211 425 1332 209 425 1333 219 425 1334 209 426 1335 205 426 1336 216 426 1337 219 427 1338 216 427 1339 218 427 1340 216 428 1341 217 428 1342 218 428 1343 217 429 1344 216 429 1345 205 429 1346 216 430 1347 219 430 1348 209 430 1349 219 431 1350 220 431 1351 211 431 1352 220 432 1353 221 432 1354 212 432 1355 229 433 1356 210 433 1357 212 433 1358 241 434 1359 202 434 1360 206 434 1361 228 435 1362 230 435 1363 242 435 1364 242 436 1365 241 436 1366 228 436 1367 206 437 1368 228 437 1369 241 437 1370 215 438 1371 226 438 1372 222 438 1373 214 439 1374 225 439 1375 226 439 1376 213 440 1377 224 440 1378 225 440 1379 208 441 1380 223 441 1381 224 441 1382 208 442 1383 204 442 1384 227 442 1385 227 443 1386 223 443 1387 208 443 1388 224 444 1389 213 444 1390 208 444 1391 225 445 1392 214 445 1393 213 445 1394 226 446 1395 215 446 1396 214 446 1397 222 447 1398 207 447 1399 215 447 1400 237 448 1401 201 448 1402 203 448 1403 237 449 1404 251 449 1405 252 449 1406 252 450 1407 238 450 1408 237 450 1409 203 451 1410 251 451 1411 237 451 1412 229 452 1413 228 452 1414 206 452 1415 206 453 1416 210 453 1417 229 453 1418 229 454 1419 230 454 1420 228 454 1421 231 455 1422 232 455 1423 229 455 1424 230 456 1425 229 456 1426 232 456 1427 218 457 1428 240 457 1429 233 457 1430 218 458 1431 233 458 1432 234 458 1433 220 459 1434 219 459 1435 234 459 1436 221 460 1437 220 460 1438 235 460 1439 221 461 1440 236 461 1441 231 461 1442 231 462 1443 229 462 1444 221 462 1445 235 463 1446 236 463 1447 221 463 1448 234 464 1449 235 464 1450 220 464 1451 234 465 1452 219 465 1453 218 465 1454 201 466 1455 237 466 1456 217 466 1457 217 467 1458 237 467 1459 238 467 1460 238 468 1461 218 468 1462 217 468 1463 238 469 1464 239 469 1465 240 469 1466 240 470 1467 218 470 1468 238 470 1469 232 471 1470 242 471 1471 230 471 1472 227 472 1473 204 472 1474 202 472 1475 227 473 1476 241 473 1477 242 473 1478 202 474 1479 241 474 1480 227 474 1481 242 475 1482 232 475 1483 243 475 1484 242 476 1485 243 476 1486 244 476 1487 244 477 1488 227 477 1489 242 477 1490 227 478 1491 244 478 1492 245 478 1493 223 479 1494 245 479 1495 246 479 1496 225 480 1497 224 480 1498 246 480 1499 226 481 1500 225 481 1501 247 481 1502 226 482 1503 248 482 1504 249 482 1505 249 483 1506 222 483 1507 226 483 1508 247 484 1509 248 484 1510 226 484 1511 246 485 1512 247 485 1513 225 485 1514 246 486 1515 224 486 1516 223 486 1517 245 487 1518 223 487 1519 227 487 1520 197 488 1521 239 488 1522 250 488 1523 200 489 1524 199 489 1525 232 489 1526 199 490 1527 243 490 1528 232 490 1529 250 491 1530 198 491 1531 197 491 1532 239 492 1533 197 492 1534 240 492 1535 249 493 1536 198 493 1537 250 493 1538 243 494 1539 199 494 1540 244 494 1541 231 495 1542 200 495 1543 232 495 1544 203 496 1545 222 496 1546 251 496 1547 203 497 1548 207 497 1549 222 497 1550 222 498 1551 252 498 1552 251 498 1553 252 499 1554 222 499 1555 250 499 1556 222 500 1557 249 500 1558 250 500 1559 250 501 1560 239 501 1561 238 501 1562 238 502 1563 252 502 1564 250 502 1565</p>
        </triangles>
      </mesh>
    </geometry>
  </library_geometries>
  <library_visual_scenes>
    <visual_scene id="Scene" name="Scene">
      <node id="node" name="node" type="NODE">
        <matrix sid="transform">0 -7.54979e-9 0.1 0 0.1 0 0 0 0 0.1 7.54979e-9 0 0 0 0 1</matrix>
        <instance_geometry url="#shape0_001-mesh" name="node"/>
      </node>
      <node id="node_001" name="node.001" type="NODE">
        <matrix sid="transform">0 -7.54979e-9 0.1 0 0.1 0 0 0 0 0.1 7.54979e-9 0 0 0 0 1</matrix>
        <instance_geometry url="#shape0_002-mesh" name="node.001"/>
      </node>
      <node id="node_002" name="node.002" type="NODE">
        <matrix sid="transform">0 -7.54979e-9 0.1 0 0.1 0 0 0 0 0.1 7.54979e-9 0 0 0 0 1</matrix>
        <instance_geometry url="#shape0_003-mesh" name="node.002"/>
      </node>
      <node id="node_003" name="node.003" type="NODE">
        <matrix sid="transform">0 -7.54979e-9 0.1 0 0.1 0 0 0 0 0.1 7.54979e-9 0 0 0 0 1</matrix>
        <instance_geometry url="#shape0_004-mesh" name="node.003"/>
      </node>
    </visual_scene>
  </library_visual_scenes>
  <scene>
    <instance_visual_scene url="#Scene"/>
  </scene>
</COLLADA>